{"type":"FeatureCollection","features":[{"type":"Feature","properties":{"name":null},"geometry":{"type":"Polygon","coordinates":[[[-79.549458,8.958234],[-79.549365,8.958234],[-79.549365,8.957992],[-79.549458,8.957992],[-79.549458,8.958234]]]}},{"type":"Feature","properties":{"name":"Instituto Oncológico Nacional"},"geometry":{"type":"Polygon","coordinates":[[[-79.545564,8.95947],[-79.545956,8.959725],[-79.545611,8.960244],[-79.545218,8.959989],[-79.545564,8.95947]]]}},{"type":"Feature","properties":{"name":"Basílica Metropolitana Santa María la Antigua"},"geometry":{"type":"Polygon","coordinates":[[[-79.535642,8.952492],[-79.53515,8.952453],[-79.5351,8.952449],[-79.535083,8.952447],[-79.535078,8.95251],[-79.535095,8.952511],[-79.53508,8.952693],[-79.535063,8.952692],[-79.535057,8.952757],[-79.535075,8.952759],[-79.535125,8.952763],[-79.535374,8.952782],[-79.535372,8.952809],[-79.535525,8.952821],[-79.535524,8.952836],[-79.535585,8.952841],[-79.535613,8.952843],[-79.535616,8.952802],[-79.53562,8.952758],[-79.535623,8.952712],[-79.535632,8.952606],[-79.535642,8.952492]]]}},{"type":"Feature","properties":{"name":"Teatro Nacional"},"geometry":{"type":"Polygon","coordinates":[[[-79.533274,8.952686],[-79.533346,8.952691],[-79.53337,8.952392],[-79.533272,8.952384],[-79.533282,8.952247],[-79.533034,8.952228],[-79.533023,8.952365],[-79.532918,8.952357],[-79.532894,8.952657],[-79.532949,8.952661],[-79.532927,8.952933],[-79.532975,8.952936],[-79.533206,8.952954],[-79.533252,8.952958],[-79.533274,8.952686]]]}},{"type":"Feature","properties":{"name":"Mercado del Mariscos"},"geometry":{"type":"Polygon","coordinates":[[[-79.537715,8.958941],[-79.537743,8.958825],[-79.537683,8.958811],[-79.537434,8.958752],[-79.537414,8.958748],[-79.537338,8.959062],[-79.537607,8.959126],[-79.537667,8.95914],[-79.537715,8.958941]]]}},{"type":"Feature","properties":{"name":"Iglesia de San José [Altar de Oro]"},"geometry":{"type":"Polygon","coordinates":[[[-79.53606,8.951553],[-79.536089,8.951556],[-79.536097,8.951475],[-79.536108,8.951361],[-79.536114,8.951307],[-79.536122,8.951226],[-79.536055,8.951219],[-79.536004,8.951214],[-79.535927,8.951206],[-79.535897,8.951501],[-79.535894,8.951537],[-79.535936,8.951541],[-79.535994,8.951547],[-79.53606,8.951553]]]}},{"type":"Feature","properties":{"name":"Iglesia San Francisco de Asís"},"geometry":{"type":"Polygon","coordinates":[[[-79.532785,8.953056],[-79.53213,8.95299],[-79.532116,8.953124],[-79.532244,8.953137],[-79.532632,8.953175],[-79.532619,8.953307],[-79.532776,8.953323],[-79.532851,8.95333],[-79.532886,8.953334],[-79.53295,8.95334],[-79.533163,8.953361],[-79.533161,8.953386],[-79.533228,8.953393],[-79.533236,8.953309],[-79.533247,8.953204],[-79.533255,8.953122],[-79.533172,8.953113],[-79.532975,8.953094],[-79.532876,8.953084],[-79.532784,8.953075],[-79.532785,8.953056]]]}},{"type":"Feature","properties":{"name":null},"geometry":{"type":"Polygon","coordinates":[[[-79.542953,8.949178],[-79.54303,8.949152],[-79.543086,8.949317],[-79.543008,8.949343],[-79.542405,8.94954],[-79.542423,8.949595],[-79.542378,8.949609],[-79.542333,8.949624],[-79.542314,8.94957],[-79.541704,8.94977],[-79.541649,8.949605],[-79.541825,8.949547],[-79.542307,8.949389],[-79.542784,8.949233],[-79.542953,8.949178]]]}},{"type":"Feature","properties":{"name":"Iglesia Alcance Victoria"},"geometry":{"type":"Polygon","coordinates":[[[-79.535528,8.96459],[-79.535662,8.964351],[-79.535785,8.964132],[-79.535572,8.964015],[-79.535323,8.964459],[-79.535315,8.964473],[-79.535528,8.96459]]]}},{"type":"Feature","properties":{"name":null},"geometry":{"type":"Polygon","coordinates":[[[-79.5422,8.951581],[-79.541879,8.951717],[-79.541957,8.951895],[-79.542277,8.95176],[-79.5422,8.951581]]]}},{"type":"Feature","properties":{"name":"Centro del Partido Revolución Democratico"},"geometry":{"type":"Polygon","coordinates":[[[-79.536042,8.964057],[-79.536162,8.963847],[-79.536291,8.963622],[-79.536515,8.963748],[-79.536266,8.964183],[-79.536042,8.964057]]]}},{"type":"Feature","properties":{"name":null},"geometry":{"type":"Polygon","coordinates":[[[-79.542785,8.957265],[-79.542639,8.957458],[-79.54262,8.957443],[-79.542511,8.957587],[-79.542532,8.957603],[-79.542388,8.957794],[-79.542535,8.957902],[-79.542647,8.957753],[-79.542591,8.957712],[-79.542622,8.95767],[-79.542681,8.957713],[-79.542744,8.957631],[-79.54279,8.95757],[-79.542731,8.957525],[-79.542762,8.957484],[-79.542818,8.957525],[-79.542932,8.957373],[-79.542785,8.957265]]]}},{"type":"Feature","properties":{"name":null},"geometry":{"type":"Polygon","coordinates":[[[-79.539227,8.951464],[-79.539194,8.951183],[-79.539264,8.951175],[-79.539276,8.951276],[-79.539289,8.951275],[-79.539278,8.951174],[-79.539352,8.951165],[-79.539385,8.951446],[-79.53931,8.951455],[-79.539299,8.951357],[-79.539285,8.951358],[-79.539296,8.951456],[-79.539227,8.951464]]]}},{"type":"Feature","properties":{"name":null},"geometry":{"type":"Polygon","coordinates":[[[-79.537375,8.950859],[-79.53786,8.95081],[-79.537876,8.950985],[-79.537389,8.951033],[-79.537375,8.950859]]]}},{"type":"Feature","properties":{"name":null},"geometry":{"type":"Polygon","coordinates":[[[-79.555914,8.943854],[-79.555926,8.943903],[-79.555922,8.943953],[-79.555903,8.943999],[-79.55587,8.944038],[-79.555826,8.944064],[-79.555777,8.944076],[-79.55572,8.944071],[-79.555669,8.944047],[-79.55563,8.944007],[-79.555606,8.943956],[-79.555602,8.9439],[-79.555617,8.943846],[-79.555649,8.943801],[-79.555696,8.943769],[-79.555751,8.943755],[-79.555802,8.943759],[-79.555849,8.943778],[-79.555888,8.943811],[-79.555914,8.943854]]]}},{"type":"Feature","properties":{"name":null},"geometry":{"type":"Polygon","coordinates":[[[-79.556083,8.942845],[-79.556088,8.942896],[-79.556074,8.942944],[-79.556045,8.942985],[-79.556003,8.943013],[-79.555953,8.943026],[-79.555908,8.943023],[-79.555865,8.943005],[-79.555831,8.942976],[-79.555807,8.942937],[-79.555796,8.942893],[-79.555799,8.942848],[-79.555817,8.942806],[-79.555847,8.942772],[-79.555886,8.942748],[-79.55593,8.942738],[-79.555981,8.942742],[-79.556027,8.942764],[-79.556062,8.9428],[-79.556083,8.942845]]]}},{"type":"Feature","properties":{"name":"Radisson Hotel Panama Canal"},"geometry":{"type":"Polygon","coordinates":[[[-79.555998,8.941416],[-79.555812,8.941264],[-79.555824,8.941248],[-79.555752,8.941189],[-79.55571,8.94124],[-79.555691,8.941263],[-79.55561,8.941196],[-79.555625,8.941177],[-79.55567,8.941124],[-79.555585,8.941054],[-79.555571,8.941071],[-79.55538,8.940916],[-79.555405,8.940887],[-79.555375,8.940863],[-79.555492,8.940723],[-79.55552,8.940747],[-79.555527,8.940739],[-79.555659,8.940847],[-79.555668,8.940836],[-79.556017,8.941119],[-79.55601,8.941128],[-79.556295,8.94136],[-79.556268,8.941391],[-79.556304,8.94142],[-79.556253,8.94148],[-79.556151,8.941397],[-79.556108,8.941448],[-79.556027,8.941381],[-79.555998,8.941416]]]}},{"type":"Feature","properties":{"name":"TGI Friday's"},"geometry":{"type":"Polygon","coordinates":[[[-79.555596,8.940757],[-79.555551,8.940721],[-79.555544,8.94073],[-79.555511,8.940703],[-79.555518,8.940695],[-79.555502,8.940682],[-79.555578,8.94059],[-79.555605,8.940611],[-79.555689,8.940679],[-79.555644,8.940733],[-79.555627,8.940719],[-79.555596,8.940757]]]}},{"type":"Feature","properties":{"name":null},"geometry":{"type":"Polygon","coordinates":[[[-79.538749,8.962436],[-79.538979,8.962273],[-79.539178,8.962132],[-79.539392,8.96198],[-79.53944,8.962046],[-79.539595,8.96226],[-79.539079,8.962625],[-79.538951,8.962715],[-79.538856,8.962583],[-79.53883,8.962548],[-79.538806,8.962514],[-79.538749,8.962436]]]}},{"type":"Feature","properties":{"name":null},"geometry":{"type":"Polygon","coordinates":[[[-79.538419,8.950881],[-79.538268,8.950886],[-79.538266,8.950847],[-79.538265,8.950813],[-79.538298,8.950812],[-79.538291,8.950605],[-79.538156,8.950609],[-79.538165,8.950848],[-79.538054,8.950851],[-79.538053,8.950825],[-79.538042,8.950515],[-79.538405,8.950502],[-79.538419,8.950881]]]}},{"type":"Feature","properties":{"name":null},"geometry":{"type":"Polygon","coordinates":[[[-79.537811,8.960997],[-79.537801,8.960983],[-79.53782,8.960923],[-79.537833,8.960914],[-79.537824,8.960902],[-79.537997,8.960778],[-79.538003,8.960787],[-79.538017,8.960777],[-79.538068,8.960788],[-79.538079,8.960803],[-79.538088,8.960796],[-79.538147,8.960876],[-79.538138,8.960882],[-79.538148,8.960895],[-79.538143,8.960949],[-79.538129,8.960959],[-79.538137,8.96097],[-79.537963,8.961092],[-79.537956,8.961082],[-79.537944,8.96109],[-79.537877,8.96109],[-79.537868,8.961077],[-79.53786,8.961083],[-79.537801,8.961004],[-79.537811,8.960997]]]}},{"type":"Feature","properties":{"name":null},"geometry":{"type":"Polygon","coordinates":[[[-79.535359,8.965244],[-79.535074,8.965087],[-79.535186,8.964888],[-79.535472,8.965045],[-79.535359,8.965244]]]}},{"type":"Feature","properties":{"name":null},"geometry":{"type":"Polygon","coordinates":[[[-79.5357,8.965656],[-79.536303,8.965989],[-79.536174,8.966216],[-79.535915,8.966073],[-79.535797,8.966281],[-79.535789,8.966296],[-79.535445,8.966105],[-79.5357,8.965656]]]}},{"type":"Feature","properties":{"name":"Fermin Chan S.A."},"geometry":{"type":"Polygon","coordinates":[[[-79.537043,8.962827],[-79.536905,8.963063],[-79.536498,8.962832],[-79.536516,8.9628],[-79.536635,8.962595],[-79.53702,8.962814],[-79.537043,8.962827]]]}},{"type":"Feature","properties":{"name":"Iglesia de Santa Ana"},"geometry":{"type":"Polygon","coordinates":[[[-79.539134,8.954101],[-79.539119,8.954013],[-79.539101,8.953909],[-79.539239,8.953886],[-79.539503,8.953842],[-79.539536,8.954034],[-79.539134,8.954101]]]}},{"type":"Feature","properties":{"name":"Luxes Iluminación S.A."},"geometry":{"type":"Polygon","coordinates":[[[-79.535818,8.963178],[-79.535951,8.962944],[-79.536042,8.962994],[-79.535908,8.963228],[-79.535818,8.963178]]]}},{"type":"Feature","properties":{"name":null},"geometry":{"type":"Polygon","coordinates":[[[-79.538957,8.957238],[-79.538721,8.956725],[-79.539018,8.956672],[-79.539066,8.956878],[-79.539048,8.956881],[-79.539131,8.957154],[-79.538957,8.957238]]]}},{"type":"Feature","properties":{"name":"Edificio Azteca"},"geometry":{"type":"Polygon","coordinates":[[[-79.535999,8.964539],[-79.535862,8.96446],[-79.535876,8.964437],[-79.535903,8.964452],[-79.535958,8.964358],[-79.535739,8.964234],[-79.535803,8.964125],[-79.536132,8.964312],[-79.535999,8.964539]]]}},{"type":"Feature","properties":{"name":"Plaza del Parque De Santa Ana"},"geometry":{"type":"Polygon","coordinates":[[[-79.538854,8.953945],[-79.538845,8.953934],[-79.538839,8.953921],[-79.538837,8.953906],[-79.53884,8.953892],[-79.538846,8.953879],[-79.538856,8.953868],[-79.538868,8.95386],[-79.538882,8.953855],[-79.538896,8.953855],[-79.538911,8.953858],[-79.538925,8.953867],[-79.538936,8.95388],[-79.538943,8.953896],[-79.538944,8.953912],[-79.53894,8.953929],[-79.538931,8.953943],[-79.538917,8.953953],[-79.538901,8.953959],[-79.538884,8.95396],[-79.538868,8.953955],[-79.538854,8.953945]]]}},{"type":"Feature","properties":{"name":null},"geometry":{"type":"Polygon","coordinates":[[[-79.554279,8.962411],[-79.554137,8.962421],[-79.554117,8.962239],[-79.554267,8.962229],[-79.554279,8.962411]]]}},{"type":"Feature","properties":{"name":null},"geometry":{"type":"Polygon","coordinates":[[[-79.554045,8.962641],[-79.553782,8.962619],[-79.553809,8.962348],[-79.553942,8.962353],[-79.553934,8.962437],[-79.554064,8.96245],[-79.554045,8.962641]]]}},{"type":"Feature","properties":{"name":null},"geometry":{"type":"Polygon","coordinates":[[[-79.556239,8.951415],[-79.555897,8.95155],[-79.555851,8.951436],[-79.55589,8.95142],[-79.555871,8.951375],[-79.55602,8.951316],[-79.555998,8.951261],[-79.556233,8.951169],[-79.556309,8.951357],[-79.556228,8.951389],[-79.556239,8.951415]]]}},{"type":"Feature","properties":{"name":null},"geometry":{"type":"Polygon","coordinates":[[[-79.554483,8.950849],[-79.554516,8.950707],[-79.55458,8.950721],[-79.554572,8.950754],[-79.55461,8.950762],[-79.554617,8.950736],[-79.554706,8.950756],[-79.5547,8.950783],[-79.554803,8.950806],[-79.554777,8.950916],[-79.554483,8.950849]]]}},{"type":"Feature","properties":{"name":null},"geometry":{"type":"Polygon","coordinates":[[[-79.554807,8.950749],[-79.55451,8.950688],[-79.554454,8.950929],[-79.554482,8.950935],[-79.554463,8.951017],[-79.554316,8.950983],[-79.554391,8.950661],[-79.554374,8.950657],[-79.554389,8.95059],[-79.554531,8.95058],[-79.554837,8.950645],[-79.554807,8.950749]]]}},{"type":"Feature","properties":{"name":null},"geometry":{"type":"Polygon","coordinates":[[[-79.554629,8.949942],[-79.554618,8.949738],[-79.554784,8.94973],[-79.55479,8.949839],[-79.554984,8.949765],[-79.555043,8.949919],[-79.554981,8.949942],[-79.554993,8.949972],[-79.554868,8.950019],[-79.554856,8.94999],[-79.554778,8.950019],[-79.554746,8.949936],[-79.554629,8.949942]]]}},{"type":"Feature","properties":{"name":null},"geometry":{"type":"Polygon","coordinates":[[[-79.554291,8.950454],[-79.554281,8.950276],[-79.554381,8.95027],[-79.55439,8.950449],[-79.554291,8.950454]]]}},{"type":"Feature","properties":{"name":null},"geometry":{"type":"Polygon","coordinates":[[[-79.555748,8.948041],[-79.555689,8.947885],[-79.555861,8.947822],[-79.55592,8.947979],[-79.555748,8.948041]]]}},{"type":"Feature","properties":{"name":null},"geometry":{"type":"Polygon","coordinates":[[[-79.555253,8.948909],[-79.555247,8.948783],[-79.555463,8.948772],[-79.555469,8.948898],[-79.555253,8.948909]]]}},{"type":"Feature","properties":{"name":null},"geometry":{"type":"Polygon","coordinates":[[[-79.55316,8.950201],[-79.553078,8.950098],[-79.553259,8.949957],[-79.553341,8.95006],[-79.55316,8.950201]]]}},{"type":"Feature","properties":{"name":null},"geometry":{"type":"Polygon","coordinates":[[[-79.555552,8.949472],[-79.555409,8.949479],[-79.555402,8.949357],[-79.555545,8.94935],[-79.555552,8.949472]]]}},{"type":"Feature","properties":{"name":null},"geometry":{"type":"Polygon","coordinates":[[[-79.555346,8.950708],[-79.555481,8.950659],[-79.555631,8.950606],[-79.555683,8.950748],[-79.555399,8.95085],[-79.555346,8.950708]]]}},{"type":"Feature","properties":{"name":null},"geometry":{"type":"Polygon","coordinates":[[[-79.553681,8.949754],[-79.55361,8.949664],[-79.553777,8.949535],[-79.553848,8.949624],[-79.553681,8.949754]]]}},{"type":"Feature","properties":{"name":null},"geometry":{"type":"Polygon","coordinates":[[[-79.552681,8.950808],[-79.552623,8.950853],[-79.552556,8.950769],[-79.552614,8.950724],[-79.552681,8.950808]]]}},{"type":"Feature","properties":{"name":null},"geometry":{"type":"Polygon","coordinates":[[[-79.555118,8.950328],[-79.555056,8.950161],[-79.555149,8.950127],[-79.555211,8.950294],[-79.555118,8.950328]]]}},{"type":"Feature","properties":{"name":null},"geometry":{"type":"Polygon","coordinates":[[[-79.551855,8.948362],[-79.551648,8.948522],[-79.551478,8.948307],[-79.551684,8.948147],[-79.551855,8.948362]]]}},{"type":"Feature","properties":{"name":null},"geometry":{"type":"Polygon","coordinates":[[[-79.554613,8.948604],[-79.554382,8.948616],[-79.554376,8.948493],[-79.554606,8.948481],[-79.554613,8.948604]]]}},{"type":"Feature","properties":{"name":null},"geometry":{"type":"Polygon","coordinates":[[[-79.552635,8.949171],[-79.552509,8.949013],[-79.552707,8.948859],[-79.552833,8.949017],[-79.552635,8.949171]]]}},{"type":"Feature","properties":{"name":null},"geometry":{"type":"Polygon","coordinates":[[[-79.554675,8.950434],[-79.554659,8.950269],[-79.554756,8.95026],[-79.554772,8.950425],[-79.554675,8.950434]]]}},{"type":"Feature","properties":{"name":null},"geometry":{"type":"Polygon","coordinates":[[[-79.552168,8.948034],[-79.552045,8.947879],[-79.552193,8.947763],[-79.552317,8.947919],[-79.552168,8.948034]]]}},{"type":"Feature","properties":{"name":null},"geometry":{"type":"Polygon","coordinates":[[[-79.552924,8.950426],[-79.55284,8.95032],[-79.55303,8.950172],[-79.553114,8.950278],[-79.552924,8.950426]]]}},{"type":"Feature","properties":{"name":null},"geometry":{"type":"Polygon","coordinates":[[[-79.555075,8.949533],[-79.555069,8.949419],[-79.555265,8.949409],[-79.555271,8.949522],[-79.555075,8.949533]]]}},{"type":"Feature","properties":{"name":null},"geometry":{"type":"Polygon","coordinates":[[[-79.551622,8.948639],[-79.551454,8.948769],[-79.551209,8.948461],[-79.551377,8.94833],[-79.551622,8.948639]]]}},{"type":"Feature","properties":{"name":null},"geometry":{"type":"Polygon","coordinates":[[[-79.555538,8.949935],[-79.555704,8.949754],[-79.555868,8.949901],[-79.555702,8.950082],[-79.555538,8.949935]]]}},{"type":"Feature","properties":{"name":null},"geometry":{"type":"Polygon","coordinates":[[[-79.554939,8.950396],[-79.554875,8.950225],[-79.554968,8.950191],[-79.555031,8.950363],[-79.554939,8.950396]]]}},{"type":"Feature","properties":{"name":null},"geometry":{"type":"Polygon","coordinates":[[[-79.552131,8.948198],[-79.551932,8.948353],[-79.551745,8.948119],[-79.551945,8.947964],[-79.552131,8.948198]]]}},{"type":"Feature","properties":{"name":null},"geometry":{"type":"Polygon","coordinates":[[[-79.552785,8.950063],[-79.552657,8.950163],[-79.552528,8.950001],[-79.552657,8.949902],[-79.552785,8.950063]]]}},{"type":"Feature","properties":{"name":null},"geometry":{"type":"Polygon","coordinates":[[[-79.554246,8.949884],[-79.554567,8.949868],[-79.554577,8.950059],[-79.554256,8.950076],[-79.554246,8.949884]]]}},{"type":"Feature","properties":{"name":null},"geometry":{"type":"Polygon","coordinates":[[[-79.553882,8.949272],[-79.553874,8.949114],[-79.55411,8.949102],[-79.554118,8.94926],[-79.553882,8.949272]]]}},{"type":"Feature","properties":{"name":null},"geometry":{"type":"Polygon","coordinates":[[[-79.553714,8.949302],[-79.553577,8.94913],[-79.553665,8.949062],[-79.553802,8.949234],[-79.553714,8.949302]]]}},{"type":"Feature","properties":{"name":null},"geometry":{"type":"Polygon","coordinates":[[[-79.552691,8.950781],[-79.552583,8.950645],[-79.552704,8.950552],[-79.552812,8.950688],[-79.552691,8.950781]]]}},{"type":"Feature","properties":{"name":null},"geometry":{"type":"Polygon","coordinates":[[[-79.554283,8.949246],[-79.554277,8.949125],[-79.554498,8.949113],[-79.554504,8.949235],[-79.554283,8.949246]]]}},{"type":"Feature","properties":{"name":null},"geometry":{"type":"Polygon","coordinates":[[[-79.555158,8.949749],[-79.555365,8.949738],[-79.555373,8.949889],[-79.555166,8.949899],[-79.555158,8.949749]]]}},{"type":"Feature","properties":{"name":null},"geometry":{"type":"Polygon","coordinates":[[[-79.553937,8.948991],[-79.553929,8.948842],[-79.554061,8.948835],[-79.554068,8.948984],[-79.553937,8.948991]]]}},{"type":"Feature","properties":{"name":null},"geometry":{"type":"Polygon","coordinates":[[[-79.55568,8.951199],[-79.555585,8.950961],[-79.55592,8.95083],[-79.556016,8.951068],[-79.55568,8.951199]]]}},{"type":"Feature","properties":{"name":null},"geometry":{"type":"Polygon","coordinates":[[[-79.552927,8.948913],[-79.552807,8.948763],[-79.552893,8.948696],[-79.553013,8.948846],[-79.552927,8.948913]]]}},{"type":"Feature","properties":{"name":null},"geometry":{"type":"Polygon","coordinates":[[[-79.55386,8.948531],[-79.553733,8.948372],[-79.553814,8.948309],[-79.553941,8.948468],[-79.55386,8.948531]]]}},{"type":"Feature","properties":{"name":null},"geometry":{"type":"Polygon","coordinates":[[[-79.551229,8.948703],[-79.550963,8.948909],[-79.550771,8.948667],[-79.551036,8.948461],[-79.551229,8.948703]]]}},{"type":"Feature","properties":{"name":null},"geometry":{"type":"Polygon","coordinates":[[[-79.552279,8.949988],[-79.552353,8.95008],[-79.552201,8.950198],[-79.552127,8.950106],[-79.552279,8.949988]]]}},{"type":"Feature","properties":{"name":null},"geometry":{"type":"Polygon","coordinates":[[[-79.553162,8.948642],[-79.553058,8.948511],[-79.553153,8.948437],[-79.553257,8.948568],[-79.553162,8.948642]]]}},{"type":"Feature","properties":{"name":null},"geometry":{"type":"Polygon","coordinates":[[[-79.555611,8.950363],[-79.555704,8.950199],[-79.555787,8.950245],[-79.555694,8.950409],[-79.555611,8.950363]]]}},{"type":"Feature","properties":{"name":null},"geometry":{"type":"Polygon","coordinates":[[[-79.554192,8.949582],[-79.553972,8.949593],[-79.553965,8.949461],[-79.554185,8.94945],[-79.554192,8.949582]]]}},{"type":"Feature","properties":{"name":null},"geometry":{"type":"Polygon","coordinates":[[[-79.553717,8.948875],[-79.553577,8.948698],[-79.553674,8.948623],[-79.553814,8.948799],[-79.553717,8.948875]]]}},{"type":"Feature","properties":{"name":null},"geometry":{"type":"Polygon","coordinates":[[[-79.552249,8.950273],[-79.552437,8.950126],[-79.552512,8.950221],[-79.552324,8.950367],[-79.552249,8.950273]]]}},{"type":"Feature","properties":{"name":null},"geometry":{"type":"Polygon","coordinates":[[[-79.555396,8.948381],[-79.555357,8.948275],[-79.555518,8.948216],[-79.555557,8.948322],[-79.555396,8.948381]]]}},{"type":"Feature","properties":{"name":null},"geometry":{"type":"Polygon","coordinates":[[[-79.554422,8.948941],[-79.554198,8.948952],[-79.554191,8.948833],[-79.554415,8.948821],[-79.554422,8.948941]]]}},{"type":"Feature","properties":{"name":null},"geometry":{"type":"Polygon","coordinates":[[[-79.552489,8.948953],[-79.552303,8.948719],[-79.552478,8.948583],[-79.552664,8.948817],[-79.552489,8.948953]]]}},{"type":"Feature","properties":{"name":null},"geometry":{"type":"Polygon","coordinates":[[[-79.55285,8.949586],[-79.552672,8.949724],[-79.552504,8.949512],[-79.552682,8.949374],[-79.55285,8.949586]]]}},{"type":"Feature","properties":{"name":null},"geometry":{"type":"Polygon","coordinates":[[[-79.555241,8.947866],[-79.555186,8.947719],[-79.555342,8.947662],[-79.555397,8.94781],[-79.555241,8.947866]]]}},{"type":"Feature","properties":{"name":null},"geometry":{"type":"Polygon","coordinates":[[[-79.553031,8.949864],[-79.552884,8.949979],[-79.55282,8.949897],[-79.552967,8.949783],[-79.553031,8.949864]]]}},{"type":"Feature","properties":{"name":null},"geometry":{"type":"Polygon","coordinates":[[[-79.554552,8.948943],[-79.554545,8.948819],[-79.554742,8.948809],[-79.554748,8.948933],[-79.554552,8.948943]]]}},{"type":"Feature","properties":{"name":null},"geometry":{"type":"Polygon","coordinates":[[[-79.552108,8.948507],[-79.55202,8.948396],[-79.552205,8.948252],[-79.552294,8.948363],[-79.552108,8.948507]]]}},{"type":"Feature","properties":{"name":null},"geometry":{"type":"Polygon","coordinates":[[[-79.552122,8.94917],[-79.551924,8.949324],[-79.551767,8.949127],[-79.551965,8.948973],[-79.552122,8.94917]]]}},{"type":"Feature","properties":{"name":null},"geometry":{"type":"Polygon","coordinates":[[[-79.55343,8.949512],[-79.553306,8.949356],[-79.553393,8.949288],[-79.553517,8.949444],[-79.55343,8.949512]]]}},{"type":"Feature","properties":{"name":null},"geometry":{"type":"Polygon","coordinates":[[[-79.551217,8.949239],[-79.551039,8.949015],[-79.551002,8.948968],[-79.551298,8.948738],[-79.551514,8.949009],[-79.551217,8.949239]]]}},{"type":"Feature","properties":{"name":null},"geometry":{"type":"Polygon","coordinates":[[[-79.554857,8.949223],[-79.554639,8.949234],[-79.554632,8.949113],[-79.554851,8.949102],[-79.554857,8.949223]]]}},{"type":"Feature","properties":{"name":null},"geometry":{"type":"Polygon","coordinates":[[[-79.555875,8.947455],[-79.555808,8.947274],[-79.556011,8.947201],[-79.556079,8.947381],[-79.555875,8.947455]]]}},{"type":"Feature","properties":{"name":"Instituto Bolivar"},"geometry":{"type":"Polygon","coordinates":[[[-79.554119,8.949914],[-79.554125,8.9501],[-79.553957,8.950116],[-79.553769,8.950136],[-79.553754,8.949947],[-79.554119,8.949914]]]}},{"type":"Feature","properties":{"name":null},"geometry":{"type":"Polygon","coordinates":[[[-79.553268,8.949536],[-79.553332,8.949616],[-79.553161,8.949749],[-79.553098,8.949669],[-79.553268,8.949536]]]}},{"type":"Feature","properties":{"name":null},"geometry":{"type":"Polygon","coordinates":[[[-79.552286,8.949468],[-79.552111,8.949603],[-79.551945,8.949394],[-79.552119,8.949259],[-79.552286,8.949468]]]}},{"type":"Feature","properties":{"name":null},"geometry":{"type":"Polygon","coordinates":[[[-79.554548,8.949554],[-79.554411,8.949561],[-79.554406,8.949452],[-79.554543,8.949445],[-79.554548,8.949554]]]}},{"type":"Feature","properties":{"name":null},"geometry":{"type":"Polygon","coordinates":[[[-79.554799,8.950791],[-79.554883,8.950693],[-79.555067,8.950846],[-79.554983,8.950944],[-79.554799,8.950791]]]}},{"type":"Feature","properties":{"name":null},"geometry":{"type":"Polygon","coordinates":[[[-79.554979,8.949215],[-79.554973,8.949095],[-79.555172,8.949085],[-79.555178,8.949204],[-79.554979,8.949215]]]}},{"type":"Feature","properties":{"name":null},"geometry":{"type":"Polygon","coordinates":[[[-79.555623,8.94844],[-79.55563,8.948565],[-79.555472,8.948573],[-79.555466,8.948448],[-79.555623,8.94844]]]}},{"type":"Feature","properties":{"name":null},"geometry":{"type":"Polygon","coordinates":[[[-79.554898,8.949533],[-79.5547,8.949543],[-79.554694,8.949433],[-79.554892,8.949422],[-79.554898,8.949533]]]}},{"type":"Feature","properties":{"name":null},"geometry":{"type":"Polygon","coordinates":[[[-79.554936,8.951103],[-79.555064,8.95086],[-79.555147,8.950903],[-79.555132,8.950931],[-79.555175,8.950954],[-79.555062,8.951168],[-79.554936,8.951103]]]}},{"type":"Feature","properties":{"name":null},"geometry":{"type":"Polygon","coordinates":[[[-79.552593,8.949842],[-79.552434,8.949965],[-79.552293,8.949788],[-79.552451,8.949665],[-79.552593,8.949842]]]}},{"type":"Feature","properties":{"name":null},"geometry":{"type":"Polygon","coordinates":[[[-79.55225,8.948784],[-79.552321,8.948873],[-79.552115,8.949033],[-79.552045,8.948944],[-79.55225,8.948784]]]}},{"type":"Feature","properties":{"name":null},"geometry":{"type":"Polygon","coordinates":[[[-79.552635,8.948124],[-79.552478,8.947927],[-79.552626,8.947812],[-79.552783,8.948009],[-79.552635,8.948124]]]}},{"type":"Feature","properties":{"name":null},"geometry":{"type":"Polygon","coordinates":[[[-79.552881,8.949463],[-79.552747,8.949295],[-79.552951,8.949137],[-79.553084,8.949305],[-79.552881,8.949463]]]}},{"type":"Feature","properties":{"name":null},"geometry":{"type":"Polygon","coordinates":[[[-79.551765,8.948777],[-79.551652,8.948634],[-79.551937,8.948413],[-79.55205,8.948556],[-79.551765,8.948777]]]}},{"type":"Feature","properties":{"name":null},"geometry":{"type":"Polygon","coordinates":[[[-79.552347,8.949411],[-79.552229,8.949262],[-79.552444,8.949096],[-79.552562,8.949244],[-79.552347,8.949411]]]}},{"type":"Feature","properties":{"name":null},"geometry":{"type":"Polygon","coordinates":[[[-79.555105,8.948586],[-79.555099,8.948468],[-79.555328,8.948456],[-79.555335,8.948574],[-79.555105,8.948586]]]}},{"type":"Feature","properties":{"name":null},"geometry":{"type":"Polygon","coordinates":[[[-79.555698,8.947841],[-79.555607,8.947597],[-79.55577,8.947537],[-79.555861,8.947782],[-79.555698,8.947841]]]}},{"type":"Feature","properties":{"name":null},"geometry":{"type":"Polygon","coordinates":[[[-79.554897,8.948922],[-79.554891,8.948801],[-79.555082,8.948791],[-79.555088,8.948912],[-79.554897,8.948922]]]}},{"type":"Feature","properties":{"name":null},"geometry":{"type":"Polygon","coordinates":[[[-79.553428,8.949996],[-79.553347,8.949893],[-79.553544,8.94974],[-79.553625,8.949843],[-79.553428,8.949996]]]}},{"type":"Feature","properties":{"name":null},"geometry":{"type":"Polygon","coordinates":[[[-79.553226,8.949278],[-79.553082,8.949096],[-79.553171,8.949027],[-79.553315,8.949209],[-79.553226,8.949278]]]}},{"type":"Feature","properties":{"name":null},"geometry":{"type":"Polygon","coordinates":[[[-79.554979,8.948587],[-79.554737,8.9486],[-79.554731,8.948481],[-79.554973,8.948468],[-79.554979,8.948587]]]}},{"type":"Feature","properties":{"name":null},"geometry":{"type":"Polygon","coordinates":[[[-79.555499,8.949083],[-79.555505,8.949188],[-79.555302,8.949198],[-79.555297,8.949093],[-79.555499,8.949083]]]}},{"type":"Feature","properties":{"name":null},"geometry":{"type":"Polygon","coordinates":[[[-79.555364,8.950587],[-79.555083,8.950688],[-79.555033,8.95055],[-79.555313,8.950449],[-79.555335,8.950509],[-79.555364,8.950587]]]}},{"type":"Feature","properties":{"name":"Academia de Danzas"},"geometry":{"type":"Polygon","coordinates":[[[-79.553279,8.950342],[-79.553438,8.950543],[-79.553287,8.95066],[-79.553222,8.950579],[-79.553112,8.950664],[-79.553018,8.950545],[-79.553279,8.950342]]]}},{"type":"Feature","properties":{"name":null},"geometry":{"type":"Polygon","coordinates":[[[-79.552546,8.950599],[-79.552389,8.950401],[-79.552569,8.950261],[-79.55269,8.950414],[-79.552563,8.950512],[-79.5526,8.950558],[-79.552546,8.950599]]]}},{"type":"Feature","properties":{"name":null},"geometry":{"type":"Polygon","coordinates":[[[-79.555444,8.950277],[-79.555524,8.950118],[-79.555632,8.950172],[-79.555585,8.950263],[-79.555565,8.950253],[-79.555531,8.95032],[-79.555444,8.950277]]]}},{"type":"Feature","properties":{"name":null},"geometry":{"type":"Polygon","coordinates":[[[-79.554025,8.950596],[-79.554006,8.950813],[-79.553824,8.950797],[-79.55383,8.95073],[-79.55357,8.950707],[-79.553584,8.950557],[-79.554025,8.950596]]]}},{"type":"Feature","properties":{"name":null},"geometry":{"type":"Polygon","coordinates":[[[-79.55586,8.949286],[-79.555804,8.949143],[-79.555756,8.949161],[-79.555711,8.949047],[-79.555869,8.948987],[-79.555969,8.949244],[-79.55586,8.949286]]]}},{"type":"Feature","properties":{"name":null},"geometry":{"type":"Polygon","coordinates":[[[-79.55425,8.948616],[-79.554035,8.948627],[-79.554029,8.948509],[-79.554138,8.948504],[-79.554135,8.948462],[-79.554241,8.948456],[-79.55425,8.948616]]]}},{"type":"Feature","properties":{"name":null},"geometry":{"type":"Polygon","coordinates":[[[-79.55349,8.949073],[-79.553407,8.94897],[-79.553424,8.948957],[-79.553351,8.948865],[-79.553446,8.948791],[-79.553601,8.948987],[-79.55349,8.949073]]]}},{"type":"Feature","properties":{"name":"Level 3"},"geometry":{"type":"Polygon","coordinates":[[[-79.552376,8.950902],[-79.552469,8.951078],[-79.552419,8.951104],[-79.552442,8.951147],[-79.552164,8.95129],[-79.552141,8.951248],[-79.552059,8.95129],[-79.55205,8.951273],[-79.551966,8.951114],[-79.552083,8.951054],[-79.552376,8.950902]]]}},{"type":"Feature","properties":{"name":null},"geometry":{"type":"Polygon","coordinates":[[[-79.555291,8.950254],[-79.555266,8.950081],[-79.555393,8.950063],[-79.555409,8.950175],[-79.555382,8.950178],[-79.555397,8.95029],[-79.555313,8.950301],[-79.555306,8.950252],[-79.555291,8.950254]]]}},{"type":"Feature","properties":{"name":null},"geometry":{"type":"Polygon","coordinates":[[[-79.553412,8.948585],[-79.553324,8.948474],[-79.553352,8.948452],[-79.553272,8.94835],[-79.553369,8.948275],[-79.55345,8.948376],[-79.553488,8.948346],[-79.553576,8.948457],[-79.553412,8.948585]]]}},{"type":"Feature","properties":{"name":null},"geometry":{"type":"Polygon","coordinates":[[[-79.555823,8.950525],[-79.555778,8.9505],[-79.555796,8.950469],[-79.555776,8.950457],[-79.555869,8.950292],[-79.55596,8.950342],[-79.555867,8.950507],[-79.555841,8.950493],[-79.555823,8.950525]]]}},{"type":"Feature","properties":{"name":null},"geometry":{"type":"Polygon","coordinates":[[[-79.554745,8.953287],[-79.554822,8.953457],[-79.554711,8.953506],[-79.554729,8.953547],[-79.554643,8.953584],[-79.554548,8.953373],[-79.55458,8.953359],[-79.554559,8.953312],[-79.554667,8.953265],[-79.554687,8.953312],[-79.554745,8.953287]]]}},{"type":"Feature","properties":{"name":null},"geometry":{"type":"Polygon","coordinates":[[[-79.554256,8.952558],[-79.554382,8.952467],[-79.554447,8.952555],[-79.554321,8.952646],[-79.554256,8.952558]]]}},{"type":"Feature","properties":{"name":null},"geometry":{"type":"Polygon","coordinates":[[[-79.551434,8.956526],[-79.551432,8.956257],[-79.551577,8.956255],[-79.551579,8.956525],[-79.551434,8.956526]]]}},{"type":"Feature","properties":{"name":"Mercado de Artesanías de Balboa"},"geometry":{"type":"Polygon","coordinates":[[[-79.551434,8.9516],[-79.551391,8.951483],[-79.551497,8.951445],[-79.551754,8.951353],[-79.551797,8.95147],[-79.551434,8.9516]]]}},{"type":"Feature","properties":{"name":null},"geometry":{"type":"Polygon","coordinates":[[[-79.553623,8.953266],[-79.553448,8.953169],[-79.553554,8.95298],[-79.55373,8.953077],[-79.553623,8.953266]]]}},{"type":"Feature","properties":{"name":null},"geometry":{"type":"Polygon","coordinates":[[[-79.555099,8.956213],[-79.554922,8.95615],[-79.554975,8.956002],[-79.555153,8.956064],[-79.555099,8.956213]]]}},{"type":"Feature","properties":{"name":null},"geometry":{"type":"Polygon","coordinates":[[[-79.555522,8.956675],[-79.555412,8.956591],[-79.555533,8.956436],[-79.555643,8.95652],[-79.555522,8.956675]]]}},{"type":"Feature","properties":{"name":null},"geometry":{"type":"Polygon","coordinates":[[[-79.554555,8.957297],[-79.55463,8.957108],[-79.554722,8.957151],[-79.554653,8.957331],[-79.554555,8.957297]]]}},{"type":"Feature","properties":{"name":null},"geometry":{"type":"Polygon","coordinates":[[[-79.553724,8.954263],[-79.553847,8.954125],[-79.55392,8.954188],[-79.553797,8.954326],[-79.553724,8.954263]]]}},{"type":"Feature","properties":{"name":null},"geometry":{"type":"Polygon","coordinates":[[[-79.552701,8.951929],[-79.552679,8.952036],[-79.552613,8.952023],[-79.552511,8.952002],[-79.552533,8.951895],[-79.552701,8.951929]]]}},{"type":"Feature","properties":{"name":"Iglesia Luterana"},"geometry":{"type":"Polygon","coordinates":[[[-79.554714,8.951589],[-79.554628,8.951559],[-79.554714,8.951326],[-79.554799,8.951357],[-79.554714,8.951589]]]}},{"type":"Feature","properties":{"name":null},"geometry":{"type":"Polygon","coordinates":[[[-79.551987,8.957368],[-79.552084,8.957503],[-79.551928,8.957612],[-79.551831,8.957478],[-79.551987,8.957368]]]}},{"type":"Feature","properties":{"name":null},"geometry":{"type":"Polygon","coordinates":[[[-79.555758,8.952568],[-79.555617,8.952388],[-79.555929,8.952151],[-79.556069,8.952331],[-79.555758,8.952568]]]}},{"type":"Feature","properties":{"name":null},"geometry":{"type":"Polygon","coordinates":[[[-79.552389,8.955528],[-79.552235,8.955637],[-79.552146,8.955513],[-79.5523,8.955404],[-79.552389,8.955528]]]}},{"type":"Feature","properties":{"name":null},"geometry":{"type":"Polygon","coordinates":[[[-79.555139,8.952698],[-79.554964,8.952571],[-79.555136,8.952317],[-79.555215,8.952364],[-79.55518,8.952402],[-79.555302,8.952493],[-79.555139,8.952698]]]}},{"type":"Feature","properties":{"name":null},"geometry":{"type":"Polygon","coordinates":[[[-79.555662,8.956057],[-79.555528,8.955961],[-79.555631,8.955821],[-79.555765,8.955916],[-79.555662,8.956057]]]}},{"type":"Feature","properties":{"name":null},"geometry":{"type":"Polygon","coordinates":[[[-79.554082,8.953595],[-79.553865,8.953595],[-79.553865,8.953465],[-79.554082,8.953465],[-79.554082,8.953595]]]}},{"type":"Feature","properties":{"name":null},"geometry":{"type":"Polygon","coordinates":[[[-79.555193,8.956902],[-79.555066,8.956881],[-79.555093,8.956724],[-79.55522,8.956746],[-79.555193,8.956902]]]}},{"type":"Feature","properties":{"name":null},"geometry":{"type":"Polygon","coordinates":[[[-79.55454,8.951256],[-79.554518,8.951353],[-79.554191,8.951278],[-79.554214,8.951181],[-79.55454,8.951256]]]}},{"type":"Feature","properties":{"name":null},"geometry":{"type":"Polygon","coordinates":[[[-79.554268,8.954208],[-79.554127,8.954097],[-79.55424,8.953958],[-79.554381,8.954069],[-79.554268,8.954208]]]}},{"type":"Feature","properties":{"name":null},"geometry":{"type":"Polygon","coordinates":[[[-79.552371,8.957246],[-79.552274,8.957112],[-79.552477,8.956969],[-79.552574,8.957103],[-79.552371,8.957246]]]}},{"type":"Feature","properties":{"name":null},"geometry":{"type":"Polygon","coordinates":[[[-79.556115,8.952872],[-79.555834,8.952986],[-79.555774,8.952841],[-79.556054,8.952726],[-79.556115,8.952872]]]}},{"type":"Feature","properties":{"name":null},"geometry":{"type":"Polygon","coordinates":[[[-79.553018,8.95626],[-79.552773,8.956433],[-79.552598,8.956191],[-79.552843,8.956018],[-79.553018,8.95626]]]}},{"type":"Feature","properties":{"name":null},"geometry":{"type":"Polygon","coordinates":[[[-79.554792,8.953027],[-79.554624,8.953121],[-79.554572,8.953032],[-79.554739,8.952937],[-79.554792,8.953027]]]}},{"type":"Feature","properties":{"name":null},"geometry":{"type":"Polygon","coordinates":[[[-79.554776,8.955296],[-79.554748,8.955293],[-79.554738,8.955386],[-79.554574,8.955367],[-79.554587,8.95525],[-79.554661,8.955258],[-79.554665,8.955221],[-79.554698,8.955224],[-79.554703,8.955184],[-79.554787,8.955193],[-79.554776,8.955296]]]}},{"type":"Feature","properties":{"name":null},"geometry":{"type":"Polygon","coordinates":[[[-79.55445,8.957586],[-79.554529,8.95739],[-79.554619,8.957428],[-79.554612,8.957444],[-79.554539,8.957625],[-79.55445,8.957586]]]}},{"type":"Feature","properties":{"name":null},"geometry":{"type":"Polygon","coordinates":[[[-79.553457,8.95399],[-79.553374,8.953917],[-79.553515,8.953759],[-79.553598,8.953832],[-79.553457,8.95399]]]}},{"type":"Feature","properties":{"name":null},"geometry":{"type":"Polygon","coordinates":[[[-79.555562,8.953022],[-79.555503,8.952881],[-79.555614,8.952835],[-79.555673,8.952976],[-79.555562,8.953022]]]}},{"type":"Feature","properties":{"name":null},"geometry":{"type":"Polygon","coordinates":[[[-79.55308,8.95206],[-79.553038,8.952163],[-79.552862,8.952093],[-79.552904,8.951989],[-79.55308,8.95206]]]}},{"type":"Feature","properties":{"name":null},"geometry":{"type":"Polygon","coordinates":[[[-79.554078,8.951546],[-79.554192,8.951572],[-79.554141,8.95179],[-79.554027,8.951764],[-79.554078,8.951546]]]}},{"type":"Feature","properties":{"name":null},"geometry":{"type":"Polygon","coordinates":[[[-79.552698,8.957014],[-79.552607,8.956887],[-79.552767,8.956774],[-79.552859,8.956901],[-79.552698,8.957014]]]}},{"type":"Feature","properties":{"name":null},"geometry":{"type":"Polygon","coordinates":[[[-79.553045,8.952976],[-79.552967,8.952945],[-79.553039,8.952769],[-79.553117,8.9528],[-79.553045,8.952976]]]}},{"type":"Feature","properties":{"name":null},"geometry":{"type":"Polygon","coordinates":[[[-79.551402,8.955803],[-79.55135,8.955568],[-79.551458,8.955544],[-79.551511,8.95578],[-79.551402,8.955803]]]}},{"type":"Feature","properties":{"name":null},"geometry":{"type":"Polygon","coordinates":[[[-79.554472,8.95319],[-79.554279,8.953232],[-79.554257,8.953133],[-79.55445,8.953091],[-79.554472,8.95319]]]}},{"type":"Feature","properties":{"name":null},"geometry":{"type":"Polygon","coordinates":[[[-79.55232,8.956723],[-79.552223,8.956801],[-79.551893,8.956398],[-79.55199,8.95632],[-79.55232,8.956723]]]}},{"type":"Feature","properties":{"name":null},"geometry":{"type":"Polygon","coordinates":[[[-79.551982,8.952831],[-79.551747,8.952795],[-79.55176,8.952709],[-79.551996,8.952746],[-79.551982,8.952831]]]}},{"type":"Feature","properties":{"name":null},"geometry":{"type":"Polygon","coordinates":[[[-79.553068,8.954481],[-79.552877,8.954511],[-79.552853,8.954362],[-79.553044,8.954332],[-79.553068,8.954481]]]}},{"type":"Feature","properties":{"name":null},"geometry":{"type":"Polygon","coordinates":[[[-79.554279,8.956445],[-79.55423,8.956276],[-79.554347,8.956243],[-79.554396,8.956412],[-79.554279,8.956445]]]}},{"type":"Feature","properties":{"name":null},"geometry":{"type":"Polygon","coordinates":[[[-79.552418,8.951858],[-79.552401,8.951943],[-79.552256,8.951914],[-79.552273,8.951829],[-79.552418,8.951858]]]}},{"type":"Feature","properties":{"name":null},"geometry":{"type":"Polygon","coordinates":[[[-79.553492,8.95641],[-79.553417,8.956321],[-79.553494,8.956247],[-79.553572,8.956345],[-79.553492,8.95641]]]}},{"type":"Feature","properties":{"name":null},"geometry":{"type":"Polygon","coordinates":[[[-79.552219,8.953298],[-79.552074,8.953294],[-79.552081,8.953019],[-79.552226,8.953023],[-79.552219,8.953298]]]}},{"type":"Feature","properties":{"name":null},"geometry":{"type":"Polygon","coordinates":[[[-79.554235,8.952145],[-79.554274,8.951994],[-79.554407,8.952028],[-79.554368,8.952178],[-79.554235,8.952145]]]}},{"type":"Feature","properties":{"name":null},"geometry":{"type":"Polygon","coordinates":[[[-79.552735,8.955576],[-79.5526,8.95566],[-79.552512,8.955537],[-79.552627,8.955449],[-79.552735,8.955576]]]}},{"type":"Feature","properties":{"name":null},"geometry":{"type":"Polygon","coordinates":[[[-79.553938,8.953036],[-79.554137,8.953051],[-79.554131,8.953127],[-79.553932,8.953113],[-79.553938,8.953036]]]}},{"type":"Feature","properties":{"name":null},"geometry":{"type":"Polygon","coordinates":[[[-79.555269,8.95647],[-79.555111,8.956451],[-79.555142,8.956201],[-79.5553,8.95622],[-79.555269,8.95647]]]}},{"type":"Feature","properties":{"name":null},"geometry":{"type":"Polygon","coordinates":[[[-79.550429,8.952775],[-79.550441,8.952886],[-79.550229,8.952908],[-79.550217,8.952796],[-79.550429,8.952775]]]}},{"type":"Feature","properties":{"name":null},"geometry":{"type":"Polygon","coordinates":[[[-79.553763,8.953927],[-79.553902,8.953771],[-79.553986,8.953843],[-79.553846,8.953999],[-79.553763,8.953927]]]}},{"type":"Feature","properties":{"name":null},"geometry":{"type":"Polygon","coordinates":[[[-79.555603,8.956394],[-79.555455,8.95629],[-79.555575,8.956123],[-79.555723,8.956227],[-79.555603,8.956394]]]}},{"type":"Feature","properties":{"name":null},"geometry":{"type":"Polygon","coordinates":[[[-79.55435,8.951432],[-79.554329,8.951524],[-79.554184,8.951491],[-79.554206,8.951399],[-79.55435,8.951432]]]}},{"type":"Feature","properties":{"name":null},"geometry":{"type":"Polygon","coordinates":[[[-79.55518,8.953878],[-79.555226,8.953964],[-79.555128,8.954016],[-79.555081,8.95393],[-79.55518,8.953878]]]}},{"type":"Feature","properties":{"name":null},"geometry":{"type":"Polygon","coordinates":[[[-79.552838,8.953542],[-79.552729,8.953499],[-79.55281,8.953301],[-79.552919,8.953345],[-79.552838,8.953542]]]}},{"type":"Feature","properties":{"name":null},"geometry":{"type":"Polygon","coordinates":[[[-79.555145,8.95154],[-79.55507,8.951666],[-79.554938,8.95159],[-79.555013,8.951464],[-79.555145,8.95154]]]}},{"type":"Feature","properties":{"name":null},"geometry":{"type":"Polygon","coordinates":[[[-79.551773,8.9503],[-79.551653,8.950294],[-79.551663,8.950108],[-79.551782,8.950114],[-79.551773,8.9503]]]}},{"type":"Feature","properties":{"name":null},"geometry":{"type":"Polygon","coordinates":[[[-79.55194,8.952921],[-79.551921,8.953041],[-79.551745,8.953014],[-79.551764,8.952894],[-79.55194,8.952921]]]}},{"type":"Feature","properties":{"name":null},"geometry":{"type":"Polygon","coordinates":[[[-79.552651,8.956568],[-79.552424,8.95675],[-79.552092,8.956346],[-79.55232,8.956164],[-79.552651,8.956568]]]}},{"type":"Feature","properties":{"name":null},"geometry":{"type":"Polygon","coordinates":[[[-79.553129,8.954656],[-79.552943,8.954715],[-79.552906,8.954601],[-79.553092,8.954542],[-79.553129,8.954656]]]}},{"type":"Feature","properties":{"name":null},"geometry":{"type":"Polygon","coordinates":[[[-79.553947,8.954017],[-79.553905,8.953981],[-79.553945,8.953937],[-79.553987,8.953973],[-79.553947,8.954017]]]}},{"type":"Feature","properties":{"name":null},"geometry":{"type":"Polygon","coordinates":[[[-79.55559,8.952734],[-79.555423,8.952827],[-79.555364,8.952724],[-79.555531,8.952631],[-79.55559,8.952734]]]}},{"type":"Feature","properties":{"name":null},"geometry":{"type":"Polygon","coordinates":[[[-79.555556,8.956835],[-79.555576,8.956931],[-79.555438,8.956958],[-79.555404,8.956789],[-79.555576,8.956755],[-79.555591,8.956828],[-79.555556,8.956835]]]}},{"type":"Feature","properties":{"name":null},"geometry":{"type":"Polygon","coordinates":[[[-79.554,8.951476],[-79.55382,8.951276],[-79.553894,8.95121],[-79.554075,8.951411],[-79.554,8.951476]]]}},{"type":"Feature","properties":{"name":null},"geometry":{"type":"Polygon","coordinates":[[[-79.552918,8.95695],[-79.552791,8.956774],[-79.553083,8.956568],[-79.55321,8.956744],[-79.552918,8.95695]]]}},{"type":"Feature","properties":{"name":null},"geometry":{"type":"Polygon","coordinates":[[[-79.553166,8.95272],[-79.55308,8.952686],[-79.553154,8.952507],[-79.55324,8.952542],[-79.553166,8.95272]]]}},{"type":"Feature","properties":{"name":null},"geometry":{"type":"Polygon","coordinates":[[[-79.553756,8.952876],[-79.553676,8.952814],[-79.553765,8.952702],[-79.553845,8.952765],[-79.553756,8.952876]]]}},{"type":"Feature","properties":{"name":null},"geometry":{"type":"Polygon","coordinates":[[[-79.552151,8.957444],[-79.552044,8.957295],[-79.552232,8.957163],[-79.552339,8.957312],[-79.552151,8.957444]]]}},{"type":"Feature","properties":{"name":null},"geometry":{"type":"Polygon","coordinates":[[[-79.552266,8.952303],[-79.552242,8.952371],[-79.551807,8.952224],[-79.55183,8.952155],[-79.552266,8.952303]]]}},{"type":"Feature","properties":{"name":null},"geometry":{"type":"Polygon","coordinates":[[[-79.554123,8.953237],[-79.553926,8.953222],[-79.553934,8.953121],[-79.554131,8.953135],[-79.554123,8.953237]]]}},{"type":"Feature","properties":{"name":null},"geometry":{"type":"Polygon","coordinates":[[[-79.552095,8.956901],[-79.551969,8.956748],[-79.552083,8.956657],[-79.552208,8.956811],[-79.552095,8.956901]]]}},{"type":"Feature","properties":{"name":null},"geometry":{"type":"Polygon","coordinates":[[[-79.551612,8.9528],[-79.551453,8.952775],[-79.551462,8.952715],[-79.551622,8.95274],[-79.551612,8.9528]]]}},{"type":"Feature","properties":{"name":null},"geometry":{"type":"Polygon","coordinates":[[[-79.555048,8.952819],[-79.554896,8.95294],[-79.554819,8.952845],[-79.554971,8.952724],[-79.555048,8.952819]]]}},{"type":"Feature","properties":{"name":null},"geometry":{"type":"Polygon","coordinates":[[[-79.551801,8.95776],[-79.551889,8.957897],[-79.551734,8.957993],[-79.551647,8.957856],[-79.551801,8.95776]]]}},{"type":"Feature","properties":{"name":null},"geometry":{"type":"Polygon","coordinates":[[[-79.555156,8.953346],[-79.55512,8.953375],[-79.555085,8.953332],[-79.555121,8.953303],[-79.555156,8.953346]]]}},{"type":"Feature","properties":{"name":null},"geometry":{"type":"Polygon","coordinates":[[[-79.55329,8.952357],[-79.553193,8.952385],[-79.553138,8.952199],[-79.553235,8.952171],[-79.55329,8.952357]]]}},{"type":"Feature","properties":{"name":null},"geometry":{"type":"Polygon","coordinates":[[[-79.555542,8.951873],[-79.555479,8.951964],[-79.555369,8.95189],[-79.555432,8.951799],[-79.555542,8.951873]]]}},{"type":"Feature","properties":{"name":null},"geometry":{"type":"Polygon","coordinates":[[[-79.553496,8.956195],[-79.553212,8.956395],[-79.553122,8.95627],[-79.553406,8.95607],[-79.553496,8.956195]]]}},{"type":"Feature","properties":{"name":null},"geometry":{"type":"Polygon","coordinates":[[[-79.552234,8.952927],[-79.552054,8.952922],[-79.552058,8.952764],[-79.552203,8.952767],[-79.552202,8.952833],[-79.552237,8.952834],[-79.552234,8.952927]]]}},{"type":"Feature","properties":{"name":null},"geometry":{"type":"Polygon","coordinates":[[[-79.554035,8.952792],[-79.554126,8.952679],[-79.554239,8.952767],[-79.554183,8.952837],[-79.554163,8.952822],[-79.554128,8.952865],[-79.554035,8.952792]]]}},{"type":"Feature","properties":{"name":null},"geometry":{"type":"Polygon","coordinates":[[[-79.554223,8.952318],[-79.554101,8.952406],[-79.554021,8.952298],[-79.554082,8.952253],[-79.554098,8.952275],[-79.554158,8.952231],[-79.554223,8.952318]]]}},{"type":"Feature","properties":{"name":null},"geometry":{"type":"Polygon","coordinates":[[[-79.554481,8.95237],[-79.554547,8.952246],[-79.554643,8.952296],[-79.554614,8.952352],[-79.554636,8.952363],[-79.554599,8.952431],[-79.554481,8.95237]]]}},{"type":"Feature","properties":{"name":null},"geometry":{"type":"Polygon","coordinates":[[[-79.554617,8.95212],[-79.554667,8.951983],[-79.554796,8.952029],[-79.554756,8.95214],[-79.554701,8.95212],[-79.554692,8.952147],[-79.554617,8.95212]]]}},{"type":"Feature","properties":{"name":null},"geometry":{"type":"Polygon","coordinates":[[[-79.552708,8.954123],[-79.552604,8.95411],[-79.552617,8.954015],[-79.552596,8.954013],[-79.552607,8.953934],[-79.55273,8.953949],[-79.552708,8.954123]]]}},{"type":"Feature","properties":{"name":null},"geometry":{"type":"Polygon","coordinates":[[[-79.55157,8.95294],[-79.551569,8.952983],[-79.55162,8.952984],[-79.551616,8.953145],[-79.55153,8.953143],[-79.551531,8.953072],[-79.551322,8.953066],[-79.551325,8.952934],[-79.55157,8.95294]]]}},{"type":"Feature","properties":{"name":null},"geometry":{"type":"Polygon","coordinates":[[[-79.552732,8.953807],[-79.552643,8.953771],[-79.552652,8.95375],[-79.55263,8.953741],[-79.552671,8.953642],[-79.552692,8.953651],[-79.552713,8.953602],[-79.552802,8.953637],[-79.552732,8.953807]]]}},{"type":"Feature","properties":{"name":null},"geometry":{"type":"Polygon","coordinates":[[[-79.554433,8.953655],[-79.554212,8.953656],[-79.554212,8.953494],[-79.554264,8.953494],[-79.554264,8.953437],[-79.554397,8.953436],[-79.554397,8.953493],[-79.554432,8.953493],[-79.554433,8.953655]]]}},{"type":"Feature","properties":{"name":null},"geometry":{"type":"Polygon","coordinates":[[[-79.554156,8.954529],[-79.554116,8.954494],[-79.554103,8.954509],[-79.553998,8.954418],[-79.554117,8.954285],[-79.554222,8.954376],[-79.554161,8.954444],[-79.554201,8.954478],[-79.554156,8.954529]]]}},{"type":"Feature","properties":{"name":null},"geometry":{"type":"Polygon","coordinates":[[[-79.555018,8.953039],[-79.555127,8.953172],[-79.55509,8.953202],[-79.555134,8.953256],[-79.55505,8.953322],[-79.555006,8.953268],[-79.55491,8.953346],[-79.554801,8.953212],[-79.555018,8.953039]]]}},{"type":"Feature","properties":{"name":null},"geometry":{"type":"Polygon","coordinates":[[[-79.553591,8.953624],[-79.55355,8.953588],[-79.553517,8.953625],[-79.553421,8.953542],[-79.553566,8.95338],[-79.553661,8.953463],[-79.55363,8.953498],[-79.553672,8.953534],[-79.553591,8.953624]]]}},{"type":"Feature","properties":{"name":null},"geometry":{"type":"Polygon","coordinates":[[[-79.553956,8.952406],[-79.554047,8.952477],[-79.553915,8.952641],[-79.553825,8.952571],[-79.553833,8.95256],[-79.553817,8.952548],[-79.55387,8.952481],[-79.553886,8.952493],[-79.553956,8.952406]]]}},{"type":"Feature","properties":{"name":"Ana Evelina"},"geometry":{"type":"Polygon","coordinates":[[[-79.542514,8.953791],[-79.542344,8.953831],[-79.54233,8.953773],[-79.542383,8.953761],[-79.54238,8.953745],[-79.542345,8.953753],[-79.542336,8.953718],[-79.542369,8.95371],[-79.542352,8.953638],[-79.542471,8.95361],[-79.542514,8.953791]]]}},{"type":"Feature","properties":{"name":null},"geometry":{"type":"Polygon","coordinates":[[[-79.542536,8.95505],[-79.542108,8.955064],[-79.542105,8.954961],[-79.542284,8.954956],[-79.542282,8.954879],[-79.542348,8.954877],[-79.54235,8.954954],[-79.542382,8.954953],[-79.542374,8.954722],[-79.542343,8.954723],[-79.542345,8.954802],[-79.54228,8.954806],[-79.542277,8.954725],[-79.542097,8.95473],[-79.542094,8.954627],[-79.542522,8.954614],[-79.542525,8.954717],[-79.542477,8.954719],[-79.542485,8.954949],[-79.542532,8.954948],[-79.542536,8.95505]]]}},{"type":"Feature","properties":{"name":null},"geometry":{"type":"Polygon","coordinates":[[[-79.543319,8.951674],[-79.543353,8.951759],[-79.543313,8.951774],[-79.543323,8.951798],[-79.543363,8.951783],[-79.543393,8.951862],[-79.543281,8.951905],[-79.54325,8.951825],[-79.543268,8.951818],[-79.543258,8.951795],[-79.543241,8.951801],[-79.543208,8.951716],[-79.543319,8.951674]]]}},{"type":"Feature","properties":{"name":null},"geometry":{"type":"Polygon","coordinates":[[[-79.542862,8.954709],[-79.542893,8.954855],[-79.542985,8.954836],[-79.542954,8.95469],[-79.542862,8.954709]]]}},{"type":"Feature","properties":{"name":null},"geometry":{"type":"Polygon","coordinates":[[[-79.541859,8.951903],[-79.541942,8.952084],[-79.541834,8.952132],[-79.541751,8.95195],[-79.541859,8.951903]]]}},{"type":"Feature","properties":{"name":null},"geometry":{"type":"Polygon","coordinates":[[[-79.541852,8.952194],[-79.542023,8.952123],[-79.542054,8.952197],[-79.542097,8.952299],[-79.541926,8.95237],[-79.541852,8.952194]]]}},{"type":"Feature","properties":{"name":null},"geometry":{"type":"Polygon","coordinates":[[[-79.542446,8.951956],[-79.542511,8.952103],[-79.542776,8.95199],[-79.542711,8.951843],[-79.542446,8.951956]]]}},{"type":"Feature","properties":{"name":null},"geometry":{"type":"Polygon","coordinates":[[[-79.542839,8.951818],[-79.542946,8.95208],[-79.543093,8.952022],[-79.542987,8.951759],[-79.542839,8.951818]]]}},{"type":"Feature","properties":{"name":"Iglesia Ejército de Paz"},"geometry":{"type":"Polygon","coordinates":[[[-79.542532,8.951632],[-79.542603,8.9518],[-79.542829,8.951705],[-79.542757,8.951538],[-79.542532,8.951632]]]}},{"type":"Feature","properties":{"name":null},"geometry":{"type":"Polygon","coordinates":[[[-79.543396,8.953771],[-79.543409,8.953886],[-79.543601,8.953864],[-79.543587,8.953749],[-79.543396,8.953771]]]}},{"type":"Feature","properties":{"name":"Iglesia Cristiana Pentecostal"},"geometry":{"type":"Polygon","coordinates":[[[-79.542097,8.952299],[-79.541926,8.95237],[-79.541996,8.952533],[-79.542166,8.952462],[-79.542128,8.952373],[-79.542097,8.952299]]]}},{"type":"Feature","properties":{"name":null},"geometry":{"type":"Polygon","coordinates":[[[-79.541565,8.954292],[-79.541564,8.954371],[-79.541455,8.954369],[-79.541455,8.95438],[-79.541564,8.954383],[-79.541562,8.954455],[-79.541273,8.954449],[-79.541275,8.954377],[-79.541384,8.954379],[-79.541384,8.954367],[-79.541275,8.954365],[-79.541277,8.954286],[-79.541565,8.954292]]]}},{"type":"Feature","properties":{"name":"Jesus de Praga"},"geometry":{"type":"Polygon","coordinates":[[[-79.541686,8.952676],[-79.541703,8.95289],[-79.541785,8.952884],[-79.54178,8.952825],[-79.54179,8.952824],[-79.541795,8.952883],[-79.541873,8.952877],[-79.541855,8.952662],[-79.541778,8.952668],[-79.541785,8.952761],[-79.541775,8.952762],[-79.541768,8.952669],[-79.541686,8.952676]]]}},{"type":"Feature","properties":{"name":null},"geometry":{"type":"Polygon","coordinates":[[[-79.541723,8.953053],[-79.541738,8.95325],[-79.541512,8.953267],[-79.541506,8.953186],[-79.541652,8.953175],[-79.541643,8.953059],[-79.541723,8.953053]]]}},{"type":"Feature","properties":{"name":null},"geometry":{"type":"Polygon","coordinates":[[[-79.541677,8.951793],[-79.541868,8.95171],[-79.541928,8.951846],[-79.541866,8.951873],[-79.541846,8.951827],[-79.541716,8.951883],[-79.541677,8.951793]]]}},{"type":"Feature","properties":{"name":null},"geometry":{"type":"Polygon","coordinates":[[[-79.53842,8.953506],[-79.538339,8.953509],[-79.538265,8.953427],[-79.538305,8.953398],[-79.53842,8.953396],[-79.53842,8.953506]]]}},{"type":"Feature","properties":{"name":"Tupper Laboratory"},"geometry":{"type":"Polygon","coordinates":[[[-79.543797,8.962648],[-79.543784,8.962518],[-79.543731,8.962229],[-79.543802,8.962217],[-79.543795,8.962176],[-79.543839,8.962169],[-79.543846,8.962209],[-79.543866,8.962206],[-79.543918,8.962507],[-79.543952,8.962506],[-79.543964,8.962652],[-79.543797,8.962648]]]}},{"type":"Feature","properties":{"name":null},"geometry":{"type":"Polygon","coordinates":[[[-79.544467,8.962404],[-79.544168,8.962412],[-79.544164,8.962271],[-79.544464,8.962263],[-79.544467,8.962404]]]}},{"type":"Feature","properties":{"name":null},"geometry":{"type":"Polygon","coordinates":[[[-79.545028,8.961975],[-79.544848,8.961943],[-79.544867,8.961839],[-79.545047,8.96187],[-79.545028,8.961975]]]}},{"type":"Feature","properties":{"name":null},"geometry":{"type":"Polygon","coordinates":[[[-79.54503,8.962684],[-79.544736,8.962706],[-79.544725,8.962557],[-79.545019,8.962535],[-79.54503,8.962684]]]}},{"type":"Feature","properties":{"name":null},"geometry":{"type":"Polygon","coordinates":[[[-79.545043,8.96325],[-79.544749,8.963262],[-79.544743,8.963122],[-79.545037,8.96311],[-79.545043,8.96325]]]}},{"type":"Feature","properties":{"name":null},"geometry":{"type":"Polygon","coordinates":[[[-79.545165,8.962964],[-79.544864,8.962979],[-79.544856,8.962834],[-79.545158,8.962819],[-79.545165,8.962964]]]}},{"type":"Feature","properties":{"name":null},"geometry":{"type":"Polygon","coordinates":[[[-79.545058,8.9636],[-79.544761,8.96361],[-79.544756,8.963469],[-79.545053,8.963458],[-79.545058,8.9636]]]}},{"type":"Feature","properties":{"name":null},"geometry":{"type":"Polygon","coordinates":[[[-79.539824,8.956437],[-79.539554,8.956561],[-79.539525,8.95648],[-79.539785,8.956359],[-79.539824,8.956437]]]}},{"type":"Feature","properties":{"name":null},"geometry":{"type":"Polygon","coordinates":[[[-79.538403,8.956236],[-79.53824,8.956292],[-79.538227,8.956254],[-79.538389,8.956197],[-79.538403,8.956236]]]}},{"type":"Feature","properties":{"name":null},"geometry":{"type":"Polygon","coordinates":[[[-79.535662,8.953481],[-79.535552,8.953471],[-79.53556,8.953377],[-79.535506,8.953373],[-79.535517,8.953264],[-79.535681,8.95328],[-79.535662,8.953481]]]}},{"type":"Feature","properties":{"name":null},"geometry":{"type":"Polygon","coordinates":[[[-79.53611,8.953058],[-79.536091,8.953056],[-79.535965,8.953044],[-79.535972,8.952955],[-79.535977,8.952892],[-79.535997,8.952894],[-79.536007,8.952784],[-79.536133,8.952796],[-79.536121,8.952924],[-79.53611,8.953058]]]}},{"type":"Feature","properties":{"name":null},"geometry":{"type":"Polygon","coordinates":[[[-79.545955,8.964007],[-79.545746,8.963996],[-79.545752,8.96387],[-79.545961,8.963881],[-79.545955,8.964007]]]}},{"type":"Feature","properties":{"name":null},"geometry":{"type":"Polygon","coordinates":[[[-79.544571,8.963907],[-79.54427,8.963927],[-79.544262,8.963805],[-79.544563,8.963785],[-79.544571,8.963907]]]}},{"type":"Feature","properties":{"name":null},"geometry":{"type":"Polygon","coordinates":[[[-79.547128,8.965086],[-79.546962,8.965168],[-79.546919,8.965083],[-79.547085,8.965001],[-79.547128,8.965086]]]}},{"type":"Feature","properties":{"name":null},"geometry":{"type":"Polygon","coordinates":[[[-79.546476,8.965235],[-79.546197,8.965273],[-79.546181,8.965155],[-79.54646,8.965117],[-79.546476,8.965235]]]}},{"type":"Feature","properties":{"name":null},"geometry":{"type":"Polygon","coordinates":[[[-79.546378,8.964583],[-79.546245,8.964519],[-79.54633,8.964345],[-79.546464,8.964408],[-79.546378,8.964583]]]}},{"type":"Feature","properties":{"name":null},"geometry":{"type":"Polygon","coordinates":[[[-79.546917,8.964836],[-79.546717,8.964943],[-79.546638,8.964798],[-79.546838,8.964691],[-79.546917,8.964836]]]}},{"type":"Feature","properties":{"name":"Castillo de Leon & Asociados"},"geometry":{"type":"Polygon","coordinates":[[[-79.544563,8.964158],[-79.544269,8.964171],[-79.544263,8.964034],[-79.544557,8.964022],[-79.544563,8.964158]]]}},{"type":"Feature","properties":{"name":null},"geometry":{"type":"Polygon","coordinates":[[[-79.547458,8.964486],[-79.547337,8.964514],[-79.547267,8.964215],[-79.547388,8.964187],[-79.547458,8.964486]]]}},{"type":"Feature","properties":{"name":null},"geometry":{"type":"Polygon","coordinates":[[[-79.544604,8.965193],[-79.544512,8.965197],[-79.544508,8.965081],[-79.5446,8.965078],[-79.544604,8.965193]]]}},{"type":"Feature","properties":{"name":null},"geometry":{"type":"Polygon","coordinates":[[[-79.5465,8.964202],[-79.546304,8.96424],[-79.546284,8.964138],[-79.54648,8.9641],[-79.5465,8.964202]]]}},{"type":"Feature","properties":{"name":null},"geometry":{"type":"Polygon","coordinates":[[[-79.546636,8.963834],[-79.546451,8.963922],[-79.546403,8.963824],[-79.546588,8.963735],[-79.546636,8.963834]]]}},{"type":"Feature","properties":{"name":null},"geometry":{"type":"Polygon","coordinates":[[[-79.547139,8.964831],[-79.547033,8.964847],[-79.54701,8.964691],[-79.547115,8.964676],[-79.547139,8.964831]]]}},{"type":"Feature","properties":{"name":null},"geometry":{"type":"Polygon","coordinates":[[[-79.546151,8.964253],[-79.545959,8.964257],[-79.545957,8.964167],[-79.546149,8.964163],[-79.546151,8.964253]]]}},{"type":"Feature","properties":{"name":null},"geometry":{"type":"Polygon","coordinates":[[[-79.545072,8.963898],[-79.54478,8.96391],[-79.544774,8.963769],[-79.545066,8.963757],[-79.545072,8.963898]]]}},{"type":"Feature","properties":{"name":null},"geometry":{"type":"Polygon","coordinates":[[[-79.546549,8.964873],[-79.546408,8.964945],[-79.546354,8.964841],[-79.546494,8.964769],[-79.546549,8.964873]]]}},{"type":"Feature","properties":{"name":null},"geometry":{"type":"Polygon","coordinates":[[[-79.545671,8.963537],[-79.545524,8.963392],[-79.545604,8.963313],[-79.545751,8.963458],[-79.545671,8.963537]]]}},{"type":"Feature","properties":{"name":null},"geometry":{"type":"Polygon","coordinates":[[[-79.547514,8.964697],[-79.547423,8.964738],[-79.547346,8.964741],[-79.547312,8.964616],[-79.54748,8.964572],[-79.547514,8.964697]]]}},{"type":"Feature","properties":{"name":null},"geometry":{"type":"Polygon","coordinates":[[[-79.546261,8.96492],[-79.546061,8.965033],[-79.545985,8.964903],[-79.546186,8.96479],[-79.546261,8.96492]]]}},{"type":"Feature","properties":{"name":null},"geometry":{"type":"Polygon","coordinates":[[[-79.546315,8.963977],[-79.546114,8.964017],[-79.54609,8.963897],[-79.54629,8.963857],[-79.546315,8.963977]]]}},{"type":"Feature","properties":{"name":null},"geometry":{"type":"Polygon","coordinates":[[[-79.546036,8.963598],[-79.545867,8.96363],[-79.545836,8.963466],[-79.546004,8.963435],[-79.546036,8.963598]]]}},{"type":"Feature","properties":{"name":null},"geometry":{"type":"Polygon","coordinates":[[[-79.546807,8.965136],[-79.546675,8.96521],[-79.546622,8.965117],[-79.546754,8.965044],[-79.546807,8.965136]]]}},{"type":"Feature","properties":{"name":null},"geometry":{"type":"Polygon","coordinates":[[[-79.545814,8.964274],[-79.545612,8.964244],[-79.545627,8.96414],[-79.54583,8.964169],[-79.545814,8.964274]]]}},{"type":"Feature","properties":{"name":"Edificio Poltec"},"geometry":{"type":"Polygon","coordinates":[[[-79.545858,8.965576],[-79.545614,8.965578],[-79.545613,8.965424],[-79.54571,8.965423],[-79.545857,8.965422],[-79.545858,8.965576]]]}},{"type":"Feature","properties":{"name":"Dirección de Investigación Judicial"},"geometry":{"type":"Polygon","coordinates":[[[-79.54571,8.965423],[-79.545613,8.965424],[-79.545319,8.965428],[-79.545168,8.965429],[-79.545002,8.965431],[-79.544838,8.965433],[-79.544832,8.964961],[-79.545704,8.964951],[-79.54571,8.965423]]]}},{"type":"Feature","properties":{"name":null},"geometry":{"type":"Polygon","coordinates":[[[-79.54462,8.965032],[-79.544493,8.965031],[-79.544493,8.964915],[-79.544432,8.964914],[-79.544386,8.964914],[-79.544386,8.964851],[-79.544434,8.964851],[-79.544493,8.964851],[-79.544493,8.964772],[-79.544621,8.964773],[-79.54462,8.965032]]]}},{"type":"Feature","properties":{"name":"Theatre Guild of Ancón"},"geometry":{"type":"Polygon","coordinates":[[[-79.545997,8.965372],[-79.545982,8.965053],[-79.545808,8.96506],[-79.545831,8.965381],[-79.545997,8.965372]]]}},{"type":"Feature","properties":{"name":null},"geometry":{"type":"Polygon","coordinates":[[[-79.534592,8.9628],[-79.534808,8.962822],[-79.534812,8.962709],[-79.53477,8.962705],[-79.534773,8.962667],[-79.534881,8.962676],[-79.534887,8.962601],[-79.53494,8.962604],[-79.534985,8.962606],[-79.534993,8.962503],[-79.534948,8.962499],[-79.534896,8.962496],[-79.534901,8.96242],[-79.534792,8.962412],[-79.534794,8.962381],[-79.534932,8.962388],[-79.534934,8.962345],[-79.534866,8.962311],[-79.53469,8.962298],[-79.534689,8.962324],[-79.534689,8.962336],[-79.534633,8.962326],[-79.534616,8.962398],[-79.534567,8.96241],[-79.534559,8.962533],[-79.534617,8.962533],[-79.534609,8.962607],[-79.534592,8.9628]]]}},{"type":"Feature","properties":{"name":"Palacio Municipal"},"geometry":{"type":"Polygon","coordinates":[[[-79.535051,8.952105],[-79.534964,8.952097],[-79.534899,8.952091],[-79.534816,8.952084],[-79.534834,8.951886],[-79.534975,8.951898],[-79.534978,8.951862],[-79.535072,8.95187],[-79.535051,8.952105]]]}},{"type":"Feature","properties":{"name":null},"geometry":{"type":"Polygon","coordinates":[[[-79.537183,8.953009],[-79.537176,8.953021],[-79.537152,8.953008],[-79.537141,8.953029],[-79.537165,8.953042],[-79.537129,8.953108],[-79.537019,8.953049],[-79.537048,8.952996],[-79.537111,8.952877],[-79.537119,8.952863],[-79.537184,8.952748],[-79.537294,8.952807],[-79.537231,8.952922],[-79.537183,8.953009]]]}},{"type":"Feature","properties":{"name":null},"geometry":{"type":"Polygon","coordinates":[[[-79.536059,8.951188],[-79.536055,8.951219],[-79.536122,8.951226],[-79.536114,8.951307],[-79.536145,8.95131],[-79.53622,8.951318],[-79.536232,8.951201],[-79.536241,8.951114],[-79.536068,8.951096],[-79.536059,8.951188]]]}},{"type":"Feature","properties":{"name":"PH Star and Herald"},"geometry":{"type":"Polygon","coordinates":[[[-79.535248,8.951155],[-79.535324,8.951163],[-79.535329,8.951164],[-79.535332,8.951144],[-79.535552,8.951169],[-79.535679,8.951183],[-79.535664,8.951322],[-79.535748,8.95133],[-79.53578,8.951334],[-79.535787,8.951276],[-79.535811,8.951074],[-79.535264,8.951013],[-79.535248,8.951155]]]}},{"type":"Feature","properties":{"name":"University Club"},"geometry":{"type":"Polygon","coordinates":[[[-79.532667,8.950827],[-79.532708,8.950964],[-79.532589,8.950993],[-79.532571,8.950998],[-79.532384,8.951044],[-79.532356,8.950899],[-79.532513,8.950863],[-79.532667,8.950827]]]}},{"type":"Feature","properties":{"name":"Casco Antiguo"},"geometry":{"type":"Polygon","coordinates":[[[-79.53843,8.952941],[-79.538218,8.952945],[-79.538212,8.952788],[-79.538208,8.952737],[-79.538264,8.952728],[-79.538265,8.952794],[-79.538327,8.952793],[-79.538429,8.952792],[-79.53843,8.952941]]]}},{"type":"Feature","properties":{"name":"Casa Abes"},"geometry":{"type":"Polygon","coordinates":[[[-79.535109,8.951518],[-79.534931,8.951501],[-79.534936,8.951453],[-79.534943,8.951376],[-79.535002,8.951381],[-79.535121,8.951393],[-79.535109,8.951518]]]}},{"type":"Feature","properties":{"name":"Museo de Arte Religioso [Antiguo Convento de Santo Domingo]"},"geometry":{"type":"Polygon","coordinates":[[[-79.533317,8.951379],[-79.533309,8.951469],[-79.533284,8.951712],[-79.533237,8.951708],[-79.533206,8.951705],[-79.53321,8.951666],[-79.533242,8.951669],[-79.533258,8.951518],[-79.533114,8.951503],[-79.533116,8.951476],[-79.533129,8.951361],[-79.533317,8.951379]]]}},{"type":"Feature","properties":{"name":"Parroquia de La Merced"},"geometry":{"type":"Polygon","coordinates":[[[-79.536735,8.952634],[-79.536778,8.952641],[-79.536771,8.952685],[-79.536756,8.952683],[-79.536736,8.952801],[-79.536752,8.952804],[-79.536746,8.952844],[-79.5367,8.952837],[-79.536703,8.952822],[-79.536601,8.952805],[-79.536397,8.952771],[-79.536426,8.952596],[-79.536733,8.952647],[-79.536735,8.952634]]]}},{"type":"Feature","properties":{"name":null},"geometry":{"type":"Polygon","coordinates":[[[-79.536929,8.954595],[-79.536928,8.954616],[-79.537005,8.954743],[-79.537123,8.954702],[-79.537091,8.954646],[-79.537143,8.954613],[-79.537189,8.954679],[-79.537199,8.954675],[-79.537263,8.954653],[-79.537314,8.954635],[-79.537305,8.954596],[-79.537287,8.954603],[-79.53725,8.954552],[-79.537272,8.954536],[-79.537207,8.954416],[-79.536929,8.954595]]]}},{"type":"Feature","properties":{"name":null},"geometry":{"type":"Polygon","coordinates":[[[-79.537952,8.951638],[-79.537942,8.951536],[-79.537779,8.951553],[-79.537784,8.951598],[-79.537733,8.951604],[-79.537728,8.951558],[-79.537713,8.95156],[-79.537603,8.951571],[-79.537606,8.951608],[-79.537612,8.951677],[-79.537698,8.951667],[-79.537813,8.951654],[-79.537952,8.951638]]]}},{"type":"Feature","properties":{"name":"Villa Agustina"},"geometry":{"type":"Polygon","coordinates":[[[-79.536463,8.951651],[-79.536055,8.951615],[-79.53606,8.951553],[-79.536089,8.951556],[-79.536097,8.951475],[-79.536127,8.951478],[-79.536384,8.9515],[-79.536397,8.95135],[-79.536364,8.951347],[-79.536374,8.951241],[-79.536498,8.951252],[-79.536463,8.951651]]]}},{"type":"Feature","properties":{"name":"Casa Amarilla"},"geometry":{"type":"Polygon","coordinates":[[[-79.533533,8.954093],[-79.533519,8.954252],[-79.533285,8.954232],[-79.533273,8.95437],[-79.533212,8.954365],[-79.533238,8.954068],[-79.533533,8.954093]]]}},{"type":"Feature","properties":{"name":"American Trade Hotel & Hall"},"geometry":{"type":"Polygon","coordinates":[[[-79.536867,8.952356],[-79.536934,8.952361],[-79.536946,8.952218],[-79.536684,8.952197],[-79.536673,8.95234],[-79.536737,8.952345],[-79.536733,8.952394],[-79.536669,8.952389],[-79.53666,8.952492],[-79.536855,8.952508],[-79.536863,8.952405],[-79.536798,8.952399],[-79.536802,8.952351],[-79.536867,8.952356]]]}},{"type":"Feature","properties":{"name":null},"geometry":{"type":"Polygon","coordinates":[[[-79.535959,8.95376],[-79.536087,8.95377],[-79.536146,8.953689],[-79.536154,8.953612],[-79.536113,8.953607],[-79.536034,8.953597],[-79.536032,8.953636],[-79.535916,8.953623],[-79.535919,8.953584],[-79.535823,8.953572],[-79.535812,8.953708],[-79.535807,8.953752],[-79.535959,8.95376]]]}},{"type":"Feature","properties":{"name":null},"geometry":{"type":"Polygon","coordinates":[[[-79.533124,8.951238],[-79.532937,8.951223],[-79.532942,8.951104],[-79.532954,8.951099],[-79.532959,8.951033],[-79.533015,8.95103],[-79.533019,8.951046],[-79.533139,8.951043],[-79.533129,8.951178],[-79.533124,8.951238]]]}},{"type":"Feature","properties":{"name":null},"geometry":{"type":"Polygon","coordinates":[[[-79.536145,8.95131],[-79.536127,8.951478],[-79.536097,8.951475],[-79.536108,8.951361],[-79.536114,8.951307],[-79.536145,8.95131]]]}},{"type":"Feature","properties":{"name":null},"geometry":{"type":"Polygon","coordinates":[[[-79.534853,8.951135],[-79.53486,8.95105],[-79.534724,8.951039],[-79.534717,8.951124],[-79.534853,8.951135]]]}},{"type":"Feature","properties":{"name":null},"geometry":{"type":"Polygon","coordinates":[[[-79.534834,8.951354],[-79.534842,8.951269],[-79.534705,8.951258],[-79.534698,8.951343],[-79.534834,8.951354]]]}},{"type":"Feature","properties":{"name":null},"geometry":{"type":"Polygon","coordinates":[[[-79.537016,8.954027],[-79.536943,8.95395],[-79.537088,8.953814],[-79.537162,8.953891],[-79.537016,8.954027]]]}},{"type":"Feature","properties":{"name":null},"geometry":{"type":"Polygon","coordinates":[[[-79.538459,8.952185],[-79.53846,8.952234],[-79.53846,8.952258],[-79.538417,8.952293],[-79.538407,8.952285],[-79.538284,8.952286],[-79.538278,8.952186],[-79.538459,8.952185]]]}},{"type":"Feature","properties":{"name":null},"geometry":{"type":"Polygon","coordinates":[[[-79.538428,8.952752],[-79.538429,8.952662],[-79.538326,8.952667],[-79.538325,8.952748],[-79.538428,8.952752]]]}},{"type":"Feature","properties":{"name":null},"geometry":{"type":"Polygon","coordinates":[[[-79.53529,8.953242],[-79.535265,8.953518],[-79.535068,8.9535],[-79.535081,8.953362],[-79.535094,8.953224],[-79.53529,8.953242]]]}},{"type":"Feature","properties":{"name":null},"geometry":{"type":"Polygon","coordinates":[[[-79.537663,8.953402],[-79.53771,8.953512],[-79.537845,8.953431],[-79.537779,8.953343],[-79.537663,8.953402]]]}},{"type":"Feature","properties":{"name":null},"geometry":{"type":"Polygon","coordinates":[[[-79.538443,8.95377],[-79.538281,8.953843],[-79.538233,8.953758],[-79.538391,8.95367],[-79.538443,8.95377]]]}},{"type":"Feature","properties":{"name":"P.H. Casa Rio"},"geometry":{"type":"Polygon","coordinates":[[[-79.536909,8.953359],[-79.536792,8.953341],[-79.536806,8.953262],[-79.536926,8.953285],[-79.536909,8.953359]]]}},{"type":"Feature","properties":{"name":null},"geometry":{"type":"Polygon","coordinates":[[[-79.535213,8.951393],[-79.535145,8.951387],[-79.535154,8.951285],[-79.535223,8.951292],[-79.535213,8.951393]]]}},{"type":"Feature","properties":{"name":null},"geometry":{"type":"Polygon","coordinates":[[[-79.538645,8.954156],[-79.53853,8.953935],[-79.538464,8.953962],[-79.538561,8.954185],[-79.538645,8.954156]]]}},{"type":"Feature","properties":{"name":"Tantalo Hotel"},"geometry":{"type":"Polygon","coordinates":[[[-79.535876,8.953267],[-79.535896,8.953038],[-79.535735,8.953023],[-79.535716,8.953254],[-79.535876,8.953267]]]}},{"type":"Feature","properties":{"name":null},"geometry":{"type":"Polygon","coordinates":[[[-79.538457,8.952076],[-79.538455,8.951964],[-79.538433,8.951948],[-79.538264,8.951929],[-79.538272,8.952072],[-79.538305,8.952073],[-79.538305,8.95204],[-79.538345,8.95204],[-79.538345,8.952073],[-79.538457,8.952076]]]}},{"type":"Feature","properties":{"name":null},"geometry":{"type":"Polygon","coordinates":[[[-79.5353,8.953034],[-79.535284,8.953205],[-79.535213,8.953198],[-79.535228,8.953027],[-79.5353,8.953034]]]}},{"type":"Feature","properties":{"name":null},"geometry":{"type":"Polygon","coordinates":[[[-79.534521,8.953467],[-79.534623,8.953475],[-79.534639,8.953288],[-79.534538,8.953279],[-79.534521,8.953467]]]}},{"type":"Feature","properties":{"name":null},"geometry":{"type":"Polygon","coordinates":[[[-79.532766,8.951119],[-79.532784,8.951203],[-79.532782,8.951274],[-79.532692,8.951264],[-79.532692,8.951232],[-79.532686,8.951139],[-79.532766,8.951119]]]}},{"type":"Feature","properties":{"name":null},"geometry":{"type":"Polygon","coordinates":[[[-79.538458,8.952137],[-79.538459,8.952185],[-79.538278,8.952186],[-79.538275,8.952135],[-79.538458,8.952137]]]}},{"type":"Feature","properties":{"name":null},"geometry":{"type":"Polygon","coordinates":[[[-79.532526,8.951691],[-79.532643,8.951697],[-79.532649,8.951641],[-79.532532,8.95163],[-79.532526,8.951691]]]}},{"type":"Feature","properties":{"name":null},"geometry":{"type":"Polygon","coordinates":[[[-79.536364,8.951173],[-79.536502,8.951188],[-79.536507,8.951141],[-79.536369,8.951127],[-79.536364,8.951173]]]}},{"type":"Feature","properties":{"name":null},"geometry":{"type":"Polygon","coordinates":[[[-79.537015,8.953376],[-79.536909,8.953359],[-79.536926,8.953285],[-79.536939,8.953229],[-79.537071,8.95325],[-79.537015,8.953376]]]}},{"type":"Feature","properties":{"name":null},"geometry":{"type":"Polygon","coordinates":[[[-79.533827,8.951387],[-79.533746,8.951379],[-79.533755,8.951257],[-79.533842,8.951266],[-79.533827,8.951387]]]}},{"type":"Feature","properties":{"name":"American Trade Hall"},"geometry":{"type":"Polygon","coordinates":[[[-79.537225,8.952591],[-79.537066,8.95251],[-79.537103,8.952067],[-79.537265,8.952128],[-79.537225,8.952591]]]}},{"type":"Feature","properties":{"name":null},"geometry":{"type":"Polygon","coordinates":[[[-79.538198,8.954651],[-79.538249,8.954638],[-79.538191,8.954398],[-79.538144,8.954414],[-79.538198,8.954651]]]}},{"type":"Feature","properties":{"name":null},"geometry":{"type":"Polygon","coordinates":[[[-79.532081,8.950523],[-79.531919,8.950559],[-79.531893,8.950445],[-79.532055,8.95041],[-79.532081,8.950523]]]}},{"type":"Feature","properties":{"name":null},"geometry":{"type":"Polygon","coordinates":[[[-79.532649,8.951641],[-79.532663,8.951512],[-79.532506,8.951497],[-79.532493,8.951626],[-79.532532,8.95163],[-79.532649,8.951641]]]}},{"type":"Feature","properties":{"name":null},"geometry":{"type":"Polygon","coordinates":[[[-79.533484,8.953867],[-79.533479,8.953927],[-79.533313,8.953914],[-79.533317,8.953855],[-79.533484,8.953867]]]}},{"type":"Feature","properties":{"name":null},"geometry":{"type":"Polygon","coordinates":[[[-79.536242,8.952093],[-79.53625,8.951994],[-79.536261,8.951878],[-79.536286,8.95188],[-79.53629,8.951841],[-79.536224,8.951835],[-79.536218,8.951909],[-79.536132,8.951902],[-79.536058,8.951895],[-79.536057,8.951912],[-79.536042,8.952075],[-79.536242,8.952093]]]}},{"type":"Feature","properties":{"name":null},"geometry":{"type":"Polygon","coordinates":[[[-79.535536,8.953048],[-79.535517,8.953229],[-79.535354,8.953212],[-79.535372,8.953033],[-79.535536,8.953048]]]}},{"type":"Feature","properties":{"name":null},"geometry":{"type":"Polygon","coordinates":[[[-79.533686,8.953671],[-79.533676,8.953801],[-79.533507,8.953788],[-79.533509,8.953766],[-79.533518,8.953659],[-79.533686,8.953671]]]}},{"type":"Feature","properties":{"name":null},"geometry":{"type":"Polygon","coordinates":[[[-79.538305,8.953398],[-79.538296,8.953355],[-79.538274,8.953289],[-79.538196,8.95335],[-79.538265,8.953427],[-79.538305,8.953398]]]}},{"type":"Feature","properties":{"name":null},"geometry":{"type":"Polygon","coordinates":[[[-79.537952,8.951638],[-79.537968,8.951804],[-79.537823,8.951789],[-79.537813,8.951654],[-79.537952,8.951638]]]}},{"type":"Feature","properties":{"name":null},"geometry":{"type":"Polygon","coordinates":[[[-79.534266,8.951314],[-79.534256,8.951424],[-79.534154,8.951414],[-79.534166,8.951303],[-79.534266,8.951314]]]}},{"type":"Feature","properties":{"name":null},"geometry":{"type":"Polygon","coordinates":[[[-79.534239,8.951907],[-79.534208,8.951904],[-79.534139,8.951898],[-79.534134,8.951965],[-79.534109,8.952237],[-79.534209,8.952246],[-79.534239,8.951907]]]}},{"type":"Feature","properties":{"name":null},"geometry":{"type":"Polygon","coordinates":[[[-79.534433,8.951623],[-79.534532,8.951632],[-79.53454,8.951538],[-79.534544,8.951499],[-79.534446,8.95149],[-79.534433,8.951623]]]}},{"type":"Feature","properties":{"name":null},"geometry":{"type":"Polygon","coordinates":[[[-79.533799,8.952491],[-79.533792,8.952556],[-79.533658,8.952541],[-79.53366,8.952525],[-79.533665,8.952477],[-79.533697,8.952481],[-79.533799,8.952491]]]}},{"type":"Feature","properties":{"name":null},"geometry":{"type":"Polygon","coordinates":[[[-79.538625,8.954485],[-79.53865,8.95456],[-79.538834,8.954518],[-79.53879,8.954433],[-79.538625,8.954485]]]}},{"type":"Feature","properties":{"name":null},"geometry":{"type":"Polygon","coordinates":[[[-79.532334,8.950978],[-79.532321,8.950906],[-79.532213,8.950925],[-79.532226,8.950997],[-79.532334,8.950978]]]}},{"type":"Feature","properties":{"name":null},"geometry":{"type":"Polygon","coordinates":[[[-79.53675,8.951682],[-79.536796,8.951686],[-79.536851,8.951692],[-79.536852,8.951683],[-79.536856,8.951456],[-79.536757,8.951453],[-79.53675,8.951682]]]}},{"type":"Feature","properties":{"name":null},"geometry":{"type":"Polygon","coordinates":[[[-79.533643,8.951368],[-79.533746,8.951379],[-79.533755,8.951257],[-79.533649,8.951249],[-79.533643,8.951368]]]}},{"type":"Feature","properties":{"name":null},"geometry":{"type":"Polygon","coordinates":[[[-79.536585,8.952954],[-79.536587,8.952936],[-79.536595,8.952866],[-79.536601,8.952805],[-79.536703,8.952822],[-79.5367,8.952837],[-79.536746,8.952844],[-79.536797,8.952851],[-79.536777,8.952988],[-79.536618,8.95296],[-79.536585,8.952954]]]}},{"type":"Feature","properties":{"name":null},"geometry":{"type":"Polygon","coordinates":[[[-79.537361,8.954822],[-79.537253,8.954844],[-79.537199,8.954675],[-79.537263,8.954653],[-79.537278,8.954705],[-79.537328,8.954691],[-79.537361,8.954822]]]}},{"type":"Feature","properties":{"name":null},"geometry":{"type":"Polygon","coordinates":[[[-79.538283,8.953124],[-79.53828,8.953023],[-79.538195,8.953026],[-79.538201,8.953125],[-79.538283,8.953124]]]}},{"type":"Feature","properties":{"name":"Mansion Calvo"},"geometry":{"type":"Polygon","coordinates":[[[-79.533827,8.951387],[-79.533842,8.951266],[-79.533923,8.951273],[-79.533913,8.951377],[-79.533899,8.951394],[-79.533827,8.951387]]]}},{"type":"Feature","properties":{"name":null},"geometry":{"type":"Polygon","coordinates":[[[-79.538645,8.954156],[-79.538717,8.954292],[-79.538526,8.954361],[-79.538499,8.954291],[-79.53847,8.954217],[-79.538561,8.954185],[-79.538645,8.954156]]]}},{"type":"Feature","properties":{"name":"Las Clementinas"},"geometry":{"type":"Polygon","coordinates":[[[-79.537129,8.953622],[-79.537181,8.953491],[-79.537181,8.95348],[-79.537175,8.953469],[-79.537084,8.953453],[-79.537028,8.953581],[-79.537129,8.953622]]]}},{"type":"Feature","properties":{"name":null},"geometry":{"type":"Polygon","coordinates":[[[-79.53842,8.953396],[-79.538305,8.953398],[-79.538299,8.953124],[-79.538419,8.953123],[-79.53842,8.953396]]]}},{"type":"Feature","properties":{"name":null},"geometry":{"type":"Polygon","coordinates":[[[-79.535368,8.951542],[-79.535286,8.951534],[-79.535298,8.951417],[-79.535338,8.95142],[-79.535346,8.951342],[-79.535306,8.951338],[-79.535309,8.9513],[-79.535313,8.951265],[-79.535356,8.951269],[-79.535395,8.951273],[-79.535368,8.951542]]]}},{"type":"Feature","properties":{"name":null},"geometry":{"type":"Polygon","coordinates":[[[-79.536648,8.953521],[-79.536633,8.95362],[-79.53671,8.953596],[-79.536744,8.953531],[-79.536773,8.953401],[-79.536668,8.953388],[-79.536648,8.953521]]]}},{"type":"Feature","properties":{"name":"Hotel San Felipe"},"geometry":{"type":"Polygon","coordinates":[[[-79.536125,8.952772],[-79.536066,8.952766],[-79.536081,8.952624],[-79.536021,8.952618],[-79.536007,8.952761],[-79.535949,8.952755],[-79.535962,8.952613],[-79.535974,8.952486],[-79.536151,8.952502],[-79.536125,8.952772]]]}},{"type":"Feature","properties":{"name":"PH Portales"},"geometry":{"type":"Polygon","coordinates":[[[-79.536546,8.953321],[-79.536338,8.953305],[-79.53636,8.953076],[-79.536569,8.953105],[-79.536564,8.953152],[-79.536476,8.953142],[-79.536471,8.953212],[-79.536504,8.953215],[-79.536505,8.953205],[-79.536558,8.953209],[-79.536546,8.953321]]]}},{"type":"Feature","properties":{"name":"La Casa del Soldado, Centro Cultural de España"},"geometry":{"type":"Polygon","coordinates":[[[-79.531856,8.950759],[-79.531913,8.950727],[-79.531859,8.950568],[-79.531768,8.950631],[-79.531856,8.950759]]]}},{"type":"Feature","properties":{"name":"Museo Mercedario"},"geometry":{"type":"Polygon","coordinates":[[[-79.536601,8.952805],[-79.536595,8.952866],[-79.536504,8.952855],[-79.536497,8.952923],[-79.536375,8.952905],[-79.536391,8.95277],[-79.536397,8.952771],[-79.536601,8.952805]]]}},{"type":"Feature","properties":{"name":null},"geometry":{"type":"Polygon","coordinates":[[[-79.535506,8.953373],[-79.535397,8.953364],[-79.535407,8.953252],[-79.535517,8.953264],[-79.535506,8.953373]]]}},{"type":"Feature","properties":{"name":null},"geometry":{"type":"Polygon","coordinates":[[[-79.534641,8.953949],[-79.53488,8.953965],[-79.534891,8.953816],[-79.53482,8.953811],[-79.534815,8.953881],[-79.534763,8.953878],[-79.534768,8.953808],[-79.534651,8.953799],[-79.534641,8.953949]]]}},{"type":"Feature","properties":{"name":null},"geometry":{"type":"Polygon","coordinates":[[[-79.537913,8.954185],[-79.537862,8.953964],[-79.537959,8.95391],[-79.538049,8.95413],[-79.537913,8.954185]]]}},{"type":"Feature","properties":{"name":null},"geometry":{"type":"Polygon","coordinates":[[[-79.53623,8.951317],[-79.536227,8.951349],[-79.536362,8.951363],[-79.536364,8.951347],[-79.536374,8.951241],[-79.53624,8.951229],[-79.53623,8.951317]]]}},{"type":"Feature","properties":{"name":"Hotel Casa Magnolia"},"geometry":{"type":"Polygon","coordinates":[[[-79.535977,8.952892],[-79.535997,8.952894],[-79.536007,8.952784],[-79.535785,8.952766],[-79.535754,8.952792],[-79.535747,8.952873],[-79.535977,8.952892]]]}},{"type":"Feature","properties":{"name":null},"geometry":{"type":"Polygon","coordinates":[[[-79.537429,8.954473],[-79.537374,8.954304],[-79.537452,8.954255],[-79.537502,8.954334],[-79.537528,8.954398],[-79.537536,8.954432],[-79.537429,8.954473]]]}},{"type":"Feature","properties":{"name":"Antiguo Hotel Colombia"},"geometry":{"type":"Polygon","coordinates":[[[-79.533904,8.953417],[-79.533935,8.953123],[-79.533772,8.953106],[-79.533751,8.953315],[-79.533742,8.9534],[-79.533904,8.953417]]]}},{"type":"Feature","properties":{"name":null},"geometry":{"type":"Polygon","coordinates":[[[-79.532513,8.950863],[-79.532474,8.950695],[-79.532326,8.950729],[-79.532356,8.950899],[-79.532513,8.950863]]]}},{"type":"Feature","properties":{"name":null},"geometry":{"type":"Polygon","coordinates":[[[-79.536232,8.951201],[-79.536359,8.951214],[-79.536364,8.951173],[-79.536369,8.951127],[-79.536241,8.951114],[-79.536232,8.951201]]]}},{"type":"Feature","properties":{"name":null},"geometry":{"type":"Polygon","coordinates":[[[-79.534341,8.953534],[-79.534331,8.953622],[-79.534168,8.953604],[-79.534178,8.953517],[-79.534341,8.953534]]]}},{"type":"Feature","properties":{"name":null},"geometry":{"type":"Polygon","coordinates":[[[-79.535855,8.951568],[-79.535845,8.951579],[-79.535828,8.951587],[-79.535723,8.951577],[-79.535737,8.951443],[-79.535867,8.951456],[-79.535855,8.951568]]]}},{"type":"Feature","properties":{"name":"Villa Amazónica"},"geometry":{"type":"Polygon","coordinates":[[[-79.535876,8.953267],[-79.535946,8.953273],[-79.535965,8.953044],[-79.535896,8.953038],[-79.535876,8.953267]]]}},{"type":"Feature","properties":{"name":null},"geometry":{"type":"Polygon","coordinates":[[[-79.53614,8.951819],[-79.536295,8.951829],[-79.536309,8.951679],[-79.536153,8.951664],[-79.53614,8.951819]]]}},{"type":"Feature","properties":{"name":null},"geometry":{"type":"Polygon","coordinates":[[[-79.535787,8.951276],[-79.535885,8.951287],[-79.535908,8.951085],[-79.535811,8.951074],[-79.535787,8.951276]]]}},{"type":"Feature","properties":{"name":"P.H. Herederos"},"geometry":{"type":"Polygon","coordinates":[[[-79.532364,8.951145],[-79.532248,8.951166],[-79.532217,8.950998],[-79.532226,8.950997],[-79.532334,8.950978],[-79.532364,8.951145]]]}},{"type":"Feature","properties":{"name":null},"geometry":{"type":"Polygon","coordinates":[[[-79.53826,8.952269],[-79.538268,8.952349],[-79.538094,8.952379],[-79.538081,8.952295],[-79.53826,8.952269]]]}},{"type":"Feature","properties":{"name":null},"geometry":{"type":"Polygon","coordinates":[[[-79.536647,8.951381],[-79.536646,8.951449],[-79.536511,8.951444],[-79.536515,8.951375],[-79.536529,8.951377],[-79.536647,8.951381]]]}},{"type":"Feature","properties":{"name":null},"geometry":{"type":"Polygon","coordinates":[[[-79.534368,8.953285],[-79.53426,8.953274],[-79.534272,8.953146],[-79.53438,8.953156],[-79.534368,8.953285]]]}},{"type":"Feature","properties":{"name":"Junta Comunal de San Felipe"},"geometry":{"type":"Polygon","coordinates":[[[-79.538235,8.951388],[-79.537994,8.951427],[-79.537978,8.951319],[-79.538218,8.95129],[-79.538235,8.951388]]]}},{"type":"Feature","properties":{"name":null},"geometry":{"type":"Polygon","coordinates":[[[-79.533149,8.951839],[-79.53304,8.951829],[-79.533052,8.951694],[-79.533162,8.951704],[-79.533149,8.951839]]]}},{"type":"Feature","properties":{"name":null},"geometry":{"type":"Polygon","coordinates":[[[-79.535801,8.951011],[-79.535819,8.950883],[-79.535631,8.950857],[-79.535613,8.950986],[-79.535801,8.951011]]]}},{"type":"Feature","properties":{"name":"La Concordia"},"geometry":{"type":"Polygon","coordinates":[[[-79.538031,8.952958],[-79.537949,8.952963],[-79.537831,8.952951],[-79.537814,8.952932],[-79.537813,8.952906],[-79.538017,8.952726],[-79.538023,8.952821],[-79.53803,8.952952],[-79.538031,8.952958]]]}},{"type":"Feature","properties":{"name":null},"geometry":{"type":"Polygon","coordinates":[[[-79.533594,8.952195],[-79.533461,8.952182],[-79.533473,8.952057],[-79.533606,8.95207],[-79.533594,8.952195]]]}},{"type":"Feature","properties":{"name":"Fundación Olga Sinclair"},"geometry":{"type":"Polygon","coordinates":[[[-79.537706,8.951776],[-79.53762,8.951766],[-79.537612,8.951677],[-79.537698,8.951667],[-79.537706,8.951776]]]}},{"type":"Feature","properties":{"name":null},"geometry":{"type":"Polygon","coordinates":[[[-79.53427,8.951608],[-79.534433,8.951623],[-79.534446,8.95149],[-79.534283,8.951475],[-79.53427,8.951608]]]}},{"type":"Feature","properties":{"name":null},"geometry":{"type":"Polygon","coordinates":[[[-79.534494,8.953465],[-79.534381,8.953455],[-79.534367,8.953614],[-79.53448,8.953622],[-79.534494,8.953465]]]}},{"type":"Feature","properties":{"name":null},"geometry":{"type":"Polygon","coordinates":[[[-79.535517,8.953229],[-79.535685,8.953246],[-79.535704,8.953065],[-79.535536,8.953048],[-79.535517,8.953229]]]}},{"type":"Feature","properties":{"name":null},"geometry":{"type":"Polygon","coordinates":[[[-79.536855,8.952508],[-79.536922,8.952513],[-79.536934,8.952361],[-79.536867,8.952356],[-79.536863,8.952405],[-79.536855,8.952508]]]}},{"type":"Feature","properties":{"name":null},"geometry":{"type":"Polygon","coordinates":[[[-79.533661,8.953928],[-79.533579,8.953921],[-79.533584,8.953867],[-79.533539,8.953864],[-79.533535,8.953921],[-79.533524,8.954045],[-79.53365,8.954056],[-79.533661,8.953928]]]}},{"type":"Feature","properties":{"name":"Casa de la Municipalidad"},"geometry":{"type":"Polygon","coordinates":[[[-79.537096,8.952868],[-79.537056,8.952851],[-79.537031,8.95284],[-79.536992,8.952823],[-79.536925,8.952792],[-79.53697,8.952693],[-79.537037,8.952723],[-79.53705,8.952693],[-79.537089,8.95271],[-79.537075,8.95274],[-79.537141,8.952769],[-79.537096,8.952868]]]}},{"type":"Feature","properties":{"name":null},"geometry":{"type":"Polygon","coordinates":[[[-79.534331,8.953622],[-79.534324,8.953709],[-79.534101,8.953686],[-79.534111,8.953598],[-79.534168,8.953604],[-79.534331,8.953622]]]}},{"type":"Feature","properties":{"name":"Cervecería La Rana Dorada"},"geometry":{"type":"Polygon","coordinates":[[[-79.536338,8.952943],[-79.53635,8.952815],[-79.536133,8.952796],[-79.536121,8.952924],[-79.536146,8.952926],[-79.536338,8.952943]]]}},{"type":"Feature","properties":{"name":null},"geometry":{"type":"Polygon","coordinates":[[[-79.537712,8.953742],[-79.537648,8.953683],[-79.537589,8.953746],[-79.537653,8.953805],[-79.537695,8.95376],[-79.537712,8.953742]]]}},{"type":"Feature","properties":{"name":null},"geometry":{"type":"Polygon","coordinates":[[[-79.533518,8.952649],[-79.533601,8.952656],[-79.533607,8.952588],[-79.533611,8.952538],[-79.533525,8.952531],[-79.53343,8.952524],[-79.533421,8.952642],[-79.533518,8.952649]]]}},{"type":"Feature","properties":{"name":"Palacio de Las Garzas [Presidencia De La República]"},"geometry":{"type":"Polygon","coordinates":[[[-79.534609,8.953633],[-79.53448,8.953622],[-79.534367,8.953614],[-79.534335,8.954006],[-79.534577,8.954025],[-79.534584,8.953948],[-79.534609,8.953633]]]}},{"type":"Feature","properties":{"name":null},"geometry":{"type":"Polygon","coordinates":[[[-79.532343,8.951486],[-79.532506,8.951497],[-79.532493,8.951626],[-79.532345,8.95161],[-79.532343,8.951486]]]}},{"type":"Feature","properties":{"name":null},"geometry":{"type":"Polygon","coordinates":[[[-79.536142,8.952313],[-79.536095,8.952309],[-79.536041,8.952304],[-79.535985,8.952299],[-79.535973,8.952433],[-79.53613,8.952447],[-79.536142,8.952313]]]}},{"type":"Feature","properties":{"name":null},"geometry":{"type":"Polygon","coordinates":[[[-79.53305,8.951846],[-79.532942,8.951834],[-79.532929,8.952006],[-79.532925,8.952062],[-79.533032,8.952082],[-79.533048,8.951886],[-79.53305,8.951846]]]}},{"type":"Feature","properties":{"name":"Casa Cordoves de Leon"},"geometry":{"type":"Polygon","coordinates":[[[-79.536808,8.953969],[-79.536725,8.953878],[-79.536766,8.953854],[-79.536778,8.95387],[-79.536822,8.953837],[-79.536804,8.953813],[-79.536839,8.953783],[-79.536871,8.953831],[-79.536913,8.953895],[-79.536808,8.953969]]]}},{"type":"Feature","properties":{"name":null},"geometry":{"type":"Polygon","coordinates":[[[-79.535085,8.95173],[-79.535072,8.95187],[-79.534978,8.951862],[-79.534991,8.951722],[-79.535085,8.95173]]]}},{"type":"Feature","properties":{"name":null},"geometry":{"type":"Polygon","coordinates":[[[-79.536563,8.953621],[-79.536601,8.953625],[-79.536618,8.953519],[-79.536648,8.953521],[-79.536668,8.953388],[-79.536585,8.953379],[-79.536563,8.953621]]]}},{"type":"Feature","properties":{"name":null},"geometry":{"type":"Polygon","coordinates":[[[-79.534368,8.953285],[-79.534349,8.953464],[-79.534179,8.953446],[-79.534118,8.95344],[-79.534131,8.953315],[-79.534207,8.953322],[-79.534212,8.953269],[-79.53426,8.953274],[-79.534368,8.953285]]]}},{"type":"Feature","properties":{"name":null},"geometry":{"type":"Polygon","coordinates":[[[-79.535723,8.951577],[-79.535639,8.951568],[-79.535653,8.951436],[-79.535664,8.951322],[-79.535748,8.95133],[-79.535737,8.951443],[-79.535723,8.951577]]]}},{"type":"Feature","properties":{"name":null},"geometry":{"type":"Polygon","coordinates":[[[-79.535239,8.953584],[-79.535228,8.953695],[-79.535224,8.953733],[-79.535151,8.953727],[-79.534957,8.953713],[-79.534969,8.953564],[-79.535052,8.95357],[-79.535239,8.953584]]]}},{"type":"Feature","properties":{"name":null},"geometry":{"type":"Polygon","coordinates":[[[-79.538717,8.954292],[-79.53879,8.954433],[-79.538625,8.954485],[-79.53858,8.954499],[-79.538526,8.954361],[-79.538717,8.954292]]]}},{"type":"Feature","properties":{"name":null},"geometry":{"type":"Polygon","coordinates":[[[-79.534649,8.953176],[-79.534639,8.953288],[-79.534538,8.953279],[-79.534399,8.953265],[-79.53441,8.953153],[-79.534649,8.953176]]]}},{"type":"Feature","properties":{"name":null},"geometry":{"type":"Polygon","coordinates":[[[-79.533594,8.952195],[-79.533701,8.952204],[-79.533714,8.952065],[-79.533726,8.951934],[-79.533673,8.951929],[-79.53362,8.951924],[-79.533606,8.95207],[-79.533594,8.952195]]]}},{"type":"Feature","properties":{"name":null},"geometry":{"type":"Polygon","coordinates":[[[-79.538268,8.952349],[-79.538275,8.952418],[-79.538156,8.952523],[-79.538115,8.952511],[-79.538094,8.952379],[-79.538268,8.952349]]]}},{"type":"Feature","properties":{"name":null},"geometry":{"type":"Polygon","coordinates":[[[-79.538249,8.954638],[-79.538356,8.954611],[-79.538313,8.954445],[-79.538275,8.954455],[-79.538284,8.954491],[-79.538253,8.954499],[-79.538246,8.954474],[-79.538256,8.954471],[-79.538249,8.954445],[-79.538309,8.954429],[-79.538292,8.954363],[-79.538191,8.954398],[-79.538249,8.954638]]]}},{"type":"Feature","properties":{"name":"Casa Zarak"},"geometry":{"type":"Polygon","coordinates":[[[-79.532667,8.950827],[-79.532589,8.950667],[-79.532474,8.950695],[-79.532513,8.950863],[-79.532667,8.950827]]]}},{"type":"Feature","properties":{"name":null},"geometry":{"type":"Polygon","coordinates":[[[-79.532254,8.950564],[-79.53226,8.950592],[-79.532255,8.950593],[-79.53193,8.950661],[-79.531924,8.950633],[-79.532109,8.950594],[-79.532254,8.950564]]]}},{"type":"Feature","properties":{"name":null},"geometry":{"type":"Polygon","coordinates":[[[-79.533938,8.952575],[-79.53404,8.952585],[-79.53403,8.952689],[-79.533811,8.952668],[-79.533822,8.952563],[-79.533938,8.952575]]]}},{"type":"Feature","properties":{"name":null},"geometry":{"type":"Polygon","coordinates":[[[-79.533606,8.95207],[-79.53362,8.951924],[-79.533487,8.951912],[-79.533473,8.952057],[-79.533606,8.95207]]]}},{"type":"Feature","properties":{"name":null},"geometry":{"type":"Polygon","coordinates":[[[-79.534891,8.953816],[-79.534899,8.9537],[-79.53466,8.953682],[-79.534651,8.953799],[-79.534768,8.953808],[-79.53482,8.953811],[-79.534891,8.953816]]]}},{"type":"Feature","properties":{"name":null},"geometry":{"type":"Polygon","coordinates":[[[-79.533501,8.953766],[-79.533499,8.953804],[-79.533489,8.953804],[-79.533484,8.953867],[-79.533317,8.953855],[-79.533323,8.953754],[-79.533501,8.953766]]]}},{"type":"Feature","properties":{"name":null},"geometry":{"type":"Polygon","coordinates":[[[-79.534899,8.9537],[-79.534911,8.953548],[-79.534805,8.95354],[-79.534672,8.95353],[-79.53466,8.953682],[-79.534899,8.9537]]]}},{"type":"Feature","properties":{"name":"Casco Viejo Hostel"},"geometry":{"type":"Polygon","coordinates":[[[-79.537839,8.954413],[-79.537767,8.954031],[-79.537545,8.954196],[-79.537656,8.954455],[-79.537839,8.954413]]]}},{"type":"Feature","properties":{"name":"Arco Chato"},"geometry":{"type":"Polygon","coordinates":[[[-79.533309,8.951469],[-79.533458,8.951484],[-79.533434,8.951721],[-79.533476,8.951725],[-79.533461,8.951875],[-79.533222,8.951852],[-79.533237,8.951708],[-79.533284,8.951712],[-79.533309,8.951469]]]}},{"type":"Feature","properties":{"name":null},"geometry":{"type":"Polygon","coordinates":[[[-79.53846,8.953802],[-79.538301,8.953876],[-79.538375,8.953998],[-79.538464,8.953962],[-79.53853,8.953935],[-79.53846,8.953802]]]}},{"type":"Feature","properties":{"name":null},"geometry":{"type":"Polygon","coordinates":[[[-79.532516,8.951374],[-79.532509,8.951453],[-79.532506,8.951497],[-79.532663,8.951512],[-79.532683,8.951318],[-79.532521,8.951305],[-79.532516,8.951374]]]}},{"type":"Feature","properties":{"name":null},"geometry":{"type":"Polygon","coordinates":[[[-79.538458,8.952137],[-79.538275,8.952135],[-79.538272,8.952072],[-79.538305,8.952073],[-79.538345,8.952073],[-79.538457,8.952076],[-79.538458,8.952137]]]}},{"type":"Feature","properties":{"name":null},"geometry":{"type":"Polygon","coordinates":[[[-79.538429,8.952792],[-79.538428,8.952752],[-79.538325,8.952748],[-79.538327,8.952793],[-79.538429,8.952792]]]}},{"type":"Feature","properties":{"name":null},"geometry":{"type":"Polygon","coordinates":[[[-79.534492,8.952036],[-79.534502,8.951938],[-79.53439,8.951927],[-79.534356,8.951924],[-79.534347,8.952022],[-79.534404,8.952028],[-79.534492,8.952036]]]}},{"type":"Feature","properties":{"name":"Casa Lola"},"geometry":{"type":"Polygon","coordinates":[[[-79.536559,8.95413],[-79.536415,8.954042],[-79.536506,8.953926],[-79.536528,8.953939],[-79.536543,8.953913],[-79.536582,8.953941],[-79.536607,8.9539],[-79.536661,8.953976],[-79.536559,8.95413]]]}},{"type":"Feature","properties":{"name":null},"geometry":{"type":"Polygon","coordinates":[[[-79.534555,8.951452],[-79.534458,8.951443],[-79.534472,8.951263],[-79.534571,8.951271],[-79.534555,8.951452]]]}},{"type":"Feature","properties":{"name":null},"geometry":{"type":"Polygon","coordinates":[[[-79.535986,8.951798],[-79.535977,8.951905],[-79.536057,8.951912],[-79.536058,8.951895],[-79.536132,8.951902],[-79.53614,8.951819],[-79.536153,8.951664],[-79.536,8.951649],[-79.535986,8.951798]]]}},{"type":"Feature","properties":{"name":null},"geometry":{"type":"Polygon","coordinates":[[[-79.532692,8.95148],[-79.532801,8.951491],[-79.532817,8.951329],[-79.532708,8.951319],[-79.532692,8.95148]]]}},{"type":"Feature","properties":{"name":null},"geometry":{"type":"Polygon","coordinates":[[[-79.538446,8.952524],[-79.538447,8.952418],[-79.538409,8.952375],[-79.538323,8.952453],[-79.53837,8.952513],[-79.538446,8.952524]]]}},{"type":"Feature","properties":{"name":null},"geometry":{"type":"Polygon","coordinates":[[[-79.533531,8.951353],[-79.533422,8.951342],[-79.533429,8.951232],[-79.53354,8.951242],[-79.533531,8.951353]]]}},{"type":"Feature","properties":{"name":null},"geometry":{"type":"Polygon","coordinates":[[[-79.537005,8.954241],[-79.537096,8.954138],[-79.536914,8.953974],[-79.536781,8.954089],[-79.537005,8.954241]]]}},{"type":"Feature","properties":{"name":"Hotel Central"},"geometry":{"type":"Polygon","coordinates":[[[-79.534465,8.952324],[-79.534438,8.952597],[-79.534435,8.952629],[-79.534059,8.952593],[-79.534073,8.952448],[-79.533952,8.952437],[-79.533938,8.952575],[-79.533822,8.952563],[-79.533851,8.952265],[-79.534465,8.952324]]]}},{"type":"Feature","properties":{"name":null},"geometry":{"type":"Polygon","coordinates":[[[-79.535679,8.953809],[-79.535801,8.953817],[-79.535789,8.953959],[-79.535668,8.953949],[-79.535679,8.953809]]]}},{"type":"Feature","properties":{"name":null},"geometry":{"type":"Polygon","coordinates":[[[-79.536633,8.95167],[-79.53675,8.951682],[-79.536757,8.951453],[-79.536646,8.951449],[-79.536633,8.95167]]]}},{"type":"Feature","properties":{"name":null},"geometry":{"type":"Polygon","coordinates":[[[-79.532644,8.951923],[-79.532772,8.951967],[-79.532796,8.951761],[-79.532666,8.951739],[-79.532644,8.951923]]]}},{"type":"Feature","properties":{"name":null},"geometry":{"type":"Polygon","coordinates":[[[-79.535972,8.952955],[-79.535977,8.952892],[-79.535747,8.952873],[-79.535742,8.952936],[-79.535972,8.952955]]]}},{"type":"Feature","properties":{"name":null},"geometry":{"type":"Polygon","coordinates":[[[-79.535812,8.953708],[-79.535807,8.953752],[-79.535801,8.953817],[-79.535679,8.953809],[-79.535687,8.953699],[-79.535812,8.953708]]]}},{"type":"Feature","properties":{"name":null},"geometry":{"type":"Polygon","coordinates":[[[-79.535384,8.952352],[-79.535614,8.952374],[-79.535618,8.952332],[-79.535641,8.952104],[-79.535564,8.952102],[-79.535408,8.952094],[-79.535394,8.952249],[-79.535388,8.95231],[-79.535384,8.952352]]]}},{"type":"Feature","properties":{"name":"Casa Donovan"},"geometry":{"type":"Polygon","coordinates":[[[-79.53803,8.954693],[-79.538123,8.954669],[-79.538107,8.954598],[-79.53809,8.954603],[-79.538071,8.95453],[-79.538091,8.954526],[-79.53808,8.954479],[-79.53806,8.954484],[-79.53805,8.954447],[-79.537979,8.954471],[-79.53803,8.954693]]]}},{"type":"Feature","properties":{"name":"P.H. Condominium Real"},"geometry":{"type":"Polygon","coordinates":[[[-79.537539,8.954137],[-79.537393,8.953926],[-79.537319,8.953977],[-79.537467,8.954186],[-79.537539,8.954137]]]}},{"type":"Feature","properties":{"name":"Oro América"},"geometry":{"type":"Polygon","coordinates":[[[-79.537426,8.953711],[-79.537393,8.953695],[-79.537418,8.953651],[-79.537451,8.953546],[-79.537528,8.95357],[-79.537525,8.953604],[-79.537426,8.953711]]]}},{"type":"Feature","properties":{"name":null},"geometry":{"type":"Polygon","coordinates":[[[-79.536156,8.952153],[-79.535999,8.952139],[-79.535991,8.952235],[-79.535985,8.952299],[-79.536041,8.952304],[-79.536047,8.952244],[-79.5361,8.952249],[-79.536095,8.952309],[-79.536142,8.952313],[-79.536146,8.952266],[-79.536156,8.952153]]]}},{"type":"Feature","properties":{"name":null},"geometry":{"type":"Polygon","coordinates":[[[-79.537713,8.95156],[-79.537701,8.951453],[-79.537688,8.951315],[-79.53758,8.951321],[-79.537603,8.951571],[-79.537713,8.95156]]]}},{"type":"Feature","properties":{"name":null},"geometry":{"type":"Polygon","coordinates":[[[-79.533429,8.952172],[-79.533445,8.952003],[-79.533326,8.951993],[-79.53331,8.952162],[-79.533429,8.952172]]]}},{"type":"Feature","properties":{"name":null},"geometry":{"type":"Polygon","coordinates":[[[-79.538201,8.953125],[-79.538195,8.953026],[-79.538109,8.953028],[-79.538113,8.953096],[-79.538137,8.953126],[-79.538201,8.953125]]]}},{"type":"Feature","properties":{"name":null},"geometry":{"type":"Polygon","coordinates":[[[-79.53636,8.952694],[-79.536351,8.952793],[-79.53623,8.952782],[-79.536239,8.952683],[-79.53636,8.952694]]]}},{"type":"Feature","properties":{"name":"Policia de Turismo"},"geometry":{"type":"Polygon","coordinates":[[[-79.53321,8.951982],[-79.53312,8.951969],[-79.53311,8.952089],[-79.533106,8.952126],[-79.533194,8.952151],[-79.53321,8.951982]]]}},{"type":"Feature","properties":{"name":null},"geometry":{"type":"Polygon","coordinates":[[[-79.535433,8.951548],[-79.535368,8.951542],[-79.535395,8.951273],[-79.535356,8.951269],[-79.53536,8.951223],[-79.535464,8.951233],[-79.535462,8.951249],[-79.535433,8.951548]]]}},{"type":"Feature","properties":{"name":null},"geometry":{"type":"Polygon","coordinates":[[[-79.537779,8.953343],[-79.53769,8.953138],[-79.537649,8.953091],[-79.537567,8.953176],[-79.537663,8.953402],[-79.537779,8.953343]]]}},{"type":"Feature","properties":{"name":null},"geometry":{"type":"Polygon","coordinates":[[[-79.535093,8.953045],[-79.534982,8.953035],[-79.534995,8.952907],[-79.535104,8.952917],[-79.535093,8.953045]]]}},{"type":"Feature","properties":{"name":null},"geometry":{"type":"Polygon","coordinates":[[[-79.538109,8.953028],[-79.538113,8.953096],[-79.538019,8.953152],[-79.537942,8.953067],[-79.537954,8.953033],[-79.538109,8.953028]]]}},{"type":"Feature","properties":{"name":"Danilo´s Jazz Club"},"geometry":{"type":"Polygon","coordinates":[[[-79.53704,8.95237],[-79.537051,8.952226],[-79.536946,8.952218],[-79.536934,8.952361],[-79.53704,8.95237]]]}},{"type":"Feature","properties":{"name":null},"geometry":{"type":"Polygon","coordinates":[[[-79.5353,8.953034],[-79.535228,8.953027],[-79.535237,8.952929],[-79.53531,8.952935],[-79.5353,8.953034]]]}},{"type":"Feature","properties":{"name":null},"geometry":{"type":"Polygon","coordinates":[[[-79.536242,8.952093],[-79.53642,8.952109],[-79.536441,8.951896],[-79.536306,8.951882],[-79.536286,8.95188],[-79.536261,8.951878],[-79.53625,8.951994],[-79.536242,8.952093]]]}},{"type":"Feature","properties":{"name":"PH Cuatro Casas"},"geometry":{"type":"Polygon","coordinates":[[[-79.533894,8.951626],[-79.533733,8.951615],[-79.533724,8.951615],[-79.533727,8.951573],[-79.533739,8.951417],[-79.533914,8.95143],[-79.533894,8.951626]]]}},{"type":"Feature","properties":{"name":null},"geometry":{"type":"Polygon","coordinates":[[[-79.537418,8.953046],[-79.537429,8.953051],[-79.537417,8.953074],[-79.537469,8.953098],[-79.5375,8.953043],[-79.537556,8.952942],[-79.537489,8.952908],[-79.537418,8.953046]]]}},{"type":"Feature","properties":{"name":null},"geometry":{"type":"Polygon","coordinates":[[[-79.53362,8.951924],[-79.533673,8.951929],[-79.53368,8.951846],[-79.533496,8.951828],[-79.533487,8.951912],[-79.53362,8.951924]]]}},{"type":"Feature","properties":{"name":null},"geometry":{"type":"Polygon","coordinates":[[[-79.537805,8.953734],[-79.537922,8.953658],[-79.537962,8.953719],[-79.537831,8.953796],[-79.537805,8.953734]]]}},{"type":"Feature","properties":{"name":null},"geometry":{"type":"Polygon","coordinates":[[[-79.533695,8.95356],[-79.533686,8.953671],[-79.533518,8.953659],[-79.533526,8.953548],[-79.533695,8.95356]]]}},{"type":"Feature","properties":{"name":"Museo de la Esmeralda"},"geometry":{"type":"Polygon","coordinates":[[[-79.534841,8.95304],[-79.534844,8.953005],[-79.534903,8.953009],[-79.534912,8.952885],[-79.534736,8.952872],[-79.534724,8.953031],[-79.534841,8.95304]]]}},{"type":"Feature","properties":{"name":null},"geometry":{"type":"Polygon","coordinates":[[[-79.537549,8.954492],[-79.537536,8.954432],[-79.537528,8.954398],[-79.537502,8.954334],[-79.537452,8.954255],[-79.537545,8.954196],[-79.537656,8.954455],[-79.537659,8.954466],[-79.537549,8.954492]]]}},{"type":"Feature","properties":{"name":null},"geometry":{"type":"Polygon","coordinates":[[[-79.5373,8.953657],[-79.537205,8.953631],[-79.537253,8.953485],[-79.537451,8.953546],[-79.537418,8.953651],[-79.53731,8.95362],[-79.5373,8.953657]]]}},{"type":"Feature","properties":{"name":null},"geometry":{"type":"Polygon","coordinates":[[[-79.5369,8.954578],[-79.537129,8.954421],[-79.536998,8.954249],[-79.536776,8.954465],[-79.5369,8.954578]]]}},{"type":"Feature","properties":{"name":"Casa Catalina"},"geometry":{"type":"Polygon","coordinates":[[[-79.53366,8.951792],[-79.533671,8.951668],[-79.533512,8.951653],[-79.5335,8.951778],[-79.53366,8.951792]]]}},{"type":"Feature","properties":{"name":null},"geometry":{"type":"Polygon","coordinates":[[[-79.533858,8.951947],[-79.533867,8.951864],[-79.53368,8.951846],[-79.533673,8.951929],[-79.533726,8.951934],[-79.533858,8.951947]]]}},{"type":"Feature","properties":{"name":null},"geometry":{"type":"Polygon","coordinates":[[[-79.53789,8.953491],[-79.53774,8.953582],[-79.537779,8.953675],[-79.537952,8.953574],[-79.53789,8.953491]]]}},{"type":"Feature","properties":{"name":null},"geometry":{"type":"Polygon","coordinates":[[[-79.537505,8.952387],[-79.537676,8.952448],[-79.537709,8.952459],[-79.537721,8.952426],[-79.537764,8.952307],[-79.53756,8.952234],[-79.537505,8.952387]]]}},{"type":"Feature","properties":{"name":"Casa Obispo"},"geometry":{"type":"Polygon","coordinates":[[[-79.536924,8.953146],[-79.536951,8.953151],[-79.536967,8.953068],[-79.536851,8.953045],[-79.536847,8.953045],[-79.536831,8.953128],[-79.536924,8.953146]]]}},{"type":"Feature","properties":{"name":null},"geometry":{"type":"Polygon","coordinates":[[[-79.532785,8.953056],[-79.532784,8.953075],[-79.532776,8.95314],[-79.532707,8.953133],[-79.532702,8.953183],[-79.532632,8.953175],[-79.532244,8.953137],[-79.532116,8.953124],[-79.53213,8.95299],[-79.532785,8.953056]]]}},{"type":"Feature","properties":{"name":null},"geometry":{"type":"Polygon","coordinates":[[[-79.534975,8.951898],[-79.534978,8.951862],[-79.534991,8.951722],[-79.53485,8.95171],[-79.534834,8.951886],[-79.534975,8.951898]]]}},{"type":"Feature","properties":{"name":null},"geometry":{"type":"Polygon","coordinates":[[[-79.536236,8.952456],[-79.53613,8.952447],[-79.536142,8.952313],[-79.536146,8.952266],[-79.536252,8.952276],[-79.536236,8.952456]]]}},{"type":"Feature","properties":{"name":null},"geometry":{"type":"Polygon","coordinates":[[[-79.535965,8.953044],[-79.535972,8.952955],[-79.535742,8.952936],[-79.53574,8.952963],[-79.535735,8.953023],[-79.535896,8.953038],[-79.535965,8.953044]]]}},{"type":"Feature","properties":{"name":null},"geometry":{"type":"Polygon","coordinates":[[[-79.535885,8.951287],[-79.535867,8.951456],[-79.535737,8.951443],[-79.535748,8.95133],[-79.53578,8.951334],[-79.535787,8.951276],[-79.535885,8.951287]]]}},{"type":"Feature","properties":{"name":null},"geometry":{"type":"Polygon","coordinates":[[[-79.537961,8.954393],[-79.537979,8.954471],[-79.53805,8.954447],[-79.538071,8.954439],[-79.538144,8.954414],[-79.538191,8.954398],[-79.538292,8.954363],[-79.538499,8.954291],[-79.53847,8.954217],[-79.537961,8.954393]]]}},{"type":"Feature","properties":{"name":null},"geometry":{"type":"Polygon","coordinates":[[[-79.535354,8.953212],[-79.535284,8.953205],[-79.5353,8.953034],[-79.53531,8.952935],[-79.535381,8.952942],[-79.535372,8.953033],[-79.535354,8.953212]]]}},{"type":"Feature","properties":{"name":null},"geometry":{"type":"Polygon","coordinates":[[[-79.538053,8.953298],[-79.537879,8.953452],[-79.537792,8.953335],[-79.537963,8.953191],[-79.538053,8.953298]]]}},{"type":"Feature","properties":{"name":null},"geometry":{"type":"Polygon","coordinates":[[[-79.53771,8.953512],[-79.537845,8.953431],[-79.53789,8.953491],[-79.53774,8.953582],[-79.53771,8.953512]]]}},{"type":"Feature","properties":{"name":"Casa Testa"},"geometry":{"type":"Polygon","coordinates":[[[-79.534991,8.951722],[-79.535085,8.95173],[-79.535096,8.951611],[-79.534861,8.95159],[-79.53485,8.95171],[-79.534991,8.951722]]]}},{"type":"Feature","properties":{"name":"La Legación"},"geometry":{"type":"Polygon","coordinates":[[[-79.533701,8.952204],[-79.533832,8.952216],[-79.533846,8.952071],[-79.533858,8.951947],[-79.533726,8.951934],[-79.533714,8.952065],[-79.533701,8.952204]]]}},{"type":"Feature","properties":{"name":null},"geometry":{"type":"Polygon","coordinates":[[[-79.532238,8.95049],[-79.532254,8.950564],[-79.532109,8.950594],[-79.532098,8.950546],[-79.532141,8.950537],[-79.532136,8.950512],[-79.532238,8.95049]]]}},{"type":"Feature","properties":{"name":null},"geometry":{"type":"Polygon","coordinates":[[[-79.534469,8.95227],[-79.534294,8.952254],[-79.534303,8.952161],[-79.534391,8.952169],[-79.5344,8.952072],[-79.534312,8.952064],[-79.534316,8.952018],[-79.534347,8.952022],[-79.534404,8.952028],[-79.534492,8.952036],[-79.53449,8.952055],[-79.534469,8.95227]]]}},{"type":"Feature","properties":{"name":null},"geometry":{"type":"Polygon","coordinates":[[[-79.533252,8.951327],[-79.533117,8.951314],[-79.533124,8.951238],[-79.533129,8.951178],[-79.533262,8.951189],[-79.533252,8.951327]]]}},{"type":"Feature","properties":{"name":null},"geometry":{"type":"Polygon","coordinates":[[[-79.534795,8.95335],[-79.5348,8.953293],[-79.534824,8.953295],[-79.534833,8.953192],[-79.5347,8.953181],[-79.534687,8.953341],[-79.534795,8.95335]]]}},{"type":"Feature","properties":{"name":"P.H. La Merced"},"geometry":{"type":"Polygon","coordinates":[[[-79.536756,8.953127],[-79.536777,8.952988],[-79.536618,8.95296],[-79.536608,8.95305],[-79.536575,8.953045],[-79.536569,8.953105],[-79.536756,8.953127]]]}},{"type":"Feature","properties":{"name":null},"geometry":{"type":"Polygon","coordinates":[[[-79.535913,8.952228],[-79.535883,8.952225],[-79.535884,8.952214],[-79.535819,8.952208],[-79.535827,8.952124],[-79.535921,8.952132],[-79.535913,8.952228]]]}},{"type":"Feature","properties":{"name":null},"geometry":{"type":"Polygon","coordinates":[[[-79.534623,8.953475],[-79.534609,8.953633],[-79.53448,8.953622],[-79.534494,8.953465],[-79.534521,8.953467],[-79.534623,8.953475]]]}},{"type":"Feature","properties":{"name":"La Casa del Habano"},"geometry":{"type":"Polygon","coordinates":[[[-79.532281,8.950721],[-79.532196,8.950737],[-79.532193,8.950723],[-79.532017,8.950757],[-79.532004,8.950692],[-79.532265,8.950641],[-79.532281,8.950721]]]}},{"type":"Feature","properties":{"name":"Centro de Salud - San Felipe"},"geometry":{"type":"Polygon","coordinates":[[[-79.535692,8.952971],[-79.535711,8.952987],[-79.535704,8.953065],[-79.535536,8.953048],[-79.535372,8.953033],[-79.535381,8.952942],[-79.535692,8.952971]]]}},{"type":"Feature","properties":{"name":null},"geometry":{"type":"Polygon","coordinates":[[[-79.535623,8.952712],[-79.535737,8.952724],[-79.53576,8.952484],[-79.535751,8.952474],[-79.535742,8.952464],[-79.535644,8.952456],[-79.535642,8.952492],[-79.535632,8.952606],[-79.535623,8.952712]]]}},{"type":"Feature","properties":{"name":null},"geometry":{"type":"Polygon","coordinates":[[[-79.535081,8.953362],[-79.535021,8.953357],[-79.535013,8.953445],[-79.534955,8.953439],[-79.534976,8.953213],[-79.535094,8.953224],[-79.535081,8.953362]]]}},{"type":"Feature","properties":{"name":null},"geometry":{"type":"Polygon","coordinates":[[[-79.536004,8.951214],[-79.536007,8.951183],[-79.536059,8.951188],[-79.536068,8.951096],[-79.53594,8.951082],[-79.535927,8.951206],[-79.536004,8.951214]]]}},{"type":"Feature","properties":{"name":null},"geometry":{"type":"Polygon","coordinates":[[[-79.536776,8.954465],[-79.536998,8.954249],[-79.537005,8.954241],[-79.536781,8.954089],[-79.536659,8.954285],[-79.536661,8.954324],[-79.536776,8.954465]]]}},{"type":"Feature","properties":{"name":null},"geometry":{"type":"Polygon","coordinates":[[[-79.534911,8.953548],[-79.534921,8.953419],[-79.534815,8.953411],[-79.534805,8.95354],[-79.534911,8.953548]]]}},{"type":"Feature","properties":{"name":null},"geometry":{"type":"Polygon","coordinates":[[[-79.532594,8.951116],[-79.532619,8.951256],[-79.53241,8.951232],[-79.532396,8.951118],[-79.532594,8.951116]]]}},{"type":"Feature","properties":{"name":null},"geometry":{"type":"Polygon","coordinates":[[[-79.535512,8.951556],[-79.535433,8.951548],[-79.535462,8.951249],[-79.535542,8.951257],[-79.535512,8.951556]]]}},{"type":"Feature","properties":{"name":"La Isabela Suites"},"geometry":{"type":"Polygon","coordinates":[[[-79.536326,8.953078],[-79.536205,8.953067],[-79.536134,8.953061],[-79.536139,8.953007],[-79.536231,8.953016],[-79.536233,8.952996],[-79.53614,8.952988],[-79.536146,8.952926],[-79.536338,8.952943],[-79.536326,8.953078]]]}},{"type":"Feature","properties":{"name":"Loteria Nacional de beneficiencia [LNB]"},"geometry":{"type":"Polygon","coordinates":[[[-79.537315,8.953162],[-79.537358,8.953186],[-79.537391,8.953123],[-79.537417,8.953074],[-79.537429,8.953051],[-79.537418,8.953046],[-79.537489,8.952908],[-79.537294,8.952807],[-79.537231,8.952922],[-79.537183,8.953009],[-79.537205,8.953022],[-79.537175,8.953081],[-79.537315,8.953162]]]}},{"type":"Feature","properties":{"name":"Casa Art Deco"},"geometry":{"type":"Polygon","coordinates":[[[-79.534127,8.951528],[-79.534111,8.951695],[-79.534227,8.951706],[-79.534261,8.951709],[-79.53427,8.951608],[-79.534283,8.951475],[-79.534133,8.951461],[-79.534127,8.951528]]]}},{"type":"Feature","properties":{"name":null},"geometry":{"type":"Polygon","coordinates":[[[-79.536239,8.952683],[-79.53636,8.952694],[-79.536377,8.952523],[-79.536255,8.952512],[-79.536239,8.952683]]]}},{"type":"Feature","properties":{"name":null},"geometry":{"type":"Polygon","coordinates":[[[-79.534597,8.951249],[-79.534705,8.951258],[-79.534717,8.951124],[-79.534608,8.951115],[-79.534597,8.951249]]]}},{"type":"Feature","properties":{"name":null},"geometry":{"type":"Polygon","coordinates":[[[-79.538442,8.952661],[-79.538446,8.952524],[-79.53837,8.952513],[-79.538308,8.952668],[-79.538326,8.952667],[-79.538429,8.952662],[-79.538442,8.952661]]]}},{"type":"Feature","properties":{"name":"Casa Arango"},"geometry":{"type":"Polygon","coordinates":[[[-79.536939,8.953229],[-79.536951,8.953178],[-79.536919,8.953171],[-79.536924,8.953146],[-79.536831,8.953128],[-79.536817,8.953204],[-79.536939,8.953229]]]}},{"type":"Feature","properties":{"name":null},"geometry":{"type":"Polygon","coordinates":[[[-79.535286,8.951534],[-79.535146,8.95152],[-79.535133,8.951508],[-79.535145,8.951387],[-79.535213,8.951393],[-79.535223,8.951292],[-79.535309,8.9513],[-79.535306,8.951338],[-79.535298,8.951417],[-79.535286,8.951534]]]}},{"type":"Feature","properties":{"name":"Casa Emperador"},"geometry":{"type":"Polygon","coordinates":[[[-79.532766,8.951038],[-79.532786,8.951114],[-79.532766,8.951119],[-79.532686,8.951139],[-79.532666,8.951063],[-79.532766,8.951038]]]}},{"type":"Feature","properties":{"name":null},"geometry":{"type":"Polygon","coordinates":[[[-79.53505,8.950992],[-79.534917,8.950979],[-79.534904,8.951114],[-79.535028,8.951126],[-79.535037,8.951126],[-79.53505,8.950992]]]}},{"type":"Feature","properties":{"name":"Mansion Baluarte"},"geometry":{"type":"Polygon","coordinates":[[[-79.53756,8.952234],[-79.537505,8.952387],[-79.537437,8.952364],[-79.537454,8.952319],[-79.537409,8.952302],[-79.537391,8.952349],[-79.537314,8.952323],[-79.537326,8.952182],[-79.537361,8.952161],[-79.53756,8.952234]]]}},{"type":"Feature","properties":{"name":null},"geometry":{"type":"Polygon","coordinates":[[[-79.534538,8.953279],[-79.534521,8.953467],[-79.534494,8.953465],[-79.534381,8.953455],[-79.534399,8.953265],[-79.534538,8.953279]]]}},{"type":"Feature","properties":{"name":null},"geometry":{"type":"Polygon","coordinates":[[[-79.534594,8.950998],[-79.534589,8.951053],[-79.534405,8.951039],[-79.53441,8.950985],[-79.534594,8.950998]]]}},{"type":"Feature","properties":{"name":null},"geometry":{"type":"Polygon","coordinates":[[[-79.536511,8.951444],[-79.536646,8.951449],[-79.536633,8.95167],[-79.536497,8.951657],[-79.536505,8.95152],[-79.536511,8.951444]]]}},{"type":"Feature","properties":{"name":null},"geometry":{"type":"Polygon","coordinates":[[[-79.532214,8.950376],[-79.532238,8.95049],[-79.532136,8.950512],[-79.532081,8.950523],[-79.532055,8.95041],[-79.532214,8.950376]]]}},{"type":"Feature","properties":{"name":null},"geometry":{"type":"Polygon","coordinates":[[[-79.534133,8.951461],[-79.534127,8.951528],[-79.534111,8.951695],[-79.533986,8.951683],[-79.533919,8.951677],[-79.533941,8.951443],[-79.534133,8.951461]]]}},{"type":"Feature","properties":{"name":null},"geometry":{"type":"Polygon","coordinates":[[[-79.533524,8.954045],[-79.53347,8.954041],[-79.533479,8.953927],[-79.533484,8.953867],[-79.533489,8.953804],[-79.533499,8.953804],[-79.533544,8.953808],[-79.533539,8.953864],[-79.533535,8.953921],[-79.533524,8.954045]]]}},{"type":"Feature","properties":{"name":null},"geometry":{"type":"Polygon","coordinates":[[[-79.534698,8.951343],[-79.534705,8.951258],[-79.534597,8.951249],[-79.53459,8.951333],[-79.534698,8.951343]]]}},{"type":"Feature","properties":{"name":null},"geometry":{"type":"Polygon","coordinates":[[[-79.536496,8.953795],[-79.536461,8.953664],[-79.536311,8.953698],[-79.536295,8.953843],[-79.536496,8.953795]]]}},{"type":"Feature","properties":{"name":null},"geometry":{"type":"Polygon","coordinates":[[[-79.532708,8.950964],[-79.532735,8.950955],[-79.532766,8.951038],[-79.532666,8.951063],[-79.532609,8.951077],[-79.532589,8.950993],[-79.532708,8.950964]]]}},{"type":"Feature","properties":{"name":"Saema"},"geometry":{"type":"Polygon","coordinates":[[[-79.536569,8.953105],[-79.536575,8.953045],[-79.536585,8.952954],[-79.536587,8.952936],[-79.536497,8.952923],[-79.536375,8.952905],[-79.53636,8.953076],[-79.536569,8.953105]]]}},{"type":"Feature","properties":{"name":"Escuela República de México"},"geometry":{"type":"Polygon","coordinates":[[[-79.535687,8.953699],[-79.535812,8.953708],[-79.535823,8.953572],[-79.535833,8.953442],[-79.536008,8.953455],[-79.53601,8.953427],[-79.536013,8.953392],[-79.535821,8.953378],[-79.535818,8.953416],[-79.535709,8.953408],[-79.535687,8.953699]]]}},{"type":"Feature","properties":{"name":"Geoversity - Casa Arias"},"geometry":{"type":"Polygon","coordinates":[[[-79.534842,8.951269],[-79.534705,8.951258],[-79.534717,8.951124],[-79.534853,8.951135],[-79.534842,8.951269]]]}},{"type":"Feature","properties":{"name":"Bajada de Jaen"},"geometry":{"type":"Polygon","coordinates":[[[-79.536725,8.953878],[-79.536661,8.953976],[-79.536559,8.95413],[-79.536659,8.954194],[-79.536808,8.953969],[-79.536725,8.953878]]]}},{"type":"Feature","properties":{"name":null},"geometry":{"type":"Polygon","coordinates":[[[-79.532482,8.951451],[-79.532509,8.951453],[-79.532506,8.951497],[-79.532343,8.951486],[-79.532346,8.951443],[-79.532482,8.951451]]]}},{"type":"Feature","properties":{"name":"Teatro Amador"},"geometry":{"type":"Polygon","coordinates":[[[-79.538125,8.953383],[-79.53794,8.953533],[-79.537879,8.953452],[-79.538053,8.953298],[-79.538125,8.953383]]]}},{"type":"Feature","properties":{"name":"Restaurante Ricuras del Canajagua"},"geometry":{"type":"Polygon","coordinates":[[[-79.537779,8.953675],[-79.537952,8.953574],[-79.537985,8.953618],[-79.537922,8.953658],[-79.537805,8.953734],[-79.537779,8.953675]]]}},{"type":"Feature","properties":{"name":null},"geometry":{"type":"Polygon","coordinates":[[[-79.534349,8.953464],[-79.534341,8.953534],[-79.534178,8.953517],[-79.534044,8.953502],[-79.534051,8.953433],[-79.534118,8.95344],[-79.534179,8.953446],[-79.534349,8.953464]]]}},{"type":"Feature","properties":{"name":"Policía Nacional | Subestación de San Felipe"},"geometry":{"type":"Polygon","coordinates":[[[-79.537015,8.953376],[-79.537071,8.95325],[-79.53709,8.953254],[-79.537175,8.953081],[-79.537315,8.953162],[-79.537213,8.953379],[-79.537196,8.953398],[-79.537176,8.953401],[-79.537015,8.953376]]]}},{"type":"Feature","properties":{"name":null},"geometry":{"type":"Polygon","coordinates":[[[-79.538123,8.954669],[-79.538198,8.954651],[-79.538144,8.954414],[-79.538071,8.954439],[-79.53808,8.954479],[-79.538091,8.954526],[-79.538107,8.954598],[-79.538123,8.954669]]]}},{"type":"Feature","properties":{"name":null},"geometry":{"type":"Polygon","coordinates":[[[-79.535597,8.950977],[-79.535616,8.95086],[-79.535626,8.950861],[-79.535641,8.950748],[-79.535567,8.950738],[-79.535561,8.950795],[-79.535525,8.950792],[-79.535531,8.950729],[-79.535446,8.950722],[-79.535425,8.950952],[-79.535597,8.950977]]]}},{"type":"Feature","properties":{"name":"Financiera Almaros"},"geometry":{"type":"Polygon","coordinates":[[[-79.537962,8.953719],[-79.537831,8.953796],[-79.537857,8.953858],[-79.537908,8.953884],[-79.538021,8.95381],[-79.537962,8.953719]]]}},{"type":"Feature","properties":{"name":null},"geometry":{"type":"Polygon","coordinates":[[[-79.533518,8.953659],[-79.533509,8.953766],[-79.533501,8.953766],[-79.533323,8.953754],[-79.53333,8.953646],[-79.533518,8.953659]]]}},{"type":"Feature","properties":{"name":null},"geometry":{"type":"Polygon","coordinates":[[[-79.534377,8.951435],[-79.534256,8.951424],[-79.534266,8.951314],[-79.534268,8.951283],[-79.534335,8.951289],[-79.534342,8.95121],[-79.534396,8.951214],[-79.534389,8.951302],[-79.534377,8.951435]]]}},{"type":"Feature","properties":{"name":null},"geometry":{"type":"Polygon","coordinates":[[[-79.536125,8.952772],[-79.53623,8.952782],[-79.536239,8.952683],[-79.536255,8.952512],[-79.536151,8.952502],[-79.536125,8.952772]]]}},{"type":"Feature","properties":{"name":null},"geometry":{"type":"Polygon","coordinates":[[[-79.533526,8.953548],[-79.533518,8.953659],[-79.53333,8.953646],[-79.533338,8.953535],[-79.533526,8.953548]]]}},{"type":"Feature","properties":{"name":"Escuela Simón Bolívar"},"geometry":{"type":"Polygon","coordinates":[[[-79.533891,8.953671],[-79.533893,8.953662],[-79.533895,8.953644],[-79.53388,8.95364],[-79.533891,8.953574],[-79.534022,8.953594],[-79.534032,8.953595],[-79.534041,8.953526],[-79.533735,8.953472],[-79.533717,8.953653],[-79.533891,8.953671]]]}},{"type":"Feature","properties":{"name":null},"geometry":{"type":"Polygon","coordinates":[[[-79.538419,8.953123],[-79.538299,8.953124],[-79.538283,8.953124],[-79.53828,8.953023],[-79.538399,8.953019],[-79.538419,8.953035],[-79.538419,8.953123]]]}},{"type":"Feature","properties":{"name":"Condominio Calle del Palacio"},"geometry":{"type":"Polygon","coordinates":[[[-79.532521,8.951305],[-79.532516,8.951374],[-79.532488,8.951372],[-79.532482,8.951451],[-79.532346,8.951443],[-79.532357,8.951293],[-79.532521,8.951305]]]}},{"type":"Feature","properties":{"name":null},"geometry":{"type":"Polygon","coordinates":[[[-79.538561,8.954185],[-79.53847,8.954217],[-79.537961,8.954393],[-79.537913,8.954185],[-79.538049,8.95413],[-79.538231,8.954056],[-79.538375,8.953998],[-79.538464,8.953962],[-79.538561,8.954185]]]}},{"type":"Feature","properties":{"name":null},"geometry":{"type":"Polygon","coordinates":[[[-79.536922,8.952513],[-79.537027,8.952522],[-79.53704,8.95237],[-79.536934,8.952361],[-79.536922,8.952513]]]}},{"type":"Feature","properties":{"name":"Fundación Danilo Perez"},"geometry":{"type":"Polygon","coordinates":[[[-79.53762,8.951766],[-79.537612,8.951677],[-79.537606,8.951608],[-79.537505,8.951613],[-79.537499,8.951753],[-79.53761,8.951761],[-79.53762,8.951766]]]}},{"type":"Feature","properties":{"name":null},"geometry":{"type":"Polygon","coordinates":[[[-79.534921,8.953419],[-79.534929,8.953324],[-79.534822,8.953315],[-79.53482,8.953352],[-79.534815,8.953411],[-79.534921,8.953419]]]}},{"type":"Feature","properties":{"name":"Casa Góngora"},"geometry":{"type":"Polygon","coordinates":[[[-79.533697,8.952481],[-79.533799,8.952491],[-79.53382,8.952274],[-79.533718,8.952265],[-79.533697,8.952481]]]}},{"type":"Feature","properties":{"name":"Any's Salon"},"geometry":{"type":"Polygon","coordinates":[[[-79.537922,8.953658],[-79.537985,8.953618],[-79.538093,8.953763],[-79.538021,8.95381],[-79.537962,8.953719],[-79.537922,8.953658]]]}},{"type":"Feature","properties":{"name":"Casa Mallet"},"geometry":{"type":"Polygon","coordinates":[[[-79.534687,8.951469],[-79.53458,8.95146],[-79.53459,8.951333],[-79.534698,8.951343],[-79.534687,8.951469]]]}},{"type":"Feature","properties":{"name":null},"geometry":{"type":"Polygon","coordinates":[[[-79.537963,8.953191],[-79.537792,8.953335],[-79.537701,8.953135],[-79.537657,8.95308],[-79.537706,8.953033],[-79.537914,8.953133],[-79.537963,8.953191]]]}},{"type":"Feature","properties":{"name":"Embajada de Francia"},"geometry":{"type":"Polygon","coordinates":[[[-79.532301,8.950577],[-79.532538,8.95053],[-79.532473,8.950418],[-79.532384,8.950436],[-79.53238,8.950414],[-79.532421,8.950406],[-79.532406,8.950331],[-79.532382,8.950336],[-79.532359,8.950223],[-79.532234,8.950247],[-79.532272,8.950436],[-79.532277,8.950457],[-79.532301,8.950577]]]}},{"type":"Feature","properties":{"name":null},"geometry":{"type":"Polygon","coordinates":[[[-79.534041,8.953526],[-79.534044,8.953502],[-79.534051,8.953433],[-79.533999,8.953426],[-79.533993,8.953458],[-79.533942,8.953453],[-79.533943,8.95342],[-79.533904,8.953417],[-79.533742,8.9534],[-79.533735,8.953472],[-79.534041,8.953526]]]}},{"type":"Feature","properties":{"name":"Casa Ehrman"},"geometry":{"type":"Polygon","coordinates":[[[-79.53388,8.951742],[-79.533894,8.951626],[-79.533733,8.951615],[-79.533727,8.951672],[-79.533695,8.951669],[-79.53369,8.951728],[-79.53388,8.951742]]]}},{"type":"Feature","properties":{"name":"Casas de San Francisco (Heurtemate)"},"geometry":{"type":"Polygon","coordinates":[[[-79.533719,8.953048],[-79.533739,8.953033],[-79.533763,8.952788],[-79.533593,8.952771],[-79.533585,8.952866],[-79.533502,8.95286],[-79.533405,8.952853],[-79.53339,8.953019],[-79.533719,8.953048]]]}},{"type":"Feature","properties":{"name":null},"geometry":{"type":"Polygon","coordinates":[[[-79.534571,8.951271],[-79.534577,8.951194],[-79.534478,8.951186],[-79.534472,8.951263],[-79.534571,8.951271]]]}},{"type":"Feature","properties":{"name":null},"geometry":{"type":"Polygon","coordinates":[[[-79.533445,8.952003],[-79.533461,8.951875],[-79.533222,8.951852],[-79.53321,8.951982],[-79.533326,8.951993],[-79.533445,8.952003]]]}},{"type":"Feature","properties":{"name":null},"geometry":{"type":"Polygon","coordinates":[[[-79.537907,8.952096],[-79.53787,8.952101],[-79.537838,8.951965],[-79.53782,8.951888],[-79.537969,8.9519],[-79.538002,8.952123],[-79.537915,8.952134],[-79.537907,8.952096]]]}},{"type":"Feature","properties":{"name":"Casa Montefiore"},"geometry":{"type":"Polygon","coordinates":[[[-79.536511,8.95248],[-79.536536,8.952185],[-79.536438,8.952177],[-79.536414,8.952472],[-79.536511,8.95248]]]}},{"type":"Feature","properties":{"name":null},"geometry":{"type":"Polygon","coordinates":[[[-79.537884,8.952754],[-79.537771,8.952628],[-79.537667,8.95272],[-79.53778,8.952846],[-79.537884,8.952754]]]}},{"type":"Feature","properties":{"name":null},"geometry":{"type":"Polygon","coordinates":[[[-79.53331,8.952162],[-79.533194,8.952151],[-79.53321,8.951982],[-79.533326,8.951993],[-79.53331,8.952162]]]}},{"type":"Feature","properties":{"name":null},"geometry":{"type":"Polygon","coordinates":[[[-79.533611,8.952538],[-79.533613,8.952519],[-79.533617,8.952473],[-79.533635,8.952258],[-79.533549,8.95225],[-79.533534,8.952429],[-79.533525,8.952531],[-79.533611,8.952538]]]}},{"type":"Feature","properties":{"name":null},"geometry":{"type":"Polygon","coordinates":[[[-79.534294,8.952254],[-79.534209,8.952246],[-79.534239,8.951907],[-79.534288,8.951911],[-79.534279,8.952004],[-79.534317,8.952008],[-79.534316,8.952018],[-79.534312,8.952064],[-79.534303,8.952161],[-79.534294,8.952254]]]}},{"type":"Feature","properties":{"name":null},"geometry":{"type":"Polygon","coordinates":[[[-79.534118,8.953084],[-79.534389,8.95311],[-79.5344,8.952991],[-79.53413,8.952965],[-79.534118,8.953084]]]}},{"type":"Feature","properties":{"name":null},"geometry":{"type":"Polygon","coordinates":[[[-79.533976,8.953976],[-79.533687,8.953954],[-79.533717,8.953653],[-79.533891,8.953671],[-79.533893,8.953662],[-79.534008,8.953677],[-79.533999,8.95376],[-79.533976,8.953976]]]}},{"type":"Feature","properties":{"name":"Casa Obarrio"},"geometry":{"type":"Polygon","coordinates":[[[-79.533649,8.95141],[-79.533568,8.951404],[-79.533538,8.95143],[-79.533519,8.951596],[-79.533634,8.951607],[-79.533638,8.951562],[-79.533649,8.95141]]]}},{"type":"Feature","properties":{"name":"Edificio Victoria"},"geometry":{"type":"Polygon","coordinates":[[[-79.53732,8.953896],[-79.537387,8.953817],[-79.537344,8.953788],[-79.537334,8.953802],[-79.53727,8.953753],[-79.537281,8.953738],[-79.537179,8.953691],[-79.537144,8.953759],[-79.537208,8.953809],[-79.537221,8.953791],[-79.5373,8.953852],[-79.537286,8.95387],[-79.53732,8.953896]]]}},{"type":"Feature","properties":{"name":null},"geometry":{"type":"Polygon","coordinates":[[[-79.536494,8.953469],[-79.536336,8.953455],[-79.536345,8.953355],[-79.536503,8.953369],[-79.536494,8.953469]]]}},{"type":"Feature","properties":{"name":"Villa Palma"},"geometry":{"type":"Polygon","coordinates":[[[-79.532493,8.951626],[-79.532345,8.95161],[-79.532387,8.95174],[-79.532459,8.951704],[-79.532521,8.95174],[-79.532526,8.951691],[-79.532532,8.95163],[-79.532493,8.951626]]]}},{"type":"Feature","properties":{"name":"Escuela Nicolas Pacheco"},"geometry":{"type":"Polygon","coordinates":[[[-79.537258,8.951522],[-79.537182,8.951517],[-79.537177,8.951569],[-79.537088,8.951564],[-79.537088,8.951549],[-79.53708,8.951549],[-79.537052,8.951548],[-79.537038,8.951705],[-79.537234,8.951723],[-79.537258,8.951522]]]}},{"type":"Feature","properties":{"name":"Museo Casa Endara"},"geometry":{"type":"Polygon","coordinates":[[[-79.53778,8.952846],[-79.537742,8.95287],[-79.537718,8.952877],[-79.537695,8.95287],[-79.537575,8.952801],[-79.537667,8.95272],[-79.53778,8.952846]]]}},{"type":"Feature","properties":{"name":"Edificio Santa Familia"},"geometry":{"type":"Polygon","coordinates":[[[-79.533966,8.951283],[-79.534166,8.951303],[-79.534266,8.951314],[-79.534268,8.951283],[-79.534335,8.951289],[-79.534342,8.95121],[-79.534363,8.951032],[-79.534392,8.951034],[-79.534397,8.950984],[-79.53441,8.950807],[-79.534281,8.950805],[-79.534248,8.951208],[-79.53419,8.951201],[-79.534127,8.951192],[-79.534152,8.950914],[-79.534014,8.950901],[-79.533994,8.9509],[-79.533988,8.950972],[-79.533966,8.951283]]]}},{"type":"Feature","properties":{"name":"PH Maralta"},"geometry":{"type":"Polygon","coordinates":[[[-79.532796,8.95154],[-79.532885,8.951548],[-79.532948,8.951554],[-79.532937,8.951673],[-79.532675,8.951649],[-79.532687,8.95153],[-79.532796,8.95154]]]}},{"type":"Feature","properties":{"name":null},"geometry":{"type":"Polygon","coordinates":[[[-79.532772,8.951967],[-79.532929,8.952006],[-79.532942,8.951834],[-79.532949,8.951776],[-79.532928,8.951775],[-79.532884,8.951773],[-79.532881,8.951839],[-79.532848,8.951835],[-79.532851,8.951769],[-79.532796,8.951761],[-79.532772,8.951967]]]}},{"type":"Feature","properties":{"name":"Casa Arias"},"geometry":{"type":"Polygon","coordinates":[[[-79.534687,8.951469],[-79.534824,8.951481],[-79.534834,8.951354],[-79.534698,8.951343],[-79.534687,8.951469]]]}},{"type":"Feature","properties":{"name":"P.H. Plazuela de Alfaro"},"geometry":{"type":"Polygon","coordinates":[[[-79.536496,8.953795],[-79.536696,8.953747],[-79.536698,8.953755],[-79.536824,8.95373],[-79.536833,8.953778],[-79.536793,8.953785],[-79.536799,8.953813],[-79.536769,8.95382],[-79.536771,8.953836],[-79.536437,8.953905],[-79.536445,8.953939],[-79.536295,8.953968],[-79.536295,8.953843],[-79.536496,8.953795]]]}},{"type":"Feature","properties":{"name":"Casa Arias"},"geometry":{"type":"Polygon","coordinates":[[[-79.533187,8.95438],[-79.5332,8.954344],[-79.533205,8.954238],[-79.5332,8.954226],[-79.533186,8.954223],[-79.533176,8.954238],[-79.533168,8.954233],[-79.533183,8.9542],[-79.533107,8.954164],[-79.533124,8.954123],[-79.533068,8.954098],[-79.533037,8.954178],[-79.533027,8.954204],[-79.533032,8.954287],[-79.533026,8.954365],[-79.533046,8.954376],[-79.533055,8.954366],[-79.533114,8.954394],[-79.533175,8.954409],[-79.533187,8.95438]]]}},{"type":"Feature","properties":{"name":null},"geometry":{"type":"Polygon","coordinates":[[[-79.537162,8.953891],[-79.537088,8.953814],[-79.537144,8.953759],[-79.537208,8.953809],[-79.537286,8.95387],[-79.53732,8.953896],[-79.537242,8.95397],[-79.537162,8.953891]]]}},{"type":"Feature","properties":{"name":null},"geometry":{"type":"Polygon","coordinates":[[[-79.53486,8.95105],[-79.534864,8.951007],[-79.534627,8.950986],[-79.534619,8.950987],[-79.534608,8.951115],[-79.534717,8.951124],[-79.534724,8.951039],[-79.53486,8.95105]]]}},{"type":"Feature","properties":{"name":"Centro de Servicios Municiples Dr. Amadeo Vicente Mastelari"},"geometry":{"type":"Polygon","coordinates":[[[-79.540243,8.951738],[-79.540218,8.951621],[-79.540128,8.95163],[-79.540138,8.951672],[-79.540059,8.951689],[-79.540049,8.951638],[-79.539939,8.951649],[-79.53996,8.951796],[-79.540243,8.951738]]]}},{"type":"Feature","properties":{"name":"Mi Pueblito - Administración"},"geometry":{"type":"Polygon","coordinates":[[[-79.547371,8.954602],[-79.547531,8.954319],[-79.547408,8.954256],[-79.547259,8.954549],[-79.547371,8.954602]]]}},{"type":"Feature","properties":{"name":"Element"},"geometry":{"type":"Polygon","coordinates":[[[-79.533907,8.966461],[-79.534005,8.966358],[-79.534028,8.966371],[-79.534076,8.966268],[-79.534341,8.96642],[-79.534216,8.96664],[-79.533907,8.966461]]]}},{"type":"Feature","properties":{"name":"Super 99"},"geometry":{"type":"Polygon","coordinates":[[[-79.540051,8.966233],[-79.540011,8.966406],[-79.540261,8.966473],[-79.54028,8.966475],[-79.540336,8.96648],[-79.540376,8.966307],[-79.540051,8.966233]]]}},{"type":"Feature","properties":{"name":"Palacio de Justicia Gil Ponce"},"geometry":{"type":"Polygon","coordinates":[[[-79.548145,8.962045],[-79.548252,8.961917],[-79.547509,8.961253],[-79.54756,8.961167],[-79.547469,8.961003],[-79.547398,8.961014],[-79.547362,8.960756],[-79.547216,8.960733],[-79.547054,8.960776],[-79.547082,8.961014],[-79.547208,8.961131],[-79.547283,8.961245],[-79.547343,8.961272],[-79.54788,8.961807],[-79.548145,8.962045]]]}},{"type":"Feature","properties":{"name":"Edificio de la Administración del Canal de Panamá"},"geometry":{"type":"Polygon","coordinates":[[[-79.554286,8.959605],[-79.554619,8.959176],[-79.554776,8.959295],[-79.554773,8.959307],[-79.555215,8.959642],[-79.555222,8.959633],[-79.555379,8.959753],[-79.555045,8.960184],[-79.554887,8.960065],[-79.555096,8.959796],[-79.554938,8.959676],[-79.554881,8.95975],[-79.554748,8.959649],[-79.554806,8.959575],[-79.554654,8.95946],[-79.554446,8.959727],[-79.554286,8.959605]]]}},{"type":"Feature","properties":{"name":"Edificio San Felipe Neri"},"geometry":{"type":"Polygon","coordinates":[[[-79.544935,8.950845],[-79.544946,8.950627],[-79.544746,8.950618],[-79.544736,8.950836],[-79.544935,8.950845]]]}},{"type":"Feature","properties":{"name":null},"geometry":{"type":"Polygon","coordinates":[[[-79.543777,8.950899],[-79.543777,8.950819],[-79.543548,8.950817],[-79.543548,8.950897],[-79.543777,8.950899]]]}},{"type":"Feature","properties":{"name":"AB"},"geometry":{"type":"Polygon","coordinates":[[[-79.544023,8.9509],[-79.544022,8.950861],[-79.543851,8.950863],[-79.543851,8.950905],[-79.544023,8.9509]]]}},{"type":"Feature","properties":{"name":"Panam"},"geometry":{"type":"Polygon","coordinates":[[[-79.54295,8.951163],[-79.542906,8.951067],[-79.542809,8.95111],[-79.542854,8.951206],[-79.54295,8.951163]]]}},{"type":"Feature","properties":{"name":"Bonne Panadería"},"geometry":{"type":"Polygon","coordinates":[[[-79.542028,8.951473],[-79.541956,8.951487],[-79.54195,8.951414],[-79.541999,8.951405],[-79.542028,8.951473]]]}},{"type":"Feature","properties":{"name":null},"geometry":{"type":"Polygon","coordinates":[[[-79.539237,8.951863],[-79.539226,8.951765],[-79.539141,8.951773],[-79.538955,8.95179],[-79.53896,8.951886],[-79.539237,8.951863]]]}},{"type":"Feature","properties":{"name":"Edificio San Experto"},"geometry":{"type":"Polygon","coordinates":[[[-79.53887,8.951883],[-79.538867,8.95182],[-79.538712,8.951826],[-79.538647,8.951828],[-79.538649,8.95189],[-79.53887,8.951883]]]}},{"type":"Feature","properties":{"name":"PH Flor de Lirio"},"geometry":{"type":"Polygon","coordinates":[[[-79.538227,8.951832],[-79.538226,8.951747],[-79.538179,8.951668],[-79.538212,8.951637],[-79.538276,8.951687],[-79.538382,8.95177],[-79.538462,8.951789],[-79.538463,8.951844],[-79.538445,8.951873],[-79.538227,8.951832]]]}},{"type":"Feature","properties":{"name":null},"geometry":{"type":"Polygon","coordinates":[[[-79.538227,8.951832],[-79.538006,8.951809],[-79.538002,8.951736],[-79.538226,8.951747],[-79.538227,8.951832]]]}},{"type":"Feature","properties":{"name":null},"geometry":{"type":"Polygon","coordinates":[[[-79.53666,8.952492],[-79.536511,8.95248],[-79.536536,8.952185],[-79.536684,8.952197],[-79.536673,8.95234],[-79.536669,8.952389],[-79.53666,8.952492]]]}},{"type":"Feature","properties":{"name":"La Moderna Luxury Apartments"},"geometry":{"type":"Polygon","coordinates":[[[-79.537552,8.954156],[-79.537617,8.95411],[-79.537695,8.954055],[-79.537771,8.954001],[-79.537733,8.953948],[-79.537757,8.953931],[-79.53772,8.95388],[-79.53774,8.953866],[-79.537706,8.953819],[-79.537727,8.953803],[-79.537695,8.95376],[-79.537653,8.953805],[-79.537589,8.953746],[-79.537545,8.953782],[-79.53745,8.953859],[-79.537446,8.953863],[-79.537383,8.953912],[-79.537393,8.953926],[-79.537539,8.954137],[-79.537552,8.954156]]]}},{"type":"Feature","properties":{"name":null},"geometry":{"type":"Polygon","coordinates":[[[-79.537942,8.954803],[-79.53785,8.954822],[-79.537906,8.955059],[-79.537998,8.955031],[-79.53801,8.955027],[-79.537942,8.954803]]]}},{"type":"Feature","properties":{"name":"T-Shirts' Max, S.A."},"geometry":{"type":"Polygon","coordinates":[[[-79.538017,8.955065],[-79.538007,8.955067],[-79.537694,8.955153],[-79.537716,8.955226],[-79.537866,8.955185],[-79.538038,8.955137],[-79.538017,8.955065]]]}},{"type":"Feature","properties":{"name":null},"geometry":{"type":"Polygon","coordinates":[[[-79.53793,8.955249],[-79.53806,8.955211],[-79.538038,8.955137],[-79.537866,8.955185],[-79.537888,8.955262],[-79.53793,8.955249]]]}},{"type":"Feature","properties":{"name":null},"geometry":{"type":"Polygon","coordinates":[[[-79.538087,8.955306],[-79.538116,8.955404],[-79.537986,8.955442],[-79.537975,8.955403],[-79.537966,8.955372],[-79.537957,8.955342],[-79.538087,8.955306]]]}},{"type":"Feature","properties":{"name":"La Victoria"},"geometry":{"type":"Polygon","coordinates":[[[-79.538315,8.955627],[-79.538366,8.955777],[-79.538461,8.955745],[-79.538447,8.955705],[-79.538565,8.955662],[-79.538546,8.955611],[-79.538522,8.955545],[-79.538315,8.955627]]]}},{"type":"Feature","properties":{"name":null},"geometry":{"type":"Polygon","coordinates":[[[-79.538366,8.955777],[-79.538381,8.955821],[-79.538536,8.955768],[-79.538524,8.955735],[-79.538521,8.955724],[-79.538461,8.955745],[-79.538366,8.955777]]]}},{"type":"Feature","properties":{"name":null},"geometry":{"type":"Polygon","coordinates":[[[-79.538381,8.955821],[-79.538415,8.955921],[-79.538571,8.95587],[-79.538536,8.955768],[-79.538381,8.955821]]]}},{"type":"Feature","properties":{"name":null},"geometry":{"type":"Polygon","coordinates":[[[-79.538415,8.955921],[-79.538428,8.955958],[-79.538584,8.955908],[-79.538571,8.95587],[-79.538415,8.955921]]]}},{"type":"Feature","properties":{"name":null},"geometry":{"type":"Polygon","coordinates":[[[-79.538428,8.955958],[-79.538465,8.956067],[-79.538629,8.956025],[-79.538621,8.955996],[-79.538675,8.955983],[-79.538649,8.955889],[-79.538584,8.955908],[-79.538428,8.955958]]]}},{"type":"Feature","properties":{"name":null},"geometry":{"type":"Polygon","coordinates":[[[-79.5385,8.956171],[-79.538521,8.956232],[-79.538639,8.956199],[-79.538621,8.956136],[-79.5385,8.956171]]]}},{"type":"Feature","properties":{"name":null},"geometry":{"type":"Polygon","coordinates":[[[-79.53866,8.956194],[-79.538681,8.956275],[-79.538547,8.956307],[-79.538521,8.956232],[-79.538639,8.956199],[-79.53866,8.956194]]]}},{"type":"Feature","properties":{"name":null},"geometry":{"type":"Polygon","coordinates":[[[-79.538681,8.956275],[-79.538775,8.956252],[-79.538793,8.956319],[-79.538817,8.956313],[-79.538825,8.956346],[-79.53858,8.956404],[-79.538547,8.956307],[-79.538681,8.956275]]]}},{"type":"Feature","properties":{"name":null},"geometry":{"type":"Polygon","coordinates":[[[-79.538618,8.956517],[-79.538661,8.956642],[-79.538741,8.956624],[-79.538715,8.956542],[-79.538701,8.956496],[-79.538618,8.956517]]]}},{"type":"Feature","properties":{"name":null},"geometry":{"type":"Polygon","coordinates":[[[-79.538227,8.955783],[-79.538189,8.955676],[-79.538037,8.955729],[-79.538076,8.955835],[-79.538227,8.955783]]]}},{"type":"Feature","properties":{"name":null},"geometry":{"type":"Polygon","coordinates":[[[-79.538246,8.955836],[-79.538096,8.95589],[-79.538076,8.955835],[-79.538227,8.955783],[-79.538246,8.955836]]]}},{"type":"Feature","properties":{"name":null},"geometry":{"type":"Polygon","coordinates":[[[-79.538246,8.955836],[-79.538259,8.955832],[-79.538273,8.955872],[-79.53811,8.95593],[-79.538096,8.95589],[-79.538246,8.955836]]]}},{"type":"Feature","properties":{"name":null},"geometry":{"type":"Polygon","coordinates":[[[-79.538376,8.956159],[-79.538389,8.956197],[-79.538227,8.956254],[-79.538214,8.956216],[-79.538376,8.956159]]]}},{"type":"Feature","properties":{"name":null},"geometry":{"type":"Polygon","coordinates":[[[-79.53843,8.956311],[-79.538455,8.956384],[-79.538291,8.956439],[-79.538266,8.956367],[-79.53843,8.956311]]]}},{"type":"Feature","properties":{"name":null},"geometry":{"type":"Polygon","coordinates":[[[-79.538455,8.956384],[-79.53848,8.956453],[-79.538315,8.956509],[-79.538291,8.956439],[-79.538455,8.956384]]]}},{"type":"Feature","properties":{"name":null},"geometry":{"type":"Polygon","coordinates":[[[-79.53848,8.956453],[-79.538504,8.956524],[-79.538339,8.956579],[-79.538315,8.956509],[-79.53848,8.956453]]]}},{"type":"Feature","properties":{"name":null},"geometry":{"type":"Polygon","coordinates":[[[-79.538339,8.956579],[-79.538349,8.956609],[-79.538429,8.956583],[-79.538488,8.956563],[-79.538515,8.956554],[-79.538504,8.956524],[-79.538339,8.956579]]]}},{"type":"Feature","properties":{"name":"Iglesia Metodista Wesley"},"geometry":{"type":"Polygon","coordinates":[[[-79.539199,8.956727],[-79.539396,8.956681],[-79.539388,8.956652],[-79.539426,8.956643],[-79.539413,8.956586],[-79.539375,8.956595],[-79.539368,8.956565],[-79.539171,8.956611],[-79.539185,8.956669],[-79.539199,8.956727]]]}},{"type":"Feature","properties":{"name":"P.H. Bohemian Building"},"geometry":{"type":"Polygon","coordinates":[[[-79.539955,8.95638],[-79.539896,8.956293],[-79.540022,8.956217],[-79.540074,8.956203],[-79.54012,8.956264],[-79.539955,8.95638]]]}},{"type":"Feature","properties":{"name":"Payless ShoeSource"},"geometry":{"type":"Polygon","coordinates":[[[-79.539955,8.95638],[-79.540013,8.956464],[-79.540186,8.956342],[-79.540138,8.956251],[-79.54012,8.956264],[-79.539955,8.95638]]]}},{"type":"Feature","properties":{"name":"Casa Santana"},"geometry":{"type":"Polygon","coordinates":[[[-79.539658,8.956144],[-79.539347,8.956286],[-79.539288,8.956141],[-79.539302,8.956138],[-79.539458,8.95607],[-79.539468,8.956094],[-79.539598,8.956029],[-79.539658,8.956144]]]}},{"type":"Feature","properties":{"name":null},"geometry":{"type":"Polygon","coordinates":[[[-79.539448,8.955552],[-79.539376,8.955399],[-79.539586,8.95533],[-79.539789,8.955276],[-79.539811,8.95544],[-79.539448,8.955552]]]}},{"type":"Feature","properties":{"name":"Sedería Dallas"},"geometry":{"type":"Polygon","coordinates":[[[-79.539238,8.95514],[-79.53928,8.955219],[-79.539527,8.955123],[-79.539762,8.955082],[-79.539752,8.955004],[-79.539499,8.955039],[-79.539238,8.95514]]]}},{"type":"Feature","properties":{"name":"Saks"},"geometry":{"type":"Polygon","coordinates":[[[-79.53928,8.955219],[-79.53934,8.955331],[-79.53946,8.955287],[-79.539456,8.955272],[-79.539562,8.955242],[-79.539555,8.955219],[-79.539527,8.955123],[-79.53928,8.955219]]]}},{"type":"Feature","properties":{"name":null},"geometry":{"type":"Polygon","coordinates":[[[-79.53934,8.955331],[-79.539376,8.955399],[-79.539586,8.95533],[-79.539562,8.955242],[-79.539456,8.955272],[-79.53946,8.955287],[-79.53934,8.955331]]]}},{"type":"Feature","properties":{"name":null},"geometry":{"type":"Polygon","coordinates":[[[-79.539416,8.955677],[-79.539363,8.955575],[-79.539065,8.955696],[-79.539092,8.955771],[-79.539121,8.955761],[-79.539137,8.955808],[-79.539416,8.955677]]]}},{"type":"Feature","properties":{"name":null},"geometry":{"type":"Polygon","coordinates":[[[-79.539473,8.955788],[-79.539525,8.955888],[-79.539234,8.956013],[-79.539206,8.956024],[-79.53918,8.955943],[-79.539174,8.955924],[-79.53932,8.955858],[-79.539354,8.955935],[-79.539395,8.955918],[-79.53936,8.95584],[-79.539473,8.955788]]]}},{"type":"Feature","properties":{"name":null},"geometry":{"type":"Polygon","coordinates":[[[-79.539658,8.956144],[-79.539702,8.95623],[-79.539595,8.956278],[-79.539487,8.956325],[-79.539533,8.956418],[-79.539346,8.956481],[-79.539342,8.956468],[-79.539327,8.956414],[-79.539358,8.956403],[-79.53933,8.956325],[-79.53932,8.956298],[-79.539347,8.956286],[-79.539658,8.956144]]]}},{"type":"Feature","properties":{"name":null},"geometry":{"type":"Polygon","coordinates":[[[-79.539296,8.955447],[-79.539249,8.955355],[-79.539041,8.955447],[-79.539088,8.955538],[-79.539296,8.955447]]]}},{"type":"Feature","properties":{"name":null},"geometry":{"type":"Polygon","coordinates":[[[-79.539896,8.956293],[-79.539825,8.956191],[-79.539826,8.956164],[-79.539996,8.956125],[-79.540022,8.956217],[-79.539896,8.956293]]]}},{"type":"Feature","properties":{"name":null},"geometry":{"type":"Polygon","coordinates":[[[-79.539473,8.955788],[-79.539416,8.955677],[-79.539137,8.955808],[-79.53914,8.955818],[-79.539154,8.955861],[-79.539174,8.955924],[-79.53932,8.955858],[-79.53936,8.95584],[-79.539473,8.955788]]]}},{"type":"Feature","properties":{"name":null},"geometry":{"type":"Polygon","coordinates":[[[-79.539328,8.955508],[-79.539296,8.955447],[-79.539088,8.955538],[-79.539035,8.955562],[-79.539057,8.955633],[-79.539328,8.955508]]]}},{"type":"Feature","properties":{"name":null},"geometry":{"type":"Polygon","coordinates":[[[-79.539363,8.955575],[-79.539328,8.955508],[-79.539057,8.955633],[-79.539033,8.955644],[-79.539042,8.955669],[-79.539053,8.9557],[-79.539065,8.955696],[-79.539363,8.955575]]]}},{"type":"Feature","properties":{"name":null},"geometry":{"type":"Polygon","coordinates":[[[-79.539249,8.955355],[-79.539229,8.955316],[-79.539022,8.955412],[-79.539041,8.955447],[-79.539249,8.955355]]]}},{"type":"Feature","properties":{"name":null},"geometry":{"type":"Polygon","coordinates":[[[-79.539209,8.955278],[-79.539153,8.95517],[-79.538934,8.955278],[-79.538983,8.95538],[-79.539001,8.955371],[-79.539209,8.955278]]]}},{"type":"Feature","properties":{"name":null},"geometry":{"type":"Polygon","coordinates":[[[-79.5391,8.955067],[-79.539019,8.954912],[-79.538795,8.954983],[-79.538702,8.955013],[-79.538757,8.955211],[-79.5391,8.955067]]]}},{"type":"Feature","properties":{"name":"La Pollera"},"geometry":{"type":"Polygon","coordinates":[[[-79.538901,8.954685],[-79.538839,8.954565],[-79.538595,8.954624],[-79.538638,8.954781],[-79.538901,8.954685]]]}},{"type":"Feature","properties":{"name":null},"geometry":{"type":"Polygon","coordinates":[[[-79.538901,8.954685],[-79.538921,8.954722],[-79.538724,8.954794],[-79.538649,8.954821],[-79.538638,8.954781],[-79.538901,8.954685]]]}},{"type":"Feature","properties":{"name":null},"geometry":{"type":"Polygon","coordinates":[[[-79.538921,8.954722],[-79.538966,8.954809],[-79.538756,8.954884],[-79.538724,8.954794],[-79.538921,8.954722]]]}},{"type":"Feature","properties":{"name":null},"geometry":{"type":"Polygon","coordinates":[[[-79.53846,8.953802],[-79.538443,8.95377],[-79.538281,8.953843],[-79.538301,8.953876],[-79.53846,8.953802]]]}},{"type":"Feature","properties":{"name":"Puma"},"geometry":{"type":"Polygon","coordinates":[[[-79.546266,8.954003],[-79.546428,8.954125],[-79.546472,8.954068],[-79.54631,8.953946],[-79.546266,8.954003]]]}},{"type":"Feature","properties":{"name":null},"geometry":{"type":"Polygon","coordinates":[[[-79.546223,8.954342],[-79.54605,8.954211],[-79.546122,8.954118],[-79.546296,8.954248],[-79.546223,8.954342]]]}},{"type":"Feature","properties":{"name":"Balboa Office Center"},"geometry":{"type":"Polygon","coordinates":[[[-79.53564,8.963555],[-79.535623,8.963584],[-79.535519,8.963765],[-79.536006,8.964037],[-79.536042,8.964057],[-79.536162,8.963847],[-79.53594,8.963723],[-79.53568,8.963578],[-79.53564,8.963555]]]}},{"type":"Feature","properties":{"name":"Casa Cosmoss"},"geometry":{"type":"Polygon","coordinates":[[[-79.539737,8.958939],[-79.53969,8.958956],[-79.539682,8.959007],[-79.539725,8.959148],[-79.539827,8.959118],[-79.539978,8.959073],[-79.539805,8.958977],[-79.539737,8.958939]]]}},{"type":"Feature","properties":{"name":null},"geometry":{"type":"Polygon","coordinates":[[[-79.540128,8.959023],[-79.540172,8.959126],[-79.540419,8.959056],[-79.540403,8.959006],[-79.540385,8.958949],[-79.540196,8.959003],[-79.540128,8.959023]]]}},{"type":"Feature","properties":{"name":null},"geometry":{"type":"Polygon","coordinates":[[[-79.540668,8.95916],[-79.540641,8.959056],[-79.540197,8.959178],[-79.540251,8.959313],[-79.540336,8.959291],[-79.540325,8.959254],[-79.540668,8.95916]]]}},{"type":"Feature","properties":{"name":null},"geometry":{"type":"Polygon","coordinates":[[[-79.540251,8.959313],[-79.540301,8.959441],[-79.540957,8.959281],[-79.540945,8.959236],[-79.540931,8.959181],[-79.54091,8.959187],[-79.540916,8.959208],[-79.540871,8.959219],[-79.540855,8.959158],[-79.540749,8.959185],[-79.540765,8.959246],[-79.540742,8.959252],[-79.540726,8.959191],[-79.54068,8.959203],[-79.540433,8.959266],[-79.540443,8.959303],[-79.540371,8.959322],[-79.540361,8.959285],[-79.540336,8.959291],[-79.540251,8.959313]]]}},{"type":"Feature","properties":{"name":null},"geometry":{"type":"Polygon","coordinates":[[[-79.540387,8.959598],[-79.540425,8.959734],[-79.540573,8.959693],[-79.540534,8.959557],[-79.540428,8.959586],[-79.540387,8.959598]]]}},{"type":"Feature","properties":{"name":"Delta"},"geometry":{"type":"Polygon","coordinates":[[[-79.540741,8.959722],[-79.540822,8.959979],[-79.540692,8.960019],[-79.540662,8.959921],[-79.540517,8.959965],[-79.540497,8.959904],[-79.540642,8.959859],[-79.540612,8.959761],[-79.540741,8.959722]]]}},{"type":"Feature","properties":{"name":"Casa Feliz"},"geometry":{"type":"Polygon","coordinates":[[[-79.536806,8.953262],[-79.536817,8.953204],[-79.536939,8.953229],[-79.536926,8.953285],[-79.536806,8.953262]]]}},{"type":"Feature","properties":{"name":"Caja de Ahorros"},"geometry":{"type":"Polygon","coordinates":[[[-79.540979,8.962818],[-79.540989,8.962635],[-79.54091,8.962517],[-79.540855,8.962536],[-79.540835,8.962658],[-79.540957,8.962817],[-79.540979,8.962818]]]}},{"type":"Feature","properties":{"name":"Dynasty"},"geometry":{"type":"Polygon","coordinates":[[[-79.541011,8.961422],[-79.54099,8.961594],[-79.540991,8.961612],[-79.541008,8.96163],[-79.541032,8.961636],[-79.541368,8.961492],[-79.541385,8.961458],[-79.541147,8.961436],[-79.541011,8.961422]]]}},{"type":"Feature","properties":{"name":"Almacén JVMobil"},"geometry":{"type":"Polygon","coordinates":[[[-79.541011,8.961422],[-79.541022,8.961327],[-79.541163,8.961342],[-79.541147,8.961436],[-79.541011,8.961422]]]}},{"type":"Feature","properties":{"name":null},"geometry":{"type":"Polygon","coordinates":[[[-79.541115,8.960647],[-79.541135,8.960521],[-79.54124,8.960536],[-79.541241,8.960526],[-79.541338,8.96054],[-79.5414,8.960554],[-79.541385,8.960684],[-79.541115,8.960647]]]}},{"type":"Feature","properties":{"name":null},"geometry":{"type":"Polygon","coordinates":[[[-79.541115,8.960647],[-79.541093,8.960786],[-79.541367,8.960832],[-79.541385,8.960684],[-79.541115,8.960647]]]}},{"type":"Feature","properties":{"name":null},"geometry":{"type":"Polygon","coordinates":[[[-79.541093,8.960786],[-79.541082,8.960841],[-79.54144,8.960901],[-79.541451,8.960846],[-79.541367,8.960832],[-79.541093,8.960786]]]}},{"type":"Feature","properties":{"name":null},"geometry":{"type":"Polygon","coordinates":[[[-79.541082,8.960841],[-79.54107,8.960931],[-79.541219,8.96095],[-79.541597,8.96102],[-79.541644,8.960937],[-79.54144,8.960901],[-79.541082,8.960841]]]}},{"type":"Feature","properties":{"name":"Nisato"},"geometry":{"type":"Polygon","coordinates":[[[-79.54107,8.960931],[-79.541052,8.961076],[-79.5412,8.961096],[-79.541219,8.96095],[-79.54107,8.960931]]]}},{"type":"Feature","properties":{"name":null},"geometry":{"type":"Polygon","coordinates":[[[-79.541052,8.961076],[-79.541035,8.961207],[-79.541287,8.961236],[-79.541303,8.961111],[-79.5412,8.961096],[-79.541052,8.961076]]]}},{"type":"Feature","properties":{"name":null},"geometry":{"type":"Polygon","coordinates":[[[-79.541135,8.960521],[-79.541147,8.960441],[-79.541241,8.960456],[-79.541357,8.960435],[-79.5414,8.960554],[-79.541338,8.96054],[-79.541241,8.960526],[-79.54124,8.960536],[-79.541135,8.960521]]]}},{"type":"Feature","properties":{"name":null},"geometry":{"type":"Polygon","coordinates":[[[-79.541147,8.960441],[-79.541182,8.960347],[-79.541366,8.960386],[-79.541357,8.960435],[-79.541241,8.960456],[-79.541147,8.960441]]]}},{"type":"Feature","properties":{"name":null},"geometry":{"type":"Polygon","coordinates":[[[-79.541182,8.960347],[-79.541222,8.960222],[-79.54139,8.960284],[-79.541366,8.960386],[-79.541182,8.960347]]]}},{"type":"Feature","properties":{"name":"Fantastic Casino"},"geometry":{"type":"Polygon","coordinates":[[[-79.541085,8.960119],[-79.540847,8.960173],[-79.540875,8.960291],[-79.541038,8.960256],[-79.541057,8.96024],[-79.541085,8.960119]]]}},{"type":"Feature","properties":{"name":"Hotel Republica"},"geometry":{"type":"Polygon","coordinates":[[[-79.540875,8.960291],[-79.540687,8.960334],[-79.540656,8.960315],[-79.540594,8.960124],[-79.540609,8.960097],[-79.540716,8.960069],[-79.540816,8.960042],[-79.54084,8.960145],[-79.540847,8.960173],[-79.540875,8.960291]]]}},{"type":"Feature","properties":{"name":"Antigua Estación de Ferrocarril (Antiguo Museo Antropológico Reina Torres de Araúz)"},"geometry":{"type":"Polygon","coordinates":[[[-79.540605,8.960694],[-79.540622,8.960734],[-79.540775,8.961088],[-79.540789,8.96112],[-79.540517,8.961234],[-79.540473,8.961132],[-79.540589,8.961083],[-79.540568,8.961034],[-79.540311,8.961142],[-79.540254,8.96101],[-79.540511,8.960902],[-79.540496,8.960866],[-79.54038,8.960915],[-79.540334,8.960808],[-79.540605,8.960694]]]}},{"type":"Feature","properties":{"name":null},"geometry":{"type":"Polygon","coordinates":[[[-79.540313,8.961929],[-79.540298,8.961907],[-79.540292,8.961898],[-79.540149,8.961693],[-79.540167,8.961681],[-79.540148,8.961653],[-79.540289,8.961558],[-79.540382,8.961494],[-79.540409,8.961532],[-79.540429,8.961519],[-79.540565,8.961714],[-79.540575,8.961728],[-79.540586,8.961745],[-79.540313,8.961929]]]}},{"type":"Feature","properties":{"name":null},"geometry":{"type":"Polygon","coordinates":[[[-79.5402,8.962254],[-79.540167,8.962212],[-79.540028,8.962317],[-79.540061,8.962359],[-79.5402,8.962254]]]}},{"type":"Feature","properties":{"name":"Edificio Juan Ramon Poll"},"geometry":{"type":"Polygon","coordinates":[[[-79.540328,8.962779],[-79.540095,8.96246],[-79.540018,8.962515],[-79.539993,8.962481],[-79.539831,8.962596],[-79.539955,8.962767],[-79.540011,8.962727],[-79.540155,8.962924],[-79.540252,8.962855],[-79.540242,8.96284],[-79.540328,8.962779]]]}},{"type":"Feature","properties":{"name":null},"geometry":{"type":"Polygon","coordinates":[[[-79.540041,8.96297],[-79.539758,8.962584],[-79.539698,8.962627],[-79.539981,8.963013],[-79.540041,8.96297]]]}},{"type":"Feature","properties":{"name":null},"geometry":{"type":"Polygon","coordinates":[[[-79.539143,8.962749],[-79.539107,8.9627],[-79.538968,8.962802],[-79.539005,8.96285],[-79.539143,8.962749]]]}},{"type":"Feature","properties":{"name":null},"geometry":{"type":"Polygon","coordinates":[[[-79.540042,8.962069],[-79.540007,8.962026],[-79.539858,8.962142],[-79.539893,8.962186],[-79.540042,8.962069]]]}},{"type":"Feature","properties":{"name":"Fonda Lasso Man"},"geometry":{"type":"Polygon","coordinates":[[[-79.538772,8.962813],[-79.538738,8.962768],[-79.53871,8.962788],[-79.538737,8.962829],[-79.538772,8.962813]]]}},{"type":"Feature","properties":{"name":"MiniSuper 12 de Octubre"},"geometry":{"type":"Polygon","coordinates":[[[-79.538014,8.961826],[-79.537974,8.961773],[-79.537944,8.961796],[-79.537983,8.961848],[-79.538014,8.961826]]]}},{"type":"Feature","properties":{"name":"Costa Marina"},"geometry":{"type":"Polygon","coordinates":[[[-79.537886,8.961646],[-79.5378,8.961523],[-79.537657,8.961622],[-79.537619,8.961648],[-79.537706,8.96177],[-79.537886,8.961646]]]}},{"type":"Feature","properties":{"name":"Fonda Dorita"},"geometry":{"type":"Polygon","coordinates":[[[-79.537784,8.961468],[-79.537744,8.961414],[-79.537676,8.961463],[-79.537716,8.961517],[-79.537784,8.961468]]]}},{"type":"Feature","properties":{"name":"Iglesia Metodista la Resurrección"},"geometry":{"type":"Polygon","coordinates":[[[-79.537423,8.962616],[-79.53757,8.962808],[-79.537516,8.962915],[-79.537474,8.962888],[-79.537337,8.9628],[-79.537423,8.962616]]]}},{"type":"Feature","properties":{"name":"Fonda Bendición para Todos"},"geometry":{"type":"Polygon","coordinates":[[[-79.53666,8.963455],[-79.53664,8.963443],[-79.536617,8.963481],[-79.536636,8.963493],[-79.53666,8.963455]]]}},{"type":"Feature","properties":{"name":null},"geometry":{"type":"Polygon","coordinates":[[[-79.538951,8.95724],[-79.539002,8.957346],[-79.539182,8.957254],[-79.539167,8.957203],[-79.539148,8.957208],[-79.539131,8.957154],[-79.538957,8.957238],[-79.538951,8.95724]]]}},{"type":"Feature","properties":{"name":null},"geometry":{"type":"Polygon","coordinates":[[[-79.534905,8.966565],[-79.535033,8.966344],[-79.534904,8.966272],[-79.534777,8.966493],[-79.534905,8.966565]]]}},{"type":"Feature","properties":{"name":"Delta"},"geometry":{"type":"Polygon","coordinates":[[[-79.537756,8.959958],[-79.537678,8.959921],[-79.537565,8.960154],[-79.537643,8.96019],[-79.537756,8.959958]]]}},{"type":"Feature","properties":{"name":"Edificio Atlas"},"geometry":{"type":"Polygon","coordinates":[[[-79.539068,8.959917],[-79.538964,8.95983],[-79.538916,8.959892],[-79.53894,8.959912],[-79.538932,8.959921],[-79.538955,8.959943],[-79.538964,8.959934],[-79.538976,8.959943],[-79.538968,8.959951],[-79.538995,8.959975],[-79.539003,8.959967],[-79.539014,8.959982],[-79.539008,8.959987],[-79.539032,8.960018],[-79.539039,8.960013],[-79.539056,8.960036],[-79.539071,8.960059],[-79.539061,8.960066],[-79.539081,8.960095],[-79.539091,8.960089],[-79.5391,8.960103],[-79.53909,8.960109],[-79.53911,8.960138],[-79.53912,8.960132],[-79.539151,8.960177],[-79.539141,8.960183],[-79.53916,8.960212],[-79.53917,8.960206],[-79.539179,8.960218],[-79.539169,8.960224],[-79.539188,8.960253],[-79.539198,8.960247],[-79.539227,8.96029],[-79.539218,8.960297],[-79.539239,8.960328],[-79.539249,8.960322],[-79.539258,8.960336],[-79.539249,8.960342],[-79.539269,8.960372],[-79.539279,8.960366],[-79.539309,8.960409],[-79.539299,8.960416],[-79.539319,8.960445],[-79.539329,8.960439],[-79.539339,8.960454],[-79.53933,8.960461],[-79.539348,8.960488],[-79.539358,8.960482],[-79.539371,8.960501],[-79.539438,8.960456],[-79.53912,8.959989],[-79.539099,8.959958],[-79.539125,8.959938],[-79.539094,8.959898],[-79.539068,8.959917]]]}},{"type":"Feature","properties":{"name":"Barbería Boricua Style"},"geometry":{"type":"Polygon","coordinates":[[[-79.539356,8.960942],[-79.539313,8.960879],[-79.53929,8.960894],[-79.539333,8.960957],[-79.539356,8.960942]]]}},{"type":"Feature","properties":{"name":"Cochez"},"geometry":{"type":"Polygon","coordinates":[[[-79.538616,8.958169],[-79.53829,8.957809],[-79.538141,8.957644],[-79.537958,8.957372],[-79.537922,8.957451],[-79.537907,8.957428],[-79.537899,8.957425],[-79.537893,8.957432],[-79.537769,8.957794],[-79.537657,8.958192],[-79.537739,8.958216],[-79.537713,8.958325],[-79.538221,8.958479],[-79.538346,8.958355],[-79.5384,8.958316],[-79.53826,8.958262],[-79.538268,8.958235],[-79.53789,8.958109],[-79.537922,8.957993],[-79.538062,8.958044],[-79.538101,8.957937],[-79.537935,8.957876],[-79.537926,8.957902],[-79.53789,8.957888],[-79.537944,8.957707],[-79.537984,8.957696],[-79.53809,8.957844],[-79.538066,8.957867],[-79.538141,8.957952],[-79.538193,8.957907],[-79.538369,8.958103],[-79.538404,8.958071],[-79.53847,8.958144],[-79.538537,8.95822],[-79.538616,8.958169]]]}},{"type":"Feature","properties":{"name":null},"geometry":{"type":"Polygon","coordinates":[[[-79.538209,8.956867],[-79.538324,8.956763],[-79.53829,8.956669],[-79.538151,8.956733],[-79.538175,8.956789],[-79.538209,8.956867]]]}},{"type":"Feature","properties":{"name":null},"geometry":{"type":"Polygon","coordinates":[[[-79.537868,8.955736],[-79.537836,8.955628],[-79.537988,8.955582],[-79.538023,8.95557],[-79.537991,8.955458],[-79.537986,8.955442],[-79.538116,8.955404],[-79.538178,8.955617],[-79.537868,8.955736]]]}},{"type":"Feature","properties":{"name":"Plaza Lulu"},"geometry":{"type":"Polygon","coordinates":[[[-79.539712,8.958209],[-79.539645,8.958058],[-79.539635,8.958036],[-79.539472,8.958106],[-79.539548,8.958279],[-79.539712,8.958209]]]}},{"type":"Feature","properties":{"name":"Mercado de Mariscos"},"geometry":{"type":"Polygon","coordinates":[[[-79.539235,8.958221],[-79.539213,8.958172],[-79.538744,8.958375],[-79.538766,8.958424],[-79.539235,8.958221]]]}},{"type":"Feature","properties":{"name":null},"geometry":{"type":"Polygon","coordinates":[[[-79.53861,8.958571],[-79.538527,8.958635],[-79.538614,8.958814],[-79.538558,8.958847],[-79.538383,8.958792],[-79.538311,8.958889],[-79.53834,8.958899],[-79.53847,8.958932],[-79.538653,8.95898],[-79.538708,8.958797],[-79.538707,8.958769],[-79.538686,8.958728],[-79.53862,8.958592],[-79.53861,8.958571]]]}},{"type":"Feature","properties":{"name":null},"geometry":{"type":"Polygon","coordinates":[[[-79.538121,8.956197],[-79.53809,8.956109],[-79.538004,8.956132],[-79.538035,8.956225],[-79.538121,8.956197]]]}},{"type":"Feature","properties":{"name":null},"geometry":{"type":"Polygon","coordinates":[[[-79.537152,8.955646],[-79.53712,8.955549],[-79.536808,8.955652],[-79.536844,8.955749],[-79.537152,8.955646]]]}},{"type":"Feature","properties":{"name":null},"geometry":{"type":"Polygon","coordinates":[[[-79.537449,8.955732],[-79.537366,8.95547],[-79.537199,8.955524],[-79.537282,8.955784],[-79.537449,8.955732]]]}},{"type":"Feature","properties":{"name":"Compra y Venta Universal"},"geometry":{"type":"Polygon","coordinates":[[[-79.537364,8.956043],[-79.537336,8.955956],[-79.537538,8.955894],[-79.537565,8.955981],[-79.537457,8.956014],[-79.537364,8.956043]]]}},{"type":"Feature","properties":{"name":"Manairo Santa Ana"},"geometry":{"type":"Polygon","coordinates":[[[-79.537457,8.956014],[-79.537511,8.956187],[-79.537493,8.956192],[-79.537418,8.956215],[-79.537364,8.956043],[-79.537457,8.956014]]]}},{"type":"Feature","properties":{"name":"Casa Victor"},"geometry":{"type":"Polygon","coordinates":[[[-79.537262,8.955983],[-79.537157,8.956015],[-79.537072,8.956042],[-79.536965,8.956075],[-79.536903,8.955909],[-79.53702,8.955872],[-79.537101,8.955846],[-79.537207,8.955813],[-79.537262,8.955983]]]}},{"type":"Feature","properties":{"name":null},"geometry":{"type":"Polygon","coordinates":[[[-79.537753,8.956486],[-79.53753,8.956522],[-79.537506,8.956558],[-79.53753,8.95663],[-79.537613,8.956604],[-79.537604,8.956578],[-79.537636,8.95657],[-79.537646,8.956594],[-79.537727,8.95657],[-79.537762,8.956559],[-79.537753,8.956486]]]}},{"type":"Feature","properties":{"name":"Casa Mayorista la Riqueza"},"geometry":{"type":"Polygon","coordinates":[[[-79.536516,8.955626],[-79.536421,8.955423],[-79.536331,8.95549],[-79.536418,8.955657],[-79.536516,8.955626]]]}},{"type":"Feature","properties":{"name":"Farmacia Vanessa"},"geometry":{"type":"Polygon","coordinates":[[[-79.537243,8.955133],[-79.537213,8.954945],[-79.537078,8.954976],[-79.537062,8.955003],[-79.537102,8.955171],[-79.537134,8.955162],[-79.537243,8.955133]]]}},{"type":"Feature","properties":{"name":"Parroquia San Miguel Arcángel"},"geometry":{"type":"Polygon","coordinates":[[[-79.541984,8.966202],[-79.542046,8.965992],[-79.541972,8.965971],[-79.541843,8.965934],[-79.541734,8.965903],[-79.541749,8.965852],[-79.541699,8.965837],[-79.541684,8.965888],[-79.541663,8.965962],[-79.541637,8.96605],[-79.541764,8.966086],[-79.541736,8.966181],[-79.541938,8.966239],[-79.541952,8.966192],[-79.541984,8.966202]]]}},{"type":"Feature","properties":{"name":"Zeresita"},"geometry":{"type":"Polygon","coordinates":[[[-79.541249,8.965023],[-79.541072,8.965006],[-79.541003,8.965179],[-79.541175,8.965215],[-79.541249,8.965023]]]}},{"type":"Feature","properties":{"name":"San José"},"geometry":{"type":"Polygon","coordinates":[[[-79.54137,8.963635],[-79.540813,8.963545],[-79.54079,8.963651],[-79.541193,8.963717],[-79.541191,8.963806],[-79.541222,8.963807],[-79.541226,8.963723],[-79.541291,8.963734],[-79.54137,8.963635]]]}},{"type":"Feature","properties":{"name":"Edificio Juan Ramón Poll"},"geometry":{"type":"Polygon","coordinates":[[[-79.540501,8.963387],[-79.540481,8.963402],[-79.54001,8.963287],[-79.539983,8.963264],[-79.539976,8.963235],[-79.539988,8.963199],[-79.540518,8.962808],[-79.540544,8.962806],[-79.540567,8.962815],[-79.540579,8.962843],[-79.540512,8.963365],[-79.540501,8.963387]]]}},{"type":"Feature","properties":{"name":"Mini Súper Star Wey"},"geometry":{"type":"Polygon","coordinates":[[[-79.540678,8.963406],[-79.540695,8.963327],[-79.54088,8.963364],[-79.540864,8.963443],[-79.540678,8.963406]]]}},{"type":"Feature","properties":{"name":"Edificio Premio"},"geometry":{"type":"Polygon","coordinates":[[[-79.540356,8.962769],[-79.540328,8.962728],[-79.540556,8.962565],[-79.54059,8.962623],[-79.540573,8.96265],[-79.540373,8.962792],[-79.540356,8.962769]]]}},{"type":"Feature","properties":{"name":"Isla Del Rey"},"geometry":{"type":"Polygon","coordinates":[[[-79.539841,8.963313],[-79.539661,8.963282],[-79.539645,8.963376],[-79.539799,8.963402],[-79.539824,8.963407],[-79.539841,8.963313]]]}},{"type":"Feature","properties":{"name":"Mercadito Shanghai"},"geometry":{"type":"Polygon","coordinates":[[[-79.539784,8.9635],[-79.539695,8.963486],[-79.539666,8.963669],[-79.539759,8.963678],[-79.539761,8.96366],[-79.539784,8.9635]]]}},{"type":"Feature","properties":{"name":"Móvil Market"},"geometry":{"type":"Polygon","coordinates":[[[-79.539759,8.963678],[-79.539666,8.963669],[-79.53964,8.963666],[-79.539639,8.963674],[-79.539636,8.963713],[-79.539754,8.963723],[-79.539759,8.963678]]]}},{"type":"Feature","properties":{"name":"Bar Discoteca Panameñito"},"geometry":{"type":"Polygon","coordinates":[[[-79.539754,8.963723],[-79.539745,8.963794],[-79.53963,8.96378],[-79.539636,8.963713],[-79.539754,8.963723]]]}},{"type":"Feature","properties":{"name":"M/S Expreso"},"geometry":{"type":"Polygon","coordinates":[[[-79.539745,8.963794],[-79.53974,8.963853],[-79.539625,8.963834],[-79.53963,8.96378],[-79.539745,8.963794]]]}},{"type":"Feature","properties":{"name":"Flamingo"},"geometry":{"type":"Polygon","coordinates":[[[-79.53974,8.963853],[-79.53973,8.963913],[-79.539618,8.9639],[-79.539623,8.963853],[-79.539625,8.963834],[-79.53974,8.963853]]]}},{"type":"Feature","properties":{"name":"Pollos Asados"},"geometry":{"type":"Polygon","coordinates":[[[-79.539676,8.964271],[-79.539688,8.964199],[-79.539543,8.964176],[-79.53953,8.964249],[-79.539676,8.964271]]]}},{"type":"Feature","properties":{"name":"Restaurante La Fé"},"geometry":{"type":"Polygon","coordinates":[[[-79.539688,8.964199],[-79.539694,8.964158],[-79.53955,8.964141],[-79.539543,8.964176],[-79.539688,8.964199]]]}},{"type":"Feature","properties":{"name":"Celulares Siglo"},"geometry":{"type":"Polygon","coordinates":[[[-79.539694,8.964158],[-79.539706,8.964083],[-79.539564,8.964063],[-79.53955,8.964141],[-79.539694,8.964158]]]}},{"type":"Feature","properties":{"name":"Farmacia Rodríguez"},"geometry":{"type":"Polygon","coordinates":[[[-79.539706,8.964083],[-79.539716,8.964016],[-79.539575,8.964001],[-79.539564,8.964063],[-79.539706,8.964083]]]}},{"type":"Feature","properties":{"name":"Residencial Turístico"},"geometry":{"type":"Polygon","coordinates":[[[-79.539923,8.964282],[-79.53994,8.964188],[-79.539796,8.964164],[-79.53978,8.964257],[-79.539923,8.964282]]]}},{"type":"Feature","properties":{"name":"Saoco"},"geometry":{"type":"Polygon","coordinates":[[[-79.539931,8.964059],[-79.539973,8.963816],[-79.539918,8.963808],[-79.539874,8.963802],[-79.539837,8.963796],[-79.539796,8.96404],[-79.539931,8.964059]]]}},{"type":"Feature","properties":{"name":"Hotel Red Room"},"geometry":{"type":"Polygon","coordinates":[[[-79.540009,8.96447],[-79.539979,8.964422],[-79.539895,8.964453],[-79.539856,8.964394],[-79.539739,8.964442],[-79.539784,8.964524],[-79.53973,8.96455],[-79.539752,8.96459],[-79.540009,8.96447]]]}},{"type":"Feature","properties":{"name":"Mini Super Keegin"},"geometry":{"type":"Polygon","coordinates":[[[-79.539645,8.964372],[-79.539587,8.964362],[-79.539584,8.964425],[-79.539637,8.964434],[-79.539645,8.964372]]]}},{"type":"Feature","properties":{"name":"La Casa de las Curiosidades"},"geometry":{"type":"Polygon","coordinates":[[[-79.537697,8.955439],[-79.537669,8.955329],[-79.537628,8.955264],[-79.537589,8.955278],[-79.537584,8.955352],[-79.537565,8.955414],[-79.537543,8.955483],[-79.537697,8.955439]]]}},{"type":"Feature","properties":{"name":"Esorterica Atlantis"},"geometry":{"type":"Polygon","coordinates":[[[-79.53755,8.95524],[-79.537539,8.955166],[-79.537519,8.955034],[-79.537395,8.955052],[-79.537428,8.955249],[-79.53755,8.95524]]]}},{"type":"Feature","properties":{"name":null},"geometry":{"type":"Polygon","coordinates":[[[-79.537777,8.955429],[-79.537953,8.955376],[-79.537966,8.955372],[-79.537957,8.955342],[-79.537938,8.955277],[-79.537895,8.955288],[-79.537744,8.955329],[-79.537777,8.955429]]]}},{"type":"Feature","properties":{"name":"Mey Mey"},"geometry":{"type":"Polygon","coordinates":[[[-79.537697,8.955439],[-79.537717,8.955512],[-79.537538,8.955561],[-79.537526,8.955512],[-79.537543,8.955483],[-79.537697,8.955439]]]}},{"type":"Feature","properties":{"name":"Las Mendozas"},"geometry":{"type":"Polygon","coordinates":[[[-79.537777,8.955429],[-79.537836,8.955628],[-79.537988,8.955582],[-79.537953,8.95547],[-79.537991,8.955458],[-79.537986,8.955442],[-79.537975,8.955403],[-79.537962,8.955407],[-79.537953,8.955376],[-79.537777,8.955429]]]}},{"type":"Feature","properties":{"name":null},"geometry":{"type":"Polygon","coordinates":[[[-79.537739,8.955628],[-79.537776,8.955753],[-79.537549,8.955798],[-79.537516,8.955695],[-79.537739,8.955628]]]}},{"type":"Feature","properties":{"name":null},"geometry":{"type":"Polygon","coordinates":[[[-79.539394,8.95814],[-79.53947,8.958313],[-79.539548,8.958279],[-79.539472,8.958106],[-79.539394,8.95814]]]}},{"type":"Feature","properties":{"name":null},"geometry":{"type":"Polygon","coordinates":[[[-79.539637,8.964434],[-79.539648,8.964436],[-79.539646,8.964467],[-79.539634,8.964469],[-79.539632,8.964489],[-79.53962,8.96452],[-79.539579,8.964514],[-79.539584,8.964425],[-79.539637,8.964434]]]}},{"type":"Feature","properties":{"name":"Casa EGEO S.A."},"geometry":{"type":"Polygon","coordinates":[[[-79.53962,8.96452],[-79.539584,8.96461],[-79.539352,8.964863],[-79.539338,8.964856],[-79.539339,8.964797],[-79.539382,8.964504],[-79.539383,8.964495],[-79.539579,8.964514],[-79.53962,8.96452]]]}},{"type":"Feature","properties":{"name":"Maggie"},"geometry":{"type":"Polygon","coordinates":[[[-79.539352,8.964863],[-79.539338,8.964856],[-79.539208,8.964786],[-79.539059,8.965053],[-79.539197,8.96513],[-79.539352,8.964863]]]}},{"type":"Feature","properties":{"name":"Empeños Mas Me Dan"},"geometry":{"type":"Polygon","coordinates":[[[-79.539676,8.965237],[-79.539589,8.965195],[-79.539573,8.965169],[-79.539626,8.965023],[-79.539731,8.96505],[-79.539676,8.965237]]]}},{"type":"Feature","properties":{"name":null},"geometry":{"type":"Polygon","coordinates":[[[-79.539469,8.965425],[-79.539355,8.965621],[-79.539116,8.965485],[-79.539088,8.965469],[-79.539202,8.965273],[-79.539469,8.965425]]]}},{"type":"Feature","properties":{"name":null},"geometry":{"type":"Polygon","coordinates":[[[-79.539202,8.965273],[-79.539088,8.965469],[-79.538884,8.965353],[-79.538998,8.965157],[-79.539202,8.965273]]]}},{"type":"Feature","properties":{"name":null},"geometry":{"type":"Polygon","coordinates":[[[-79.538976,8.965146],[-79.538662,8.964966],[-79.538529,8.965191],[-79.538843,8.965371],[-79.538976,8.965146]]]}},{"type":"Feature","properties":{"name":"Restaurante Poli"},"geometry":{"type":"Polygon","coordinates":[[[-79.538757,8.964735],[-79.53874,8.964831],[-79.538749,8.964871],[-79.538812,8.964905],[-79.538874,8.964779],[-79.538865,8.964765],[-79.538867,8.96475],[-79.538757,8.964735]]]}},{"type":"Feature","properties":{"name":null},"geometry":{"type":"Polygon","coordinates":[[[-79.539104,8.964908],[-79.539039,8.96487],[-79.538964,8.964996],[-79.539029,8.965036],[-79.539104,8.964908]]]}},{"type":"Feature","properties":{"name":"Mini Super"},"geometry":{"type":"Polygon","coordinates":[[[-79.538757,8.964735],[-79.538765,8.964691],[-79.538872,8.96471],[-79.538867,8.96475],[-79.538757,8.964735]]]}},{"type":"Feature","properties":{"name":"Edificio Saleja"},"geometry":{"type":"Polygon","coordinates":[[[-79.536856,8.964734],[-79.536612,8.964602],[-79.536479,8.964842],[-79.536722,8.964974],[-79.536843,8.964756],[-79.536856,8.964734]]]}},{"type":"Feature","properties":{"name":"Edificio San Gregorio"},"geometry":{"type":"Polygon","coordinates":[[[-79.537148,8.964924],[-79.536843,8.964756],[-79.536722,8.964974],[-79.537013,8.965135],[-79.537025,8.965142],[-79.537148,8.964924]]]}},{"type":"Feature","properties":{"name":"Fonda El Chorro"},"geometry":{"type":"Polygon","coordinates":[[[-79.53902,8.965904],[-79.53899,8.965886],[-79.538964,8.965927],[-79.538994,8.965945],[-79.53902,8.965904]]]}},{"type":"Feature","properties":{"name":null},"geometry":{"type":"Polygon","coordinates":[[[-79.53902,8.965904],[-79.539049,8.965922],[-79.539025,8.965963],[-79.538994,8.965945],[-79.53902,8.965904]]]}},{"type":"Feature","properties":{"name":"Hotel Rio de Janeiro"},"geometry":{"type":"Polygon","coordinates":[[[-79.539355,8.965621],[-79.539116,8.965485],[-79.539097,8.965517],[-79.538933,8.965423],[-79.538874,8.965525],[-79.539277,8.965754],[-79.539355,8.965621]]]}},{"type":"Feature","properties":{"name":"Brasas Latino"},"geometry":{"type":"Polygon","coordinates":[[[-79.539539,8.965731],[-79.539585,8.965663],[-79.539738,8.965735],[-79.53967,8.965786],[-79.539539,8.965731]]]}},{"type":"Feature","properties":{"name":"Importadora Mundo Fino"},"geometry":{"type":"Polygon","coordinates":[[[-79.539796,8.965457],[-79.539837,8.965311],[-79.539666,8.965259],[-79.539621,8.965404],[-79.539796,8.965457]]]}},{"type":"Feature","properties":{"name":"Mueblaria San Blas"},"geometry":{"type":"Polygon","coordinates":[[[-79.539277,8.965754],[-79.539205,8.965877],[-79.538802,8.965648],[-79.538874,8.965525],[-79.539277,8.965754]]]}},{"type":"Feature","properties":{"name":"Primera Iglesia Bautista"},"geometry":{"type":"Polygon","coordinates":[[[-79.538528,8.965388],[-79.538497,8.96537],[-79.538479,8.965398],[-79.538423,8.965365],[-79.538459,8.965306],[-79.538484,8.965321],[-79.538543,8.965224],[-79.538751,8.965349],[-79.538674,8.965476],[-79.538636,8.965453],[-79.538599,8.96543],[-79.538576,8.965467],[-79.538506,8.965425],[-79.538528,8.965388]]]}},{"type":"Feature","properties":{"name":"P.H. Condominio Poli"},"geometry":{"type":"Polygon","coordinates":[[[-79.537704,8.964427],[-79.538121,8.964665],[-79.538085,8.964727],[-79.538138,8.964758],[-79.538175,8.964695],[-79.53851,8.964886],[-79.538234,8.96536],[-79.537899,8.965169],[-79.537935,8.965106],[-79.537882,8.965076],[-79.537845,8.965139],[-79.537428,8.964902],[-79.537704,8.964427]]]}},{"type":"Feature","properties":{"name":null},"geometry":{"type":"Polygon","coordinates":[[[-79.54014,8.960224],[-79.540101,8.960112],[-79.540322,8.960052],[-79.540415,8.960024],[-79.540462,8.960138],[-79.54014,8.960224]]]}},{"type":"Feature","properties":{"name":null},"geometry":{"type":"Polygon","coordinates":[[[-79.539233,8.958658],[-79.539162,8.95869],[-79.539256,8.958891],[-79.539245,8.958896],[-79.539216,8.95891],[-79.539262,8.959008],[-79.539291,8.958995],[-79.539302,8.95899],[-79.539394,8.959187],[-79.539465,8.959154],[-79.539233,8.958658]]]}},{"type":"Feature","properties":{"name":"Fonda Darling"},"geometry":{"type":"Polygon","coordinates":[[[-79.539571,8.958857],[-79.53959,8.958897],[-79.539553,8.958914],[-79.539534,8.958875],[-79.539571,8.958857]]]}},{"type":"Feature","properties":{"name":"Abarrotería Appetit"},"geometry":{"type":"Polygon","coordinates":[[[-79.53973,8.963913],[-79.539716,8.964016],[-79.539575,8.964001],[-79.539578,8.963985],[-79.539606,8.963988],[-79.539618,8.9639],[-79.53973,8.963913]]]}},{"type":"Feature","properties":{"name":"Clínica Salud & Armonía"},"geometry":{"type":"Polygon","coordinates":[[[-79.538857,8.966501],[-79.538928,8.966388],[-79.538695,8.966255],[-79.538622,8.966365],[-79.538857,8.966501]]]}},{"type":"Feature","properties":{"name":"La Parada Sports Bar"},"geometry":{"type":"Polygon","coordinates":[[[-79.539585,8.965663],[-79.539624,8.965599],[-79.539706,8.965636],[-79.539771,8.965667],[-79.539738,8.965735],[-79.539585,8.965663]]]}},{"type":"Feature","properties":{"name":null},"geometry":{"type":"Polygon","coordinates":[[[-79.539538,8.956429],[-79.539648,8.95638],[-79.539595,8.956278],[-79.539487,8.956325],[-79.539533,8.956418],[-79.539538,8.956429]]]}},{"type":"Feature","properties":{"name":null},"geometry":{"type":"Polygon","coordinates":[[[-79.539648,8.95638],[-79.539755,8.956332],[-79.539702,8.95623],[-79.539595,8.956278],[-79.539648,8.95638]]]}},{"type":"Feature","properties":{"name":null},"geometry":{"type":"Polygon","coordinates":[[[-79.538966,8.954809],[-79.539019,8.954912],[-79.538795,8.954983],[-79.538756,8.954884],[-79.538966,8.954809]]]}},{"type":"Feature","properties":{"name":null},"geometry":{"type":"Polygon","coordinates":[[[-79.539118,8.956527],[-79.539082,8.956396],[-79.539303,8.956333],[-79.53933,8.956325],[-79.539358,8.956403],[-79.539327,8.956414],[-79.539342,8.956468],[-79.539118,8.956527]]]}},{"type":"Feature","properties":{"name":null},"geometry":{"type":"Polygon","coordinates":[[[-79.538629,8.956025],[-79.538621,8.955996],[-79.538675,8.955983],[-79.538772,8.955961],[-79.53878,8.955996],[-79.538795,8.956056],[-79.538611,8.9561],[-79.538621,8.956136],[-79.5385,8.956171],[-79.538465,8.956067],[-79.538629,8.956025]]]}},{"type":"Feature","properties":{"name":null},"geometry":{"type":"Polygon","coordinates":[[[-79.538328,8.956025],[-79.538376,8.956159],[-79.538214,8.956216],[-79.538166,8.956082],[-79.538328,8.956025]]]}},{"type":"Feature","properties":{"name":null},"geometry":{"type":"Polygon","coordinates":[[[-79.538701,8.956496],[-79.538867,8.956456],[-79.538858,8.956417],[-79.538842,8.956342],[-79.538825,8.956346],[-79.53858,8.956404],[-79.538618,8.956517],[-79.538701,8.956496]]]}},{"type":"Feature","properties":{"name":null},"geometry":{"type":"Polygon","coordinates":[[[-79.53801,8.955887],[-79.537967,8.955768],[-79.537885,8.955797],[-79.537899,8.955921],[-79.53801,8.955887]]]}},{"type":"Feature","properties":{"name":null},"geometry":{"type":"Polygon","coordinates":[[[-79.53809,8.956109],[-79.538067,8.956045],[-79.537918,8.956073],[-79.537926,8.956146],[-79.538004,8.956132],[-79.53809,8.956109]]]}},{"type":"Feature","properties":{"name":null},"geometry":{"type":"Polygon","coordinates":[[[-79.538067,8.956045],[-79.538035,8.955955],[-79.537907,8.955986],[-79.537918,8.956073],[-79.538067,8.956045]]]}},{"type":"Feature","properties":{"name":null},"geometry":{"type":"Polygon","coordinates":[[[-79.538035,8.955955],[-79.53801,8.955887],[-79.537899,8.955921],[-79.537907,8.955986],[-79.538035,8.955955]]]}},{"type":"Feature","properties":{"name":null},"geometry":{"type":"Polygon","coordinates":[[[-79.538087,8.956553],[-79.53807,8.956474],[-79.537968,8.956494],[-79.537977,8.956571],[-79.538087,8.956553]]]}},{"type":"Feature","properties":{"name":null},"geometry":{"type":"Polygon","coordinates":[[[-79.538087,8.956553],[-79.538098,8.956607],[-79.537984,8.956629],[-79.537977,8.956571],[-79.538087,8.956553]]]}},{"type":"Feature","properties":{"name":null},"geometry":{"type":"Polygon","coordinates":[[[-79.537984,8.956629],[-79.537994,8.956709],[-79.538042,8.956701],[-79.538144,8.956683],[-79.538136,8.956599],[-79.538098,8.956607],[-79.537984,8.956629]]]}},{"type":"Feature","properties":{"name":null},"geometry":{"type":"Polygon","coordinates":[[[-79.537994,8.956709],[-79.538005,8.956803],[-79.538051,8.956799],[-79.538042,8.956701],[-79.537994,8.956709]]]}},{"type":"Feature","properties":{"name":null},"geometry":{"type":"Polygon","coordinates":[[[-79.538005,8.956803],[-79.538022,8.956945],[-79.538108,8.956938],[-79.538095,8.956795],[-79.538051,8.956799],[-79.538005,8.956803]]]}},{"type":"Feature","properties":{"name":null},"geometry":{"type":"Polygon","coordinates":[[[-79.538108,8.956938],[-79.538125,8.956947],[-79.538209,8.956867],[-79.538175,8.956789],[-79.538111,8.956809],[-79.538109,8.956795],[-79.538095,8.956795],[-79.538108,8.956938]]]}},{"type":"Feature","properties":{"name":null},"geometry":{"type":"Polygon","coordinates":[[[-79.537717,8.955512],[-79.537751,8.955623],[-79.537739,8.955628],[-79.537516,8.955695],[-79.537479,8.955579],[-79.537538,8.955561],[-79.537717,8.955512]]]}},{"type":"Feature","properties":{"name":null},"geometry":{"type":"Polygon","coordinates":[[[-79.537776,8.955753],[-79.537803,8.955848],[-79.537576,8.955881],[-79.537549,8.955798],[-79.537776,8.955753]]]}},{"type":"Feature","properties":{"name":null},"geometry":{"type":"Polygon","coordinates":[[[-79.537834,8.955952],[-79.53782,8.955903],[-79.537595,8.955941],[-79.537608,8.955983],[-79.537834,8.955952]]]}},{"type":"Feature","properties":{"name":null},"geometry":{"type":"Polygon","coordinates":[[[-79.537856,8.956102],[-79.537851,8.95605],[-79.537718,8.956063],[-79.537721,8.956079],[-79.537727,8.956116],[-79.537764,8.956112],[-79.537856,8.956102]]]}},{"type":"Feature","properties":{"name":null},"geometry":{"type":"Polygon","coordinates":[[[-79.537856,8.956102],[-79.537867,8.95621],[-79.53769,8.956225],[-79.537642,8.956071],[-79.537698,8.956065],[-79.537701,8.956082],[-79.537721,8.956079],[-79.537727,8.956116],[-79.537732,8.956175],[-79.537768,8.956171],[-79.537764,8.956112],[-79.537856,8.956102]]]}},{"type":"Feature","properties":{"name":null},"geometry":{"type":"Polygon","coordinates":[[[-79.53769,8.956225],[-79.537721,8.956326],[-79.53788,8.956324],[-79.537867,8.95621],[-79.53769,8.956225]]]}},{"type":"Feature","properties":{"name":"Almacén 88"},"geometry":{"type":"Polygon","coordinates":[[[-79.537213,8.954945],[-79.537305,8.954925],[-79.537318,8.955009],[-79.53736,8.955278],[-79.537352,8.955279],[-79.537331,8.955281],[-79.537268,8.955289],[-79.537243,8.955133],[-79.537213,8.954945]]]}},{"type":"Feature","properties":{"name":"Poylo"},"geometry":{"type":"Polygon","coordinates":[[[-79.537519,8.955034],[-79.537496,8.954881],[-79.537305,8.954925],[-79.537318,8.955009],[-79.53736,8.955002],[-79.537369,8.955056],[-79.537395,8.955052],[-79.537519,8.955034]]]}},{"type":"Feature","properties":{"name":null},"geometry":{"type":"Polygon","coordinates":[[[-79.540087,8.959193],[-79.540198,8.959466],[-79.540078,8.959494],[-79.540063,8.959433],[-79.540084,8.959416],[-79.54004,8.95931],[-79.540033,8.959313],[-79.54001,8.959217],[-79.540087,8.959193]]]}},{"type":"Feature","properties":{"name":"Pension"},"geometry":{"type":"Polygon","coordinates":[[[-79.539978,8.959073],[-79.540047,8.959109],[-79.540058,8.959144],[-79.539854,8.959205],[-79.539827,8.959118],[-79.539978,8.959073]]]}},{"type":"Feature","properties":{"name":null},"geometry":{"type":"Polygon","coordinates":[[[-79.539515,8.960733],[-79.539361,8.960507],[-79.539371,8.960501],[-79.539438,8.960456],[-79.539509,8.960408],[-79.539541,8.960455],[-79.539665,8.960637],[-79.539663,8.960671],[-79.539556,8.960744],[-79.539515,8.960733]]]}},{"type":"Feature","properties":{"name":"Club de Leones de Panama"},"geometry":{"type":"Polygon","coordinates":[[[-79.539866,8.960264],[-79.539746,8.959986],[-79.539595,8.960049],[-79.539465,8.960104],[-79.539586,8.960382],[-79.539866,8.960264]]]}},{"type":"Feature","properties":{"name":null},"geometry":{"type":"Polygon","coordinates":[[[-79.540058,8.958788],[-79.540007,8.958654],[-79.539719,8.958795],[-79.539704,8.958818],[-79.5397,8.958825],[-79.539824,8.958872],[-79.540058,8.958788]]]}},{"type":"Feature","properties":{"name":null},"geometry":{"type":"Polygon","coordinates":[[[-79.540196,8.959003],[-79.540131,8.958837],[-79.539958,8.958898],[-79.539973,8.958933],[-79.540128,8.959023],[-79.540196,8.959003]]]}},{"type":"Feature","properties":{"name":"Costa Sur"},"geometry":{"type":"Polygon","coordinates":[[[-79.538402,8.959718],[-79.538445,8.959616],[-79.538116,8.959481],[-79.538037,8.959449],[-79.537954,8.959416],[-79.537925,8.959404],[-79.537882,8.959507],[-79.538073,8.959584],[-79.538402,8.959718]]]}},{"type":"Feature","properties":{"name":null},"geometry":{"type":"Polygon","coordinates":[[[-79.537954,8.959416],[-79.538002,8.959348],[-79.53797,8.959329],[-79.53792,8.959402],[-79.537925,8.959404],[-79.537954,8.959416]]]}},{"type":"Feature","properties":{"name":"Textura Telas y Costura"},"geometry":{"type":"Polygon","coordinates":[[[-79.540688,8.957671],[-79.540649,8.957584],[-79.540432,8.957678],[-79.540471,8.957766],[-79.540688,8.957671]]]}},{"type":"Feature","properties":{"name":"Pantera"},"geometry":{"type":"Polygon","coordinates":[[[-79.540471,8.957766],[-79.540507,8.957848],[-79.540327,8.957927],[-79.540295,8.957855],[-79.540271,8.957865],[-79.540228,8.957768],[-79.540432,8.957678],[-79.540471,8.957766]]]}},{"type":"Feature","properties":{"name":null},"geometry":{"type":"Polygon","coordinates":[[[-79.540327,8.957927],[-79.540139,8.958009],[-79.540063,8.95784],[-79.540228,8.957768],[-79.540271,8.957865],[-79.540295,8.957855],[-79.540327,8.957927]]]}},{"type":"Feature","properties":{"name":"Chichi"},"geometry":{"type":"Polygon","coordinates":[[[-79.540139,8.958009],[-79.540064,8.958042],[-79.540001,8.958069],[-79.539939,8.957931],[-79.539925,8.9579],[-79.540063,8.95784],[-79.540139,8.958009]]]}},{"type":"Feature","properties":{"name":"Plaza La Central"},"geometry":{"type":"Polygon","coordinates":[[[-79.540001,8.958069],[-79.540006,8.958082],[-79.539712,8.958209],[-79.539645,8.958058],[-79.539939,8.957931],[-79.540001,8.958069]]]}},{"type":"Feature","properties":{"name":"Banco Nacional"},"geometry":{"type":"Polygon","coordinates":[[[-79.540766,8.956925],[-79.540666,8.956975],[-79.540486,8.957072],[-79.54061,8.95723],[-79.540655,8.957252],[-79.540692,8.957263],[-79.540733,8.957251],[-79.540764,8.95722],[-79.540786,8.957167],[-79.540766,8.956925]]]}},{"type":"Feature","properties":{"name":null},"geometry":{"type":"Polygon","coordinates":[[[-79.536867,8.959041],[-79.536754,8.95908],[-79.536712,8.958961],[-79.536572,8.958924],[-79.536605,8.958802],[-79.536665,8.958817],[-79.536778,8.958775],[-79.536818,8.958817],[-79.536803,8.958832],[-79.536852,8.958882],[-79.536833,8.958945],[-79.536867,8.959041]]]}},{"type":"Feature","properties":{"name":null},"geometry":{"type":"Polygon","coordinates":[[[-79.536397,8.959133],[-79.536443,8.958944],[-79.536201,8.958886],[-79.536154,8.959076],[-79.536397,8.959133]]]}},{"type":"Feature","properties":{"name":null},"geometry":{"type":"Polygon","coordinates":[[[-79.536435,8.959417],[-79.536585,8.958952],[-79.536721,8.958995],[-79.536713,8.95902],[-79.536749,8.959136],[-79.536656,8.959197],[-79.536637,8.959256],[-79.536669,8.959367],[-79.536579,8.959433],[-79.536571,8.959459],[-79.536435,8.959417]]]}},{"type":"Feature","properties":{"name":"Kiosco Delicias Margo"},"geometry":{"type":"Polygon","coordinates":[[[-79.539006,8.966258],[-79.538994,8.966252],[-79.538986,8.966266],[-79.538997,8.966273],[-79.539006,8.966258]]]}},{"type":"Feature","properties":{"name":"Fonda El Shaddai"},"geometry":{"type":"Polygon","coordinates":[[[-79.539066,8.966161],[-79.539047,8.966151],[-79.539036,8.966172],[-79.539055,8.966182],[-79.539066,8.966161]]]}},{"type":"Feature","properties":{"name":"Kiosco La Corona de España"},"geometry":{"type":"Polygon","coordinates":[[[-79.53911,8.966092],[-79.539092,8.96608],[-79.539066,8.966123],[-79.539084,8.966134],[-79.53911,8.966092]]]}},{"type":"Feature","properties":{"name":"Kiosco Yowl"},"geometry":{"type":"Polygon","coordinates":[[[-79.539137,8.966036],[-79.539122,8.966028],[-79.539113,8.966044],[-79.539128,8.966053],[-79.539137,8.966036]]]}},{"type":"Feature","properties":{"name":"Jesús de la Divina Misericordia"},"geometry":{"type":"Polygon","coordinates":[[[-79.5391,8.965973],[-79.539086,8.965964],[-79.539075,8.965982],[-79.539088,8.965991],[-79.5391,8.965973]]]}},{"type":"Feature","properties":{"name":null},"geometry":{"type":"Polygon","coordinates":[[[-79.539041,8.966193],[-79.539024,8.966183],[-79.539012,8.966204],[-79.539028,8.966214],[-79.539041,8.966193]]]}},{"type":"Feature","properties":{"name":"Caja de Seguro Social Policlínica Presidente Remón"},"geometry":{"type":"Polygon","coordinates":[[[-79.541594,8.956568],[-79.541549,8.956533],[-79.541505,8.9565],[-79.541366,8.956394],[-79.541303,8.956346],[-79.541243,8.956422],[-79.541225,8.956445],[-79.541296,8.956498],[-79.541249,8.956563],[-79.541209,8.956535],[-79.541203,8.956471],[-79.54109,8.956613],[-79.541105,8.956625],[-79.541074,8.956664],[-79.541165,8.956728],[-79.541165,8.956757],[-79.541295,8.956858],[-79.541386,8.956747],[-79.541433,8.956781],[-79.541518,8.956666],[-79.541594,8.956568]]]}},{"type":"Feature","properties":{"name":null},"geometry":{"type":"Polygon","coordinates":[[[-79.54182,8.956196],[-79.54177,8.956227],[-79.541585,8.956123],[-79.541617,8.956063],[-79.541707,8.956114],[-79.541713,8.956104],[-79.541806,8.956091],[-79.54182,8.956196]]]}},{"type":"Feature","properties":{"name":"Centro Especializado de Toxicologia"},"geometry":{"type":"Polygon","coordinates":[[[-79.541669,8.956469],[-79.541648,8.956457],[-79.541625,8.956495],[-79.541584,8.956471],[-79.541549,8.956533],[-79.541505,8.9565],[-79.54156,8.956406],[-79.54142,8.956325],[-79.541406,8.956317],[-79.541504,8.956161],[-79.541716,8.956287],[-79.541736,8.956311],[-79.541746,8.956339],[-79.541742,8.956369],[-79.541669,8.956469]]]}},{"type":"Feature","properties":{"name":null},"geometry":{"type":"Polygon","coordinates":[[[-79.541754,8.955767],[-79.541744,8.955669],[-79.541726,8.955671],[-79.541682,8.955676],[-79.541684,8.955691],[-79.541624,8.955697],[-79.541632,8.955767],[-79.541692,8.955761],[-79.541693,8.955773],[-79.541754,8.955767]]]}},{"type":"Feature","properties":{"name":null},"geometry":{"type":"Polygon","coordinates":[[[-79.541726,8.955671],[-79.541714,8.955578],[-79.541549,8.955599],[-79.54154,8.9556],[-79.541551,8.955691],[-79.541682,8.955676],[-79.541726,8.955671]]]}},{"type":"Feature","properties":{"name":null},"geometry":{"type":"Polygon","coordinates":[[[-79.54173,8.955577],[-79.541718,8.955487],[-79.541623,8.955499],[-79.541538,8.955509],[-79.541549,8.955599],[-79.541714,8.955578],[-79.54173,8.955577]]]}},{"type":"Feature","properties":{"name":"Caja de Ahorros"},"geometry":{"type":"Polygon","coordinates":[[[-79.540803,8.957547],[-79.54075,8.957442],[-79.541035,8.957304],[-79.541088,8.95742],[-79.540803,8.957547]]]}},{"type":"Feature","properties":{"name":null},"geometry":{"type":"Polygon","coordinates":[[[-79.540803,8.957547],[-79.540828,8.957598],[-79.541112,8.957472],[-79.541088,8.95742],[-79.540803,8.957547]]]}},{"type":"Feature","properties":{"name":null},"geometry":{"type":"Polygon","coordinates":[[[-79.541452,8.957204],[-79.541597,8.957011],[-79.541474,8.956921],[-79.541337,8.957103],[-79.541344,8.957125],[-79.541452,8.957204]]]}},{"type":"Feature","properties":{"name":null},"geometry":{"type":"Polygon","coordinates":[[[-79.54191,8.956509],[-79.541992,8.956527],[-79.542063,8.956579],[-79.542123,8.956497],[-79.542159,8.956449],[-79.541887,8.956378],[-79.541846,8.956398],[-79.541779,8.956487],[-79.541791,8.956498],[-79.54187,8.956555],[-79.54191,8.956509]]]}},{"type":"Feature","properties":{"name":"Hotel Ideal"},"geometry":{"type":"Polygon","coordinates":[[[-79.541474,8.956921],[-79.541623,8.956723],[-79.541824,8.95687],[-79.541969,8.956976],[-79.542058,8.957043],[-79.541963,8.957169],[-79.54186,8.957093],[-79.54174,8.957005],[-79.541686,8.957077],[-79.541597,8.957011],[-79.541474,8.956921]]]}},{"type":"Feature","properties":{"name":"Molina"},"geometry":{"type":"Polygon","coordinates":[[[-79.541971,8.95609],[-79.541913,8.956271],[-79.541882,8.956266],[-79.54185,8.955889],[-79.541967,8.955879],[-79.541985,8.956089],[-79.541971,8.95609]]]}},{"type":"Feature","properties":{"name":"Ahir"},"geometry":{"type":"Polygon","coordinates":[[[-79.54179,8.955507],[-79.541799,8.955597],[-79.541826,8.955625],[-79.542026,8.955604],[-79.542012,8.955475],[-79.541967,8.95548],[-79.541973,8.955535],[-79.541899,8.955543],[-79.541895,8.955496],[-79.54179,8.955507]]]}},{"type":"Feature","properties":{"name":null},"geometry":{"type":"Polygon","coordinates":[[[-79.541666,8.955127],[-79.54165,8.954982],[-79.541439,8.954994],[-79.54127,8.955004],[-79.541265,8.955147],[-79.541389,8.95513],[-79.541387,8.95509],[-79.541444,8.955086],[-79.541506,8.955081],[-79.54151,8.955141],[-79.541666,8.955127]]]}},{"type":"Feature","properties":{"name":null},"geometry":{"type":"Polygon","coordinates":[[[-79.541711,8.954702],[-79.541692,8.954541],[-79.541709,8.954539],[-79.5417,8.954461],[-79.541682,8.954464],[-79.541662,8.954295],[-79.541731,8.954287],[-79.541736,8.954323],[-79.541748,8.954321],[-79.541761,8.954434],[-79.541779,8.954431],[-79.541792,8.954542],[-79.541775,8.954544],[-79.541789,8.954658],[-79.541777,8.95466],[-79.541781,8.954694],[-79.541711,8.954702]]]}},{"type":"Feature","properties":{"name":"Centro de Salud de Santa Ana"},"geometry":{"type":"Polygon","coordinates":[[[-79.541378,8.953363],[-79.54137,8.953315],[-79.541379,8.953313],[-79.541352,8.953161],[-79.541334,8.953164],[-79.54131,8.953038],[-79.541168,8.953067],[-79.541156,8.953009],[-79.541055,8.953017],[-79.541091,8.953209],[-79.54123,8.953196],[-79.541263,8.953382],[-79.541378,8.953363]]]}},{"type":"Feature","properties":{"name":null},"geometry":{"type":"Polygon","coordinates":[[[-79.541655,8.953456],[-79.541544,8.953469],[-79.541495,8.953301],[-79.54161,8.953295],[-79.541643,8.9534],[-79.54165,8.9534],[-79.541655,8.953456]]]}},{"type":"Feature","properties":{"name":null},"geometry":{"type":"Polygon","coordinates":[[[-79.541501,8.953032],[-79.54139,8.952685],[-79.541299,8.952713],[-79.541411,8.95306],[-79.541501,8.953032]]]}},{"type":"Feature","properties":{"name":"Casa Casbone Mitchell"},"geometry":{"type":"Polygon","coordinates":[[[-79.541166,8.9524],[-79.541487,8.952272],[-79.541457,8.9522],[-79.541137,8.952328],[-79.541166,8.9524]]]}},{"type":"Feature","properties":{"name":null},"geometry":{"type":"Polygon","coordinates":[[[-79.540991,8.951926],[-79.540944,8.951733],[-79.541166,8.95168],[-79.541185,8.951756],[-79.541033,8.951792],[-79.541062,8.951909],[-79.540991,8.951926]]]}},{"type":"Feature","properties":{"name":"Bodega Tuti"},"geometry":{"type":"Polygon","coordinates":[[[-79.540549,8.950646],[-79.540527,8.950539],[-79.540364,8.950573],[-79.540387,8.95068],[-79.540549,8.950646]]]}},{"type":"Feature","properties":{"name":"Capilla San Antonio"},"geometry":{"type":"Polygon","coordinates":[[[-79.539446,8.950651],[-79.539397,8.9505],[-79.539309,8.950528],[-79.539358,8.950679],[-79.539446,8.950651]]]}},{"type":"Feature","properties":{"name":null},"geometry":{"type":"Polygon","coordinates":[[[-79.539956,8.952699],[-79.53995,8.952646],[-79.539868,8.952654],[-79.539863,8.952652],[-79.539869,8.952707],[-79.539956,8.952699]]]}},{"type":"Feature","properties":{"name":null},"geometry":{"type":"Polygon","coordinates":[[[-79.539524,8.952023],[-79.539513,8.951914],[-79.539352,8.951929],[-79.539362,8.952037],[-79.539524,8.952023]]]}},{"type":"Feature","properties":{"name":"Cable and Wireless Panama"},"geometry":{"type":"Polygon","coordinates":[[[-79.541682,8.952898],[-79.54166,8.952691],[-79.541444,8.952713],[-79.54152,8.952914],[-79.541682,8.952898]]]}},{"type":"Feature","properties":{"name":"Capri"},"geometry":{"type":"Polygon","coordinates":[[[-79.542433,8.952698],[-79.54236,8.952729],[-79.542305,8.952629],[-79.542365,8.952603],[-79.542375,8.952626],[-79.542398,8.952616],[-79.542342,8.952491],[-79.542197,8.952552],[-79.542172,8.952579],[-79.542163,8.952605],[-79.542167,8.952635],[-79.542288,8.952843],[-79.54246,8.952773],[-79.542433,8.952698]]]}},{"type":"Feature","properties":{"name":null},"geometry":{"type":"Polygon","coordinates":[[[-79.542166,8.952462],[-79.542256,8.952424],[-79.542219,8.952336],[-79.542128,8.952373],[-79.542166,8.952462]]]}},{"type":"Feature","properties":{"name":null},"geometry":{"type":"Polygon","coordinates":[[[-79.542256,8.952424],[-79.54232,8.952398],[-79.542248,8.952225],[-79.542184,8.952251],[-79.542219,8.952336],[-79.542256,8.952424]]]}},{"type":"Feature","properties":{"name":"Mercadito Ken"},"geometry":{"type":"Polygon","coordinates":[[[-79.542781,8.95221],[-79.542715,8.952033],[-79.54265,8.952057],[-79.542656,8.952072],[-79.542716,8.952233],[-79.542781,8.95221]]]}},{"type":"Feature","properties":{"name":null},"geometry":{"type":"Polygon","coordinates":[[[-79.542716,8.952233],[-79.542652,8.952258],[-79.542589,8.952097],[-79.542656,8.952072],[-79.542716,8.952233]]]}},{"type":"Feature","properties":{"name":null},"geometry":{"type":"Polygon","coordinates":[[[-79.543008,8.95254],[-79.542878,8.952241],[-79.542686,8.952323],[-79.542709,8.952376],[-79.542672,8.952392],[-79.542778,8.952637],[-79.543008,8.95254]]]}},{"type":"Feature","properties":{"name":"Edificio Circulo Verde"},"geometry":{"type":"Polygon","coordinates":[[[-79.546091,8.952403],[-79.546085,8.952467],[-79.546103,8.952468],[-79.5461,8.952493],[-79.545857,8.952469],[-79.54586,8.952443],[-79.545897,8.952447],[-79.545899,8.952421],[-79.545919,8.952423],[-79.545926,8.95236],[-79.54579,8.952346],[-79.545783,8.952407],[-79.545801,8.952409],[-79.545785,8.95256],[-79.546152,8.952597],[-79.546171,8.952411],[-79.546091,8.952403]]]}},{"type":"Feature","properties":{"name":"Abarrotería Victoria"},"geometry":{"type":"Polygon","coordinates":[[[-79.547198,8.951975],[-79.547153,8.951972],[-79.54715,8.95201],[-79.547195,8.952013],[-79.547198,8.951975]]]}},{"type":"Feature","properties":{"name":"Plaza Modelo A"},"geometry":{"type":"Polygon","coordinates":[[[-79.546685,8.952288],[-79.546707,8.95207],[-79.546523,8.952052],[-79.546501,8.95227],[-79.546685,8.952288]]]}},{"type":"Feature","properties":{"name":"Edificio Génesis"},"geometry":{"type":"Polygon","coordinates":[[[-79.546463,8.952261],[-79.546486,8.952053],[-79.54631,8.952035],[-79.546288,8.952242],[-79.546463,8.952261]]]}},{"type":"Feature","properties":{"name":"Edificio Brisas de las Praderas"},"geometry":{"type":"Polygon","coordinates":[[[-79.546169,8.952231],[-79.546192,8.952018],[-79.546014,8.952],[-79.545992,8.952213],[-79.546169,8.952231]]]}},{"type":"Feature","properties":{"name":null},"geometry":{"type":"Polygon","coordinates":[[[-79.546967,8.952174],[-79.546984,8.951959],[-79.546812,8.951946],[-79.546795,8.952161],[-79.546967,8.952174]]]}},{"type":"Feature","properties":{"name":null},"geometry":{"type":"Polygon","coordinates":[[[-79.547009,8.95192],[-79.547022,8.951732],[-79.54682,8.951718],[-79.546807,8.951906],[-79.547009,8.95192]]]}},{"type":"Feature","properties":{"name":null},"geometry":{"type":"Polygon","coordinates":[[[-79.547018,8.951533],[-79.547035,8.951322],[-79.546873,8.951309],[-79.546856,8.951521],[-79.547018,8.951533]]]}},{"type":"Feature","properties":{"name":"Fonda Sashenka"},"geometry":{"type":"Polygon","coordinates":[[[-79.546137,8.948853],[-79.546138,8.94873],[-79.546089,8.94873],[-79.546028,8.948748],[-79.546026,8.948851],[-79.546137,8.948853]]]}},{"type":"Feature","properties":{"name":"Fonda Delicias Ledis"},"geometry":{"type":"Polygon","coordinates":[[[-79.545821,8.948962],[-79.545821,8.94882],[-79.54575,8.948843],[-79.545748,8.948956],[-79.545821,8.948962]]]}},{"type":"Feature","properties":{"name":"P.H. Bay View"},"geometry":{"type":"Polygon","coordinates":[[[-79.53891,8.960401],[-79.538842,8.960449],[-79.538555,8.960654],[-79.538499,8.960694],[-79.538213,8.960899],[-79.538194,8.960912],[-79.537909,8.960516],[-79.538091,8.960387],[-79.538097,8.960368],[-79.538106,8.960349],[-79.538139,8.960309],[-79.538151,8.960343],[-79.538179,8.960322],[-79.538221,8.960315],[-79.53826,8.960296],[-79.538292,8.960263],[-79.538314,8.960225],[-79.538331,8.960213],[-79.538305,8.960192],[-79.53834,8.960177],[-79.538374,8.960172],[-79.538385,8.960172],[-79.53841,8.960156],[-79.538822,8.960332],[-79.53891,8.960401]]]}},{"type":"Feature","properties":{"name":"Novedades"},"geometry":{"type":"Polygon","coordinates":[[[-79.537904,8.954703],[-79.537875,8.95458],[-79.537696,8.95462],[-79.537725,8.954744],[-79.537904,8.954703]]]}},{"type":"Feature","properties":{"name":null},"geometry":{"type":"Polygon","coordinates":[[[-79.537875,8.95458],[-79.537856,8.95449],[-79.537674,8.95453],[-79.537696,8.95462],[-79.537875,8.95458]]]}},{"type":"Feature","properties":{"name":null},"geometry":{"type":"Polygon","coordinates":[[[-79.537856,8.95449],[-79.537839,8.954413],[-79.537656,8.954455],[-79.537659,8.954466],[-79.537674,8.95453],[-79.537856,8.95449]]]}},{"type":"Feature","properties":{"name":null},"geometry":{"type":"Polygon","coordinates":[[[-79.538087,8.955306],[-79.53806,8.955211],[-79.53793,8.955249],[-79.537938,8.955277],[-79.537957,8.955342],[-79.538087,8.955306]]]}},{"type":"Feature","properties":{"name":null},"geometry":{"type":"Polygon","coordinates":[[[-79.538403,8.956236],[-79.53843,8.956311],[-79.538266,8.956367],[-79.53824,8.956292],[-79.538403,8.956236]]]}},{"type":"Feature","properties":{"name":"Edificio Kuika"},"geometry":{"type":"Polygon","coordinates":[[[-79.53769,8.96299],[-79.537604,8.962858],[-79.537516,8.962915],[-79.537354,8.96302],[-79.537369,8.963045],[-79.537442,8.963162],[-79.53769,8.96299]]]}},{"type":"Feature","properties":{"name":"P.H. Villa Carmel"},"geometry":{"type":"Polygon","coordinates":[[[-79.538508,8.962619],[-79.538406,8.962691],[-79.538422,8.962713],[-79.538412,8.962763],[-79.538392,8.962778],[-79.538455,8.962859],[-79.538475,8.962844],[-79.538524,8.962854],[-79.538539,8.962874],[-79.538641,8.962802],[-79.538653,8.96274],[-79.53857,8.96263],[-79.538508,8.962619]]]}},{"type":"Feature","properties":{"name":"Suplidora Textil Benco"},"geometry":{"type":"Polygon","coordinates":[[[-79.537722,8.962076],[-79.537585,8.961888],[-79.537424,8.962002],[-79.537561,8.96219],[-79.537722,8.962076]]]}},{"type":"Feature","properties":{"name":null},"geometry":{"type":"Polygon","coordinates":[[[-79.537809,8.962027],[-79.537681,8.961847],[-79.537609,8.961897],[-79.537737,8.962077],[-79.537809,8.962027]]]}},{"type":"Feature","properties":{"name":"Iglesia Santa Teresita"},"geometry":{"type":"Polygon","coordinates":[[[-79.537556,8.962198],[-79.537415,8.962001],[-79.537246,8.96212],[-79.537387,8.962316],[-79.537556,8.962198]]]}},{"type":"Feature","properties":{"name":"Iglesia Universal Calidonia"},"geometry":{"type":"Polygon","coordinates":[[[-79.538515,8.963239],[-79.538503,8.963223],[-79.53848,8.963193],[-79.538363,8.963036],[-79.53821,8.963148],[-79.538348,8.963333],[-79.538361,8.963351],[-79.538515,8.963239]]]}},{"type":"Feature","properties":{"name":"Triana"},"geometry":{"type":"Polygon","coordinates":[[[-79.537346,8.964236],[-79.537485,8.964314],[-79.537358,8.964531],[-79.53722,8.964453],[-79.537346,8.964236]]]}},{"type":"Feature","properties":{"name":"Implosa"},"geometry":{"type":"Polygon","coordinates":[[[-79.537013,8.965135],[-79.536902,8.965334],[-79.536611,8.965174],[-79.536722,8.964974],[-79.537013,8.965135]]]}},{"type":"Feature","properties":{"name":"Pensión Mónaco"},"geometry":{"type":"Polygon","coordinates":[[[-79.537367,8.966118],[-79.537475,8.96618],[-79.537448,8.966229],[-79.537389,8.966197],[-79.537348,8.966269],[-79.537525,8.966365],[-79.537565,8.966293],[-79.537496,8.966255],[-79.537523,8.966206],[-79.537665,8.966286],[-79.537547,8.966491],[-79.537249,8.966323],[-79.537367,8.966118]]]}},{"type":"Feature","properties":{"name":null},"geometry":{"type":"Polygon","coordinates":[[[-79.537506,8.965901],[-79.537807,8.96607],[-79.537688,8.966276],[-79.537387,8.966107],[-79.537506,8.965901]]]}},{"type":"Feature","properties":{"name":"Grupo Graymar"},"geometry":{"type":"Polygon","coordinates":[[[-79.537932,8.965614],[-79.538029,8.965669],[-79.537888,8.965914],[-79.537791,8.96586],[-79.537932,8.965614]]]}},{"type":"Feature","properties":{"name":"Restaurante Nuevo Jonathan"},"geometry":{"type":"Polygon","coordinates":[[[-79.538692,8.964246],[-79.538505,8.964142],[-79.538472,8.964261],[-79.538515,8.964325],[-79.538692,8.964246]]]}},{"type":"Feature","properties":{"name":"El Pueblo"},"geometry":{"type":"Polygon","coordinates":[[[-79.538515,8.964325],[-79.538692,8.964246],[-79.53864,8.964512],[-79.538515,8.964325]]]}},{"type":"Feature","properties":{"name":"Edificio Latorraca"},"geometry":{"type":"Polygon","coordinates":[[[-79.539047,8.964172],[-79.539081,8.963929],[-79.539103,8.96376],[-79.539048,8.963753],[-79.539028,8.963881],[-79.538997,8.963877],[-79.53898,8.963985],[-79.538951,8.964158],[-79.539047,8.964172]]]}},{"type":"Feature","properties":{"name":"El Gran Indio Maitipu"},"geometry":{"type":"Polygon","coordinates":[[[-79.539653,8.965534],[-79.53973,8.965553],[-79.539718,8.96559],[-79.53964,8.965566],[-79.539653,8.965534]]]}},{"type":"Feature","properties":{"name":"Zapatería Piel Cuero"},"geometry":{"type":"Polygon","coordinates":[[[-79.53964,8.965566],[-79.539624,8.965599],[-79.539706,8.965636],[-79.539718,8.96559],[-79.53964,8.965566]]]}},{"type":"Feature","properties":{"name":"Museo de Arte Contemporaneo"},"geometry":{"type":"Polygon","coordinates":[[[-79.542883,8.961043],[-79.542881,8.960843],[-79.543195,8.96084],[-79.543198,8.96104],[-79.542883,8.961043]]]}},{"type":"Feature","properties":{"name":"Mueblería Union"},"geometry":{"type":"Polygon","coordinates":[[[-79.539833,8.966376],[-79.539801,8.966474],[-79.539457,8.966329],[-79.539523,8.96619],[-79.539833,8.966376]]]}},{"type":"Feature","properties":{"name":"La Ilusión Residencial"},"geometry":{"type":"Polygon","coordinates":[[[-79.539884,8.966182],[-79.539856,8.966292],[-79.539701,8.966209],[-79.539709,8.966145],[-79.539854,8.966176],[-79.539884,8.966182]]]}},{"type":"Feature","properties":{"name":"Multi Cell Wang"},"geometry":{"type":"Polygon","coordinates":[[[-79.539884,8.966182],[-79.539914,8.966059],[-79.539881,8.966053],[-79.539854,8.966176],[-79.539884,8.966182]]]}},{"type":"Feature","properties":{"name":"Distribuidora Hermanos Loo"},"geometry":{"type":"Polygon","coordinates":[[[-79.539887,8.966052],[-79.539913,8.965907],[-79.539612,8.965855],[-79.539586,8.966],[-79.539887,8.966052]]]}},{"type":"Feature","properties":{"name":"Parlamento Latinoamericano"},"geometry":{"type":"Polygon","coordinates":[[[-79.553178,8.944416],[-79.553101,8.944309],[-79.553047,8.944188],[-79.553014,8.944124],[-79.553006,8.944077],[-79.552997,8.944026],[-79.552989,8.943968],[-79.552984,8.943901],[-79.553156,8.943883],[-79.55332,8.943907],[-79.553431,8.943934],[-79.553535,8.943979],[-79.553489,8.944078],[-79.553423,8.944182],[-79.55334,8.944285],[-79.553329,8.944298],[-79.553178,8.944416]]]}},{"type":"Feature","properties":{"name":"Presta Panama"},"geometry":{"type":"Polygon","coordinates":[[[-79.539971,8.965714],[-79.539996,8.965598],[-79.539872,8.965572],[-79.539846,8.965688],[-79.539971,8.965714]]]}},{"type":"Feature","properties":{"name":"Shoe Box"},"geometry":{"type":"Polygon","coordinates":[[[-79.540073,8.965306],[-79.540088,8.965226],[-79.539895,8.965172],[-79.539888,8.96517],[-79.539867,8.965247],[-79.540073,8.965306]]]}},{"type":"Feature","properties":{"name":"Todo a Dollar"},"geometry":{"type":"Polygon","coordinates":[[[-79.540088,8.965226],[-79.540115,8.965104],[-79.539925,8.965056],[-79.539895,8.965172],[-79.540088,8.965226]]]}},{"type":"Feature","properties":{"name":"Distribuidora y Mayorista Hu"},"geometry":{"type":"Polygon","coordinates":[[[-79.540115,8.965104],[-79.540132,8.965038],[-79.539943,8.964989],[-79.539925,8.965056],[-79.540115,8.965104]]]}},{"type":"Feature","properties":{"name":"McDonald's"},"geometry":{"type":"Polygon","coordinates":[[[-79.540132,8.965038],[-79.540158,8.964942],[-79.539968,8.964894],[-79.539943,8.964989],[-79.540132,8.965038]]]}},{"type":"Feature","properties":{"name":"La Aurora"},"geometry":{"type":"Polygon","coordinates":[[[-79.540199,8.964715],[-79.540236,8.964557],[-79.54011,8.964533],[-79.540064,8.964692],[-79.540199,8.964715]]]}},{"type":"Feature","properties":{"name":null},"geometry":{"type":"Polygon","coordinates":[[[-79.540199,8.964715],[-79.540183,8.964799],[-79.539744,8.964689],[-79.539744,8.96467],[-79.53981,8.964622],[-79.539889,8.964644],[-79.540064,8.964692],[-79.540199,8.964715]]]}},{"type":"Feature","properties":{"name":null},"geometry":{"type":"Polygon","coordinates":[[[-79.540183,8.964799],[-79.540158,8.964942],[-79.539968,8.964894],[-79.539684,8.964797],[-79.539717,8.964687],[-79.539744,8.964689],[-79.540183,8.964799]]]}},{"type":"Feature","properties":{"name":"Pensión Balboa"},"geometry":{"type":"Polygon","coordinates":[[[-79.540522,8.964293],[-79.540607,8.964313],[-79.540584,8.964411],[-79.540499,8.964391],[-79.540522,8.964293]]]}},{"type":"Feature","properties":{"name":null},"geometry":{"type":"Polygon","coordinates":[[[-79.540499,8.964391],[-79.540584,8.964411],[-79.540698,8.964437],[-79.54067,8.964552],[-79.540471,8.964507],[-79.540499,8.964391]]]}},{"type":"Feature","properties":{"name":"Edificio Tocumen"},"geometry":{"type":"Polygon","coordinates":[[[-79.540471,8.964507],[-79.540456,8.964574],[-79.540655,8.964619],[-79.54067,8.964552],[-79.540471,8.964507]]]}},{"type":"Feature","properties":{"name":"El Costo"},"geometry":{"type":"Polygon","coordinates":[[[-79.540401,8.964803],[-79.540446,8.964614],[-79.540646,8.964659],[-79.54093,8.964707],[-79.54127,8.964758],[-79.541304,8.964762],[-79.541387,8.964814],[-79.541281,8.964993],[-79.540401,8.964803]]]}},{"type":"Feature","properties":{"name":"Almacén la Pantera"},"geometry":{"type":"Polygon","coordinates":[[[-79.540314,8.965059],[-79.540479,8.965097],[-79.54045,8.965218],[-79.540286,8.96518],[-79.540314,8.965059]]]}},{"type":"Feature","properties":{"name":"Country Side Store & Cafe"},"geometry":{"type":"Polygon","coordinates":[[[-79.555731,8.953123],[-79.555536,8.953148],[-79.555558,8.953316],[-79.555754,8.95329],[-79.555731,8.953123]]]}},{"type":"Feature","properties":{"name":"El Campeón"},"geometry":{"type":"Polygon","coordinates":[[[-79.540166,8.96564],[-79.540458,8.965704],[-79.540412,8.96591],[-79.540342,8.965894],[-79.540122,8.965849],[-79.540166,8.96564]]]}},{"type":"Feature","properties":{"name":"City Moda World Shoes"},"geometry":{"type":"Polygon","coordinates":[[[-79.540122,8.965849],[-79.54011,8.965907],[-79.54033,8.965952],[-79.540342,8.965894],[-79.540122,8.965849]]]}},{"type":"Feature","properties":{"name":"Ministerio Publico Instituto de Medicina Legal"},"geometry":{"type":"Polygon","coordinates":[[[-79.54684,8.961295],[-79.546588,8.96111],[-79.546598,8.961197],[-79.546475,8.961211],[-79.546455,8.961072],[-79.546181,8.961098],[-79.546163,8.960957],[-79.546573,8.960912],[-79.546932,8.961184],[-79.54684,8.961295]]]}},{"type":"Feature","properties":{"name":"Sindicato de Periodistas"},"geometry":{"type":"Polygon","coordinates":[[[-79.544692,8.960157],[-79.544407,8.960073],[-79.544456,8.959912],[-79.54474,8.959996],[-79.544692,8.960157]]]}},{"type":"Feature","properties":{"name":"Catedral San Lucas"},"geometry":{"type":"Polygon","coordinates":[[[-79.54415,8.959629],[-79.543998,8.959608],[-79.54402,8.959451],[-79.543941,8.95944],[-79.543953,8.959355],[-79.544023,8.959365],[-79.544031,8.959311],[-79.544191,8.959333],[-79.54415,8.959629]]]}},{"type":"Feature","properties":{"name":"Organo Judicial"},"geometry":{"type":"Polygon","coordinates":[[[-79.544204,8.960398],[-79.544024,8.960493],[-79.543872,8.960215],[-79.544052,8.960119],[-79.544204,8.960398]]]}},{"type":"Feature","properties":{"name":null},"geometry":{"type":"Polygon","coordinates":[[[-79.555788,8.957986],[-79.555906,8.95784],[-79.555853,8.957786],[-79.555834,8.957773],[-79.555716,8.95792],[-79.555788,8.957986]]]}},{"type":"Feature","properties":{"name":null},"geometry":{"type":"Polygon","coordinates":[[[-79.55251,8.958728],[-79.552589,8.958558],[-79.552426,8.958485],[-79.552353,8.958656],[-79.55251,8.958728]]]}},{"type":"Feature","properties":{"name":null},"geometry":{"type":"Polygon","coordinates":[[[-79.552614,8.958509],[-79.552804,8.958362],[-79.552718,8.958254],[-79.552528,8.958401],[-79.552614,8.958509]]]}},{"type":"Feature","properties":{"name":"Centro de Cirugia Ocular"},"geometry":{"type":"Polygon","coordinates":[[[-79.544461,8.962877],[-79.544259,8.962885],[-79.544248,8.962616],[-79.54445,8.962608],[-79.544461,8.962877]]]}},{"type":"Feature","properties":{"name":"McDonald's"},"geometry":{"type":"Polygon","coordinates":[[[-79.555632,8.961103],[-79.555714,8.96101],[-79.555744,8.961036],[-79.555882,8.960865],[-79.555931,8.960906],[-79.555955,8.960883],[-79.556033,8.960943],[-79.555789,8.961225],[-79.555632,8.961103]]]}},{"type":"Feature","properties":{"name":"Primera Iglesia Bautista de Balboa"},"geometry":{"type":"Polygon","coordinates":[[[-79.554462,8.96106],[-79.554699,8.961385],[-79.55487,8.961263],[-79.554792,8.961157],[-79.554731,8.961201],[-79.554571,8.960982],[-79.554462,8.96106]]]}},{"type":"Feature","properties":{"name":"BUILDING 235"},"geometry":{"type":"Polygon","coordinates":[[[-79.547323,8.961771],[-79.547483,8.961572],[-79.547233,8.961388],[-79.547085,8.961592],[-79.547161,8.961649],[-79.547243,8.961539],[-79.547332,8.961601],[-79.54726,8.961699],[-79.547249,8.961714],[-79.547323,8.961771]]]}},{"type":"Feature","properties":{"name":null},"geometry":{"type":"Polygon","coordinates":[[[-79.545476,8.960608],[-79.545388,8.960481],[-79.545457,8.960433],[-79.545546,8.960561],[-79.545476,8.960608]]]}},{"type":"Feature","properties":{"name":null},"geometry":{"type":"Polygon","coordinates":[[[-79.542723,8.95648],[-79.543043,8.956539],[-79.543137,8.95639],[-79.542994,8.956295],[-79.54286,8.956271],[-79.542787,8.956259],[-79.542723,8.95648]]]}},{"type":"Feature","properties":{"name":"Jorge P. Simpson Corredor de Seguros"},"geometry":{"type":"Polygon","coordinates":[[[-79.544578,8.956574],[-79.544387,8.956441],[-79.544312,8.956546],[-79.544418,8.95662],[-79.544433,8.956599],[-79.544518,8.956658],[-79.544578,8.956574]]]}},{"type":"Feature","properties":{"name":null},"geometry":{"type":"Polygon","coordinates":[[[-79.554415,8.951819],[-79.554265,8.951819],[-79.554265,8.951532],[-79.554415,8.951532],[-79.554415,8.951819]]]}},{"type":"Feature","properties":{"name":"Auto Repuestos Felipe #1"},"geometry":{"type":"Polygon","coordinates":[[[-79.542123,8.956497],[-79.542402,8.956571],[-79.542434,8.956523],[-79.542159,8.956449],[-79.542123,8.956497]]]}},{"type":"Feature","properties":{"name":null},"geometry":{"type":"Polygon","coordinates":[[[-79.542874,8.958933],[-79.542861,8.958929],[-79.54285,8.958959],[-79.542834,8.958954],[-79.54269,8.958902],[-79.542741,8.958759],[-79.542915,8.958819],[-79.542874,8.958933]]]}},{"type":"Feature","properties":{"name":null},"geometry":{"type":"Polygon","coordinates":[[[-79.542768,8.95904],[-79.542741,8.959059],[-79.542653,8.959031],[-79.54269,8.958902],[-79.542834,8.958954],[-79.542768,8.95904]]]}},{"type":"Feature","properties":{"name":null},"geometry":{"type":"Polygon","coordinates":[[[-79.542703,8.959329],[-79.542649,8.959655],[-79.542617,8.960275],[-79.542286,8.960258],[-79.542288,8.960227],[-79.542291,8.960191],[-79.542474,8.960197],[-79.5425,8.959636],[-79.542541,8.959398],[-79.542561,8.959293],[-79.542577,8.959297],[-79.542608,8.959305],[-79.542703,8.959329]]]}},{"type":"Feature","properties":{"name":null},"geometry":{"type":"Polygon","coordinates":[[[-79.542678,8.960893],[-79.542616,8.960472],[-79.542623,8.960345],[-79.54204,8.960315],[-79.542033,8.960424],[-79.54249,8.960449],[-79.542554,8.960885],[-79.542606,8.96088],[-79.54261,8.960902],[-79.542678,8.960893]]]}},{"type":"Feature","properties":{"name":"Gimnasio Kiwanis"},"geometry":{"type":"Polygon","coordinates":[[[-79.545625,8.951095],[-79.546117,8.95118],[-79.54606,8.951503],[-79.545567,8.951418],[-79.545625,8.951095]]]}},{"type":"Feature","properties":{"name":"Centro Cultural Movimiento Nueva Generación"},"geometry":{"type":"Polygon","coordinates":[[[-79.544332,8.951119],[-79.544329,8.951003],[-79.544127,8.951007],[-79.54413,8.951124],[-79.544332,8.951119]]]}},{"type":"Feature","properties":{"name":"Ministerio de Restauración"},"geometry":{"type":"Polygon","coordinates":[[[-79.54317,8.951557],[-79.543254,8.951522],[-79.543109,8.951183],[-79.543025,8.951218],[-79.543097,8.951386],[-79.54317,8.951557]]]}},{"type":"Feature","properties":{"name":"Supermercado Generoso"},"geometry":{"type":"Polygon","coordinates":[[[-79.543097,8.951386],[-79.543025,8.951218],[-79.542776,8.951321],[-79.542848,8.95149],[-79.543097,8.951386]]]}},{"type":"Feature","properties":{"name":"Policia Nacional"},"geometry":{"type":"Polygon","coordinates":[[[-79.541369,8.951828],[-79.541492,8.951783],[-79.541487,8.951767],[-79.541507,8.951761],[-79.541524,8.951739],[-79.541527,8.95171],[-79.541518,8.951686],[-79.541501,8.951671],[-79.541485,8.951663],[-79.541468,8.951662],[-79.541445,8.951667],[-79.541426,8.951684],[-79.541397,8.951655],[-79.541315,8.951664],[-79.541369,8.951828]]]}},{"type":"Feature","properties":{"name":null},"geometry":{"type":"Polygon","coordinates":[[[-79.532387,8.95174],[-79.532421,8.951798],[-79.53247,8.951836],[-79.53253,8.951776],[-79.532547,8.951743],[-79.532521,8.95174],[-79.532459,8.951704],[-79.532387,8.95174]]]}},{"type":"Feature","properties":{"name":null},"geometry":{"type":"Polygon","coordinates":[[[-79.533502,8.95286],[-79.533518,8.952649],[-79.533421,8.952642],[-79.533405,8.952853],[-79.533502,8.95286]]]}},{"type":"Feature","properties":{"name":"El Hostal"},"geometry":{"type":"Polygon","coordinates":[[[-79.538814,8.950552],[-79.53881,8.950431],[-79.538633,8.950437],[-79.538634,8.950544],[-79.538634,8.950558],[-79.538814,8.950552]]]}},{"type":"Feature","properties":{"name":"San Expedito"},"geometry":{"type":"Polygon","coordinates":[[[-79.538894,8.95203],[-79.538892,8.951974],[-79.53866,8.951978],[-79.538662,8.952034],[-79.538697,8.952034],[-79.53882,8.952031],[-79.538894,8.95203]]]}},{"type":"Feature","properties":{"name":"Pension Luna"},"geometry":{"type":"Polygon","coordinates":[[[-79.540699,8.956608],[-79.540648,8.956367],[-79.540417,8.956539],[-79.540452,8.956592],[-79.540534,8.956714],[-79.540699,8.956608]]]}},{"type":"Feature","properties":{"name":"Ama"},"geometry":{"type":"Polygon","coordinates":[[[-79.540589,8.956089],[-79.540569,8.955997],[-79.540244,8.95607],[-79.540302,8.956256],[-79.540363,8.956199],[-79.540353,8.956155],[-79.540389,8.956147],[-79.540394,8.95617],[-79.540443,8.956155],[-79.540439,8.956137],[-79.540477,8.956129],[-79.540475,8.956117],[-79.540589,8.956089]]]}},{"type":"Feature","properties":{"name":"Raquel"},"geometry":{"type":"Polygon","coordinates":[[[-79.540589,8.956089],[-79.540606,8.956172],[-79.540339,8.956379],[-79.540323,8.956327],[-79.540302,8.956256],[-79.540363,8.956199],[-79.540394,8.95617],[-79.540443,8.956155],[-79.540439,8.956137],[-79.540477,8.956129],[-79.540475,8.956117],[-79.540589,8.956089]]]}},{"type":"Feature","properties":{"name":"Casa Trigas"},"geometry":{"type":"Polygon","coordinates":[[[-79.54066,8.954108],[-79.540661,8.954015],[-79.540461,8.95402],[-79.540462,8.954107],[-79.54066,8.954108]]]}},{"type":"Feature","properties":{"name":"Casa Isabella"},"geometry":{"type":"Polygon","coordinates":[[[-79.54066,8.954108],[-79.54066,8.954168],[-79.540462,8.954174],[-79.540462,8.954107],[-79.54066,8.954108]]]}},{"type":"Feature","properties":{"name":"Teatro Ancón"},"geometry":{"type":"Polygon","coordinates":[[[-79.543198,8.953435],[-79.543269,8.953349],[-79.543167,8.953267],[-79.542711,8.953314],[-79.542718,8.953378],[-79.542572,8.953393],[-79.542584,8.953498],[-79.543198,8.953435]]]}},{"type":"Feature","properties":{"name":null},"geometry":{"type":"Polygon","coordinates":[[[-79.542702,8.953748],[-79.542742,8.953742],[-79.542731,8.95367],[-79.542623,8.953685],[-79.542648,8.953859],[-79.54276,8.953843],[-79.542749,8.953766],[-79.542706,8.953772],[-79.542702,8.953748]]]}},{"type":"Feature","properties":{"name":null},"geometry":{"type":"Polygon","coordinates":[[[-79.543041,8.95565],[-79.543014,8.955802],[-79.542913,8.955784],[-79.542941,8.955632],[-79.543041,8.95565]]]}},{"type":"Feature","properties":{"name":"Iglesia Episcopal San Pablo"},"geometry":{"type":"Polygon","coordinates":[[[-79.542143,8.95739],[-79.541994,8.957282],[-79.541846,8.957483],[-79.541995,8.957591],[-79.542099,8.95745],[-79.542143,8.95739]]]}},{"type":"Feature","properties":{"name":"Plaza J.J."},"geometry":{"type":"Polygon","coordinates":[[[-79.542099,8.95745],[-79.542248,8.957557],[-79.542144,8.957698],[-79.541995,8.957591],[-79.542099,8.95745]]]}},{"type":"Feature","properties":{"name":"Bingos Nacional"},"geometry":{"type":"Polygon","coordinates":[[[-79.543763,8.955028],[-79.543706,8.955358],[-79.54344,8.955315],[-79.543192,8.955275],[-79.543205,8.955028],[-79.543593,8.955023],[-79.543763,8.955028]]]}},{"type":"Feature","properties":{"name":"Iglesia Palabra & Poder"},"geometry":{"type":"Polygon","coordinates":[[[-79.542441,8.954367],[-79.542419,8.954208],[-79.542079,8.954254],[-79.542101,8.954413],[-79.542441,8.954367]]]}},{"type":"Feature","properties":{"name":"Brisas de Ancón"},"geometry":{"type":"Polygon","coordinates":[[[-79.542066,8.954673],[-79.542062,8.954633],[-79.542071,8.954632],[-79.542058,8.954521],[-79.54208,8.954518],[-79.542069,8.954417],[-79.542052,8.954419],[-79.542037,8.954297],[-79.542025,8.954298],[-79.542021,8.954265],[-79.54195,8.954273],[-79.541998,8.954681],[-79.542066,8.954673]]]}},{"type":"Feature","properties":{"name":"Inmaculada Concepción"},"geometry":{"type":"Polygon","coordinates":[[[-79.541949,8.95468],[-79.541931,8.954522],[-79.541911,8.954525],[-79.541902,8.954444],[-79.54192,8.954443],[-79.541901,8.954279],[-79.541831,8.954286],[-79.541847,8.954434],[-79.541825,8.954436],[-79.541837,8.954546],[-79.541857,8.954544],[-79.541873,8.954688],[-79.541949,8.95468]]]}},{"type":"Feature","properties":{"name":"Casa Franco"},"geometry":{"type":"Polygon","coordinates":[[[-79.538511,8.953132],[-79.538506,8.952999],[-79.53869,8.952978],[-79.538705,8.953112],[-79.538511,8.953132]]]}},{"type":"Feature","properties":{"name":"White Lion"},"geometry":{"type":"Polygon","coordinates":[[[-79.537467,8.954186],[-79.537319,8.953977],[-79.537305,8.953956],[-79.537182,8.954053],[-79.537339,8.954275],[-79.537467,8.954186]]]}},{"type":"Feature","properties":{"name":null},"geometry":{"type":"Polygon","coordinates":[[[-79.542402,8.9541],[-79.542574,8.954059],[-79.542561,8.954008],[-79.542389,8.954049],[-79.542402,8.9541]]]}},{"type":"Feature","properties":{"name":"Edificio Nicholson"},"geometry":{"type":"Polygon","coordinates":[[[-79.542895,8.95428],[-79.54307,8.954257],[-79.543058,8.954175],[-79.542884,8.954198],[-79.542895,8.95428]]]}},{"type":"Feature","properties":{"name":null},"geometry":{"type":"Polygon","coordinates":[[[-79.542118,8.957855],[-79.542022,8.95778],[-79.541961,8.957861],[-79.541859,8.958],[-79.541846,8.958006],[-79.541889,8.958118],[-79.541927,8.958107],[-79.541992,8.958022],[-79.542118,8.957855]]]}},{"type":"Feature","properties":{"name":null},"geometry":{"type":"Polygon","coordinates":[[[-79.542022,8.95778],[-79.542029,8.95777],[-79.541948,8.957711],[-79.541881,8.957801],[-79.541961,8.957861],[-79.542022,8.95778]]]}},{"type":"Feature","properties":{"name":null},"geometry":{"type":"Polygon","coordinates":[[[-79.541948,8.957711],[-79.541831,8.957626],[-79.541757,8.957724],[-79.541805,8.957759],[-79.541782,8.95779],[-79.54181,8.957811],[-79.541786,8.957842],[-79.541827,8.957872],[-79.541881,8.957801],[-79.541948,8.957711]]]}},{"type":"Feature","properties":{"name":"Cine Tropical"},"geometry":{"type":"Polygon","coordinates":[[[-79.541637,8.957638],[-79.541426,8.957706],[-79.541338,8.957735],[-79.541279,8.957754],[-79.54121,8.957602],[-79.541235,8.95759],[-79.541439,8.957482],[-79.541543,8.957427],[-79.541691,8.957544],[-79.541699,8.957587],[-79.541684,8.957623],[-79.541637,8.957638]]]}},{"type":"Feature","properties":{"name":null},"geometry":{"type":"Polygon","coordinates":[[[-79.542402,8.956571],[-79.542225,8.956806],[-79.542005,8.95665],[-79.542063,8.956579],[-79.542123,8.956497],[-79.542402,8.956571]]]}},{"type":"Feature","properties":{"name":"Centro Parvulario Avenida Ancon"},"geometry":{"type":"Polygon","coordinates":[[[-79.542583,8.954002],[-79.542564,8.953923],[-79.542351,8.953974],[-79.54237,8.954053],[-79.542389,8.954049],[-79.542561,8.954008],[-79.542583,8.954002]]]}},{"type":"Feature","properties":{"name":"Fundación Jesús"},"geometry":{"type":"Polygon","coordinates":[[[-79.540748,8.953813],[-79.540737,8.953975],[-79.540832,8.95398],[-79.540833,8.95396],[-79.540843,8.95382],[-79.540748,8.953813]]]}},{"type":"Feature","properties":{"name":null},"geometry":{"type":"Polygon","coordinates":[[[-79.540708,8.954631],[-79.541082,8.954665],[-79.541076,8.95472],[-79.540703,8.954687],[-79.540708,8.954631]]]}},{"type":"Feature","properties":{"name":"Cristo Peregrino"},"geometry":{"type":"Polygon","coordinates":[[[-79.540857,8.954936],[-79.540861,8.95488],[-79.540867,8.954881],[-79.540875,8.954771],[-79.540867,8.954771],[-79.540871,8.954715],[-79.540704,8.954705],[-79.540701,8.954759],[-79.540694,8.954758],[-79.540686,8.954868],[-79.540694,8.954868],[-79.54069,8.954926],[-79.540857,8.954936]]]}},{"type":"Feature","properties":{"name":"Ermis"},"geometry":{"type":"Polygon","coordinates":[[[-79.540662,8.955377],[-79.540651,8.955634],[-79.541263,8.955658],[-79.541274,8.955402],[-79.540662,8.955377]]]}},{"type":"Feature","properties":{"name":"Art Casco The Hotel"},"geometry":{"type":"Polygon","coordinates":[[[-79.540656,8.956012],[-79.540687,8.956159],[-79.540871,8.956148],[-79.540941,8.956144],[-79.54093,8.956082],[-79.540875,8.956086],[-79.540855,8.956],[-79.540656,8.956012]]]}},{"type":"Feature","properties":{"name":"Hotel Económico"},"geometry":{"type":"Polygon","coordinates":[[[-79.540933,8.956325],[-79.540944,8.95638],[-79.541015,8.95674],[-79.540951,8.956752],[-79.540811,8.956779],[-79.54074,8.956415],[-79.540731,8.956364],[-79.540933,8.956325]]]}},{"type":"Feature","properties":{"name":null},"geometry":{"type":"Polygon","coordinates":[[[-79.540811,8.956779],[-79.540833,8.956901],[-79.541011,8.95687],[-79.541069,8.95686],[-79.541045,8.956735],[-79.541015,8.95674],[-79.540951,8.956752],[-79.540811,8.956779]]]}},{"type":"Feature","properties":{"name":"PH Casa Neuman"},"geometry":{"type":"Polygon","coordinates":[[[-79.535913,8.952228],[-79.535991,8.952235],[-79.535999,8.952139],[-79.535921,8.952132],[-79.535913,8.952228]]]}},{"type":"Feature","properties":{"name":null},"geometry":{"type":"Polygon","coordinates":[[[-79.534154,8.951414],[-79.534166,8.951303],[-79.533966,8.951283],[-79.533954,8.951396],[-79.534154,8.951414]]]}},{"type":"Feature","properties":{"name":"Finca del Mar"},"geometry":{"type":"Polygon","coordinates":[[[-79.532579,8.95065],[-79.532559,8.950611],[-79.532484,8.950629],[-79.53247,8.950556],[-79.532392,8.950571],[-79.532407,8.950646],[-79.532335,8.950665],[-79.532347,8.95071],[-79.532579,8.95065]]]}},{"type":"Feature","properties":{"name":"Artesanías El Farol"},"geometry":{"type":"Polygon","coordinates":[[[-79.532396,8.951118],[-79.532384,8.951044],[-79.532571,8.950998],[-79.532594,8.951116],[-79.532396,8.951118]]]}},{"type":"Feature","properties":{"name":null},"geometry":{"type":"Polygon","coordinates":[[[-79.539558,8.951833],[-79.539551,8.951768],[-79.539559,8.951767],[-79.539633,8.951759],[-79.539723,8.951751],[-79.53973,8.951815],[-79.539558,8.951833]]]}},{"type":"Feature","properties":{"name":"Estancia Amador"},"geometry":{"type":"Polygon","coordinates":[[[-79.540254,8.951736],[-79.54053,8.951681],[-79.540505,8.951563],[-79.54023,8.951619],[-79.540254,8.951736]]]}},{"type":"Feature","properties":{"name":"Edificio Gloria Luz"},"geometry":{"type":"Polygon","coordinates":[[[-79.540775,8.951634],[-79.540703,8.951464],[-79.540497,8.951539],[-79.540505,8.951563],[-79.54053,8.951681],[-79.540775,8.951634]]]}},{"type":"Feature","properties":{"name":"Edificio Marci"},"geometry":{"type":"Polygon","coordinates":[[[-79.540549,8.95594],[-79.540552,8.955726],[-79.540455,8.955728],[-79.540461,8.955958],[-79.540549,8.95594]]]}},{"type":"Feature","properties":{"name":null},"geometry":{"type":"Polygon","coordinates":[[[-79.54059,8.953414],[-79.540584,8.953333],[-79.540522,8.953335],[-79.540521,8.953417],[-79.54059,8.953414]]]}},{"type":"Feature","properties":{"name":"Biblioteca Justo Arosemena"},"geometry":{"type":"Polygon","coordinates":[[[-79.540631,8.95442],[-79.540636,8.954331],[-79.540453,8.954322],[-79.540448,8.954411],[-79.540481,8.954413],[-79.540631,8.95442]]]}},{"type":"Feature","properties":{"name":"Virgen de Guadalupe"},"geometry":{"type":"Polygon","coordinates":[[[-79.543128,8.955399],[-79.543138,8.955216],[-79.543078,8.95522],[-79.543055,8.955222],[-79.543051,8.955301],[-79.543033,8.9553],[-79.543034,8.955225],[-79.54295,8.955235],[-79.542941,8.955411],[-79.543027,8.955407],[-79.54303,8.955333],[-79.543049,8.955334],[-79.543047,8.955398],[-79.543128,8.955399]]]}},{"type":"Feature","properties":{"name":null},"geometry":{"type":"Polygon","coordinates":[[[-79.542184,8.958832],[-79.54225,8.958672],[-79.542135,8.95863],[-79.542084,8.95864],[-79.542149,8.958827],[-79.542184,8.958832]]]}},{"type":"Feature","properties":{"name":"Ancón"},"geometry":{"type":"Polygon","coordinates":[[[-79.542399,8.958553],[-79.542404,8.958458],[-79.542552,8.958505],[-79.542541,8.958599],[-79.542399,8.958553]]]}},{"type":"Feature","properties":{"name":null},"geometry":{"type":"Polygon","coordinates":[[[-79.539082,8.956396],[-79.539028,8.956196],[-79.539288,8.956141],[-79.539347,8.956286],[-79.53932,8.956298],[-79.539296,8.956309],[-79.539303,8.956333],[-79.539082,8.956396]]]}},{"type":"Feature","properties":{"name":null},"geometry":{"type":"Polygon","coordinates":[[[-79.539028,8.956196],[-79.539005,8.95611],[-79.539246,8.956043],[-79.539274,8.956035],[-79.539302,8.956138],[-79.539288,8.956141],[-79.539028,8.956196]]]}},{"type":"Feature","properties":{"name":null},"geometry":{"type":"Polygon","coordinates":[[[-79.539005,8.95611],[-79.538973,8.955996],[-79.53918,8.955943],[-79.539206,8.956024],[-79.539234,8.956013],[-79.539246,8.956043],[-79.539005,8.95611]]]}},{"type":"Feature","properties":{"name":null},"geometry":{"type":"Polygon","coordinates":[[[-79.54014,8.953749],[-79.540127,8.953624],[-79.540032,8.953632],[-79.540044,8.953759],[-79.54014,8.953749]]]}},{"type":"Feature","properties":{"name":null},"geometry":{"type":"Polygon","coordinates":[[[-79.540869,8.954617],[-79.540874,8.954542],[-79.540704,8.954531],[-79.540699,8.954607],[-79.540869,8.954617]]]}},{"type":"Feature","properties":{"name":"Edificio Manantial"},"geometry":{"type":"Polygon","coordinates":[[[-79.541305,8.953784],[-79.541287,8.9536],[-79.541018,8.953627],[-79.541036,8.953811],[-79.541305,8.953784]]]}},{"type":"Feature","properties":{"name":null},"geometry":{"type":"Polygon","coordinates":[[[-79.542387,8.95898],[-79.542412,8.958854],[-79.542396,8.958851],[-79.54241,8.958815],[-79.542328,8.958789],[-79.542313,8.958786],[-79.54225,8.958949],[-79.542387,8.95898]]]}},{"type":"Feature","properties":{"name":null},"geometry":{"type":"Polygon","coordinates":[[[-79.542328,8.958789],[-79.542376,8.958638],[-79.542492,8.958674],[-79.542444,8.958825],[-79.54241,8.958815],[-79.542328,8.958789]]]}},{"type":"Feature","properties":{"name":"Sala de Belleza Barbería"},"geometry":{"type":"Polygon","coordinates":[[[-79.542741,8.958759],[-79.542618,8.958716],[-79.542567,8.958859],[-79.542633,8.958882],[-79.54269,8.958902],[-79.542741,8.958759]]]}},{"type":"Feature","properties":{"name":null},"geometry":{"type":"Polygon","coordinates":[[[-79.536822,8.966253],[-79.536897,8.966295],[-79.536766,8.966526],[-79.536681,8.96648],[-79.536695,8.966455],[-79.536657,8.966433],[-79.536637,8.966468],[-79.536538,8.966413],[-79.536617,8.966272],[-79.53667,8.966179],[-79.536732,8.966213],[-79.536679,8.966306],[-79.536689,8.966312],[-79.536747,8.96621],[-79.536822,8.966251],[-79.536822,8.966253]]]}},{"type":"Feature","properties":{"name":null},"geometry":{"type":"Polygon","coordinates":[[[-79.5535,8.96278],[-79.553472,8.962793],[-79.553403,8.962641],[-79.55346,8.962615],[-79.553493,8.962689],[-79.553464,8.962702],[-79.5535,8.96278]]]}},{"type":"Feature","properties":{"name":null},"geometry":{"type":"Polygon","coordinates":[[[-79.553376,8.962672],[-79.553233,8.96268],[-79.553216,8.96274],[-79.55323,8.962827],[-79.553385,8.962804],[-79.553396,8.96274],[-79.553376,8.962672]]]}},{"type":"Feature","properties":{"name":null},"geometry":{"type":"Polygon","coordinates":[[[-79.553809,8.963004],[-79.553758,8.962998],[-79.553764,8.962958],[-79.553701,8.962952],[-79.553701,8.962927],[-79.553701,8.962877],[-79.553719,8.962809],[-79.553872,8.962837],[-79.553874,8.962917],[-79.553845,8.96297],[-79.553815,8.962966],[-79.553809,8.963004]]]}},{"type":"Feature","properties":{"name":null},"geometry":{"type":"Polygon","coordinates":[[[-79.553689,8.963002],[-79.553624,8.962994],[-79.553636,8.962923],[-79.553701,8.962927],[-79.553689,8.963002]]]}},{"type":"Feature","properties":{"name":null},"geometry":{"type":"Polygon","coordinates":[[[-79.553432,8.963261],[-79.553266,8.963116],[-79.553406,8.962986],[-79.553573,8.963122],[-79.553432,8.963261]]]}},{"type":"Feature","properties":{"name":null},"geometry":{"type":"Polygon","coordinates":[[[-79.553181,8.96313],[-79.553009,8.963164],[-79.552983,8.963037],[-79.553155,8.963003],[-79.553181,8.96313]]]}},{"type":"Feature","properties":{"name":null},"geometry":{"type":"Polygon","coordinates":[[[-79.553115,8.963578],[-79.553036,8.963538],[-79.553039,8.963314],[-79.553214,8.963316],[-79.553211,8.963514],[-79.553115,8.963578]]]}},{"type":"Feature","properties":{"name":null},"geometry":{"type":"Polygon","coordinates":[[[-79.552775,8.963503],[-79.552888,8.963394],[-79.552748,8.963251],[-79.552681,8.963315],[-79.552707,8.963341],[-79.55266,8.963385],[-79.552775,8.963503]]]}},{"type":"Feature","properties":{"name":null},"geometry":{"type":"Polygon","coordinates":[[[-79.552575,8.963505],[-79.552454,8.963441],[-79.552537,8.963289],[-79.552658,8.963354],[-79.552575,8.963505]]]}},{"type":"Feature","properties":{"name":null},"geometry":{"type":"Polygon","coordinates":[[[-79.552916,8.963824],[-79.552788,8.963702],[-79.552924,8.963561],[-79.553053,8.963682],[-79.552916,8.963824]]]}},{"type":"Feature","properties":{"name":null},"geometry":{"type":"Polygon","coordinates":[[[-79.552708,8.963922],[-79.552839,8.963774],[-79.552741,8.96369],[-79.552747,8.963609],[-79.55261,8.963599],[-79.552593,8.963823],[-79.552708,8.963922]]]}},{"type":"Feature","properties":{"name":null},"geometry":{"type":"Polygon","coordinates":[[[-79.553007,8.96281],[-79.552851,8.962868],[-79.552797,8.962805],[-79.552802,8.962729],[-79.552949,8.962686],[-79.553007,8.962743],[-79.553007,8.96281]]]}},{"type":"Feature","properties":{"name":null},"geometry":{"type":"Polygon","coordinates":[[[-79.548897,8.945129],[-79.548753,8.945036],[-79.548769,8.945011],[-79.548723,8.944981],[-79.548657,8.94508],[-79.548701,8.945108],[-79.548649,8.945185],[-79.548528,8.945107],[-79.548466,8.945201],[-79.548648,8.945319],[-79.548637,8.945337],[-79.548722,8.945392],[-79.548837,8.945218],[-79.548897,8.945129]]]}},{"type":"Feature","properties":{"name":null},"geometry":{"type":"Polygon","coordinates":[[[-79.548101,8.945861],[-79.548103,8.945834],[-79.548087,8.945811],[-79.548104,8.945785],[-79.5481,8.945752],[-79.548123,8.945738],[-79.548133,8.945714],[-79.54816,8.945701],[-79.548177,8.945674],[-79.548206,8.945681],[-79.548232,8.945666],[-79.548259,8.945684],[-79.548288,8.94568],[-79.548338,8.945715],[-79.548362,8.945758],[-79.548471,8.945709],[-79.548454,8.945663],[-79.54839,8.945688],[-79.548377,8.945656],[-79.548348,8.945635],[-79.548311,8.945627],[-79.548276,8.945602],[-79.548237,8.945611],[-79.548192,8.945603],[-79.548157,8.945627],[-79.548119,8.945633],[-79.548091,8.94567],[-79.548055,8.945695],[-79.548047,8.945737],[-79.548023,8.94577],[-79.548037,8.945807],[-79.548024,8.945849],[-79.548028,8.945893],[-79.548101,8.945861]]]}},{"type":"Feature","properties":{"name":"Balboa Inn Bed & Breakfast"},"geometry":{"type":"Polygon","coordinates":[[[-79.554136,8.954889],[-79.554026,8.954891],[-79.554028,8.954976],[-79.553924,8.954978],[-79.553923,8.954935],[-79.55387,8.954936],[-79.553868,8.954797],[-79.553914,8.954797],[-79.553913,8.954781],[-79.553965,8.95478],[-79.553963,8.954718],[-79.554087,8.954716],[-79.554088,8.954762],[-79.554133,8.954762],[-79.554136,8.954889]]]}},{"type":"Feature","properties":{"name":null},"geometry":{"type":"Polygon","coordinates":[[[-79.55487,8.956127],[-79.554675,8.956101],[-79.554695,8.955957],[-79.55489,8.955984],[-79.55487,8.956127]]]}},{"type":"Feature","properties":{"name":null},"geometry":{"type":"Polygon","coordinates":[[[-79.539527,8.961639],[-79.539443,8.961485],[-79.539356,8.961536],[-79.539385,8.961593],[-79.5393,8.961637],[-79.539304,8.961644],[-79.539146,8.961726],[-79.539151,8.961739],[-79.539142,8.96176],[-79.538977,8.961846],[-79.538982,8.961857],[-79.538974,8.961879],[-79.538807,8.961972],[-79.538813,8.961983],[-79.538805,8.962004],[-79.538639,8.962092],[-79.538682,8.96217],[-79.538847,8.962085],[-79.53884,8.962072],[-79.538851,8.962049],[-79.539015,8.961963],[-79.539008,8.961948],[-79.539019,8.961925],[-79.539183,8.961842],[-79.539176,8.961826],[-79.539184,8.961806],[-79.539345,8.961721],[-79.53935,8.961731],[-79.539527,8.961639]]]}},{"type":"Feature","properties":{"name":null},"geometry":{"type":"Polygon","coordinates":[[[-79.539345,8.961412],[-79.539298,8.961321],[-79.539137,8.961404],[-79.53914,8.96141],[-79.538982,8.961491],[-79.53899,8.961506],[-79.538978,8.961528],[-79.538814,8.961615],[-79.538819,8.961634],[-79.538812,8.961651],[-79.538646,8.961736],[-79.538654,8.96175],[-79.538643,8.961772],[-79.538476,8.961856],[-79.538517,8.961935],[-79.538685,8.961851],[-79.538678,8.961837],[-79.538685,8.961816],[-79.538854,8.96173],[-79.538846,8.961714],[-79.538856,8.961692],[-79.539021,8.961608],[-79.539013,8.961592],[-79.539023,8.961569],[-79.53918,8.961488],[-79.539184,8.961495],[-79.539345,8.961412]]]}},{"type":"Feature","properties":{"name":"Zona Paga del Marañón [MiBus]"},"geometry":{"type":"Polygon","coordinates":[[[-79.539572,8.961463],[-79.539683,8.961386],[-79.539491,8.961118],[-79.539381,8.961195],[-79.539572,8.961463]]]}},{"type":"Feature","properties":{"name":null},"geometry":{"type":"Polygon","coordinates":[[[-79.543692,8.957811],[-79.543105,8.957383],[-79.542939,8.957605],[-79.543074,8.957703],[-79.543162,8.957585],[-79.543258,8.957655],[-79.543202,8.95773],[-79.543249,8.957764],[-79.543264,8.957775],[-79.543276,8.957783],[-79.543341,8.957831],[-79.543407,8.957743],[-79.543488,8.957802],[-79.543389,8.957934],[-79.543526,8.958034],[-79.543692,8.957811]]]}},{"type":"Feature","properties":{"name":null},"geometry":{"type":"Polygon","coordinates":[[[-79.543506,8.958058],[-79.543381,8.957967],[-79.543331,8.958033],[-79.543316,8.958054],[-79.543302,8.958072],[-79.543223,8.958178],[-79.543209,8.958168],[-79.543113,8.958297],[-79.543029,8.958235],[-79.543095,8.958146],[-79.543038,8.958105],[-79.543021,8.958092],[-79.543001,8.958077],[-79.542967,8.958053],[-79.542894,8.958149],[-79.542775,8.958062],[-79.542882,8.957919],[-79.542765,8.957833],[-79.542596,8.958058],[-79.543183,8.958488],[-79.543506,8.958058]]]}},{"type":"Feature","properties":{"name":null},"geometry":{"type":"Polygon","coordinates":[[[-79.543256,8.957914],[-79.543162,8.958036],[-79.54296,8.957884],[-79.543054,8.957762],[-79.543256,8.957914]]]}},{"type":"Feature","properties":{"name":null},"geometry":{"type":"Polygon","coordinates":[[[-79.544052,8.957326],[-79.543705,8.957787],[-79.54348,8.957622],[-79.543827,8.957161],[-79.544052,8.957326]]]}},{"type":"Feature","properties":{"name":null},"geometry":{"type":"Polygon","coordinates":[[[-79.540315,8.952116],[-79.540179,8.952143],[-79.540196,8.952223],[-79.540179,8.952227],[-79.54023,8.952476],[-79.540247,8.952473],[-79.540261,8.952539],[-79.540396,8.952512],[-79.540315,8.952116]]]}},{"type":"Feature","properties":{"name":"Ministerio de Seguridad Pública"},"geometry":{"type":"Polygon","coordinates":[[[-79.552316,8.941502],[-79.55261,8.941991],[-79.552392,8.942119],[-79.552308,8.941979],[-79.552384,8.941934],[-79.552174,8.941586],[-79.552316,8.941502]]]}},{"type":"Feature","properties":{"name":"Plaza de la Independencia"},"geometry":{"type":"Polygon","coordinates":[[[-79.53472,8.9525],[-79.534749,8.952508],[-79.534775,8.952493],[-79.534783,8.952464],[-79.534768,8.952438],[-79.534739,8.952431],[-79.534713,8.952446],[-79.534705,8.952474],[-79.53472,8.9525]]]}},{"type":"Feature","properties":{"name":"Parroquia San Vicente De Paul"},"geometry":{"type":"Polygon","coordinates":[[[-79.542388,8.960891],[-79.542289,8.960975],[-79.542258,8.961001],[-79.54223,8.960969],[-79.542195,8.960928],[-79.542167,8.960896],[-79.542199,8.960869],[-79.542333,8.960756],[-79.542424,8.960861],[-79.542388,8.960891]]]}},{"type":"Feature","properties":{"name":null},"geometry":{"type":"Polygon","coordinates":[[[-79.540309,8.951088],[-79.540062,8.951078],[-79.540068,8.95092],[-79.540316,8.95093],[-79.540309,8.951088]]]}},{"type":"Feature","properties":{"name":null},"geometry":{"type":"Polygon","coordinates":[[[-79.54486,8.949527],[-79.544605,8.949563],[-79.544582,8.949402],[-79.544567,8.949404],[-79.544525,8.949111],[-79.544547,8.949108],[-79.54453,8.94899],[-79.544514,8.948873],[-79.544777,8.948837],[-79.544794,8.948954],[-79.544767,8.948957],[-79.544784,8.949077],[-79.544821,8.949072],[-79.544862,8.949364],[-79.544837,8.949368],[-79.54486,8.949527]]]}},{"type":"Feature","properties":{"name":null},"geometry":{"type":"Polygon","coordinates":[[[-79.547854,8.949897],[-79.547344,8.949867],[-79.54735,8.949778],[-79.54786,8.949808],[-79.547854,8.949897]]]}},{"type":"Feature","properties":{"name":null},"geometry":{"type":"Polygon","coordinates":[[[-79.547681,8.949434],[-79.547774,8.949438],[-79.547764,8.949634],[-79.547532,8.949623],[-79.547536,8.949538],[-79.547675,8.949545],[-79.547681,8.949434]]]}},{"type":"Feature","properties":{"name":"Restaurante L@ Skina"},"geometry":{"type":"Polygon","coordinates":[[[-79.548509,8.949544],[-79.548275,8.94952],[-79.548285,8.949425],[-79.548519,8.94945],[-79.548509,8.949544]]]}},{"type":"Feature","properties":{"name":"Centro de Salud de El Chorrillo"},"geometry":{"type":"Polygon","coordinates":[[[-79.548687,8.947495],[-79.548444,8.947568],[-79.548427,8.947514],[-79.548389,8.947525],[-79.548405,8.947576],[-79.548208,8.947635],[-79.548153,8.947455],[-79.54863,8.947311],[-79.548687,8.947495]]]}},{"type":"Feature","properties":{"name":null},"geometry":{"type":"Polygon","coordinates":[[[-79.547256,8.948715],[-79.547038,8.948702],[-79.54705,8.948507],[-79.547268,8.94852],[-79.547256,8.948715]]]}},{"type":"Feature","properties":{"name":"Sorolo"},"geometry":{"type":"Polygon","coordinates":[[[-79.547236,8.949231],[-79.547117,8.949221],[-79.547126,8.949117],[-79.547246,8.949127],[-79.547236,8.949231]]]}},{"type":"Feature","properties":{"name":null},"geometry":{"type":"Polygon","coordinates":[[[-79.547323,8.95197],[-79.547176,8.951959],[-79.547196,8.951699],[-79.547344,8.95171],[-79.547323,8.95197]]]}},{"type":"Feature","properties":{"name":"Brisas de Ancon"},"geometry":{"type":"Polygon","coordinates":[[[-79.546595,8.951493],[-79.54643,8.951482],[-79.546445,8.951272],[-79.54661,8.951283],[-79.546595,8.951493]]]}},{"type":"Feature","properties":{"name":null},"geometry":{"type":"Polygon","coordinates":[[[-79.542498,8.965943],[-79.542376,8.966082],[-79.542168,8.965903],[-79.54229,8.965765],[-79.542498,8.965943]]]}},{"type":"Feature","properties":{"name":"Edificio Magnolia"},"geometry":{"type":"Polygon","coordinates":[[[-79.541226,8.965937],[-79.541056,8.965887],[-79.540915,8.96635],[-79.541135,8.966415],[-79.541173,8.966289],[-79.541083,8.966262],[-79.541144,8.966061],[-79.541185,8.966072],[-79.541226,8.965937]]]}},{"type":"Feature","properties":{"name":"Centro de Salud Emiliano Ponce Jaén"},"geometry":{"type":"Polygon","coordinates":[[[-79.542134,8.966208],[-79.541993,8.966184],[-79.541987,8.966221],[-79.541961,8.966216],[-79.541924,8.966419],[-79.542091,8.966449],[-79.542134,8.966208]]]}},{"type":"Feature","properties":{"name":null},"geometry":{"type":"Polygon","coordinates":[[[-79.542308,8.966182],[-79.542238,8.966267],[-79.542388,8.966388],[-79.542306,8.966488],[-79.542242,8.966436],[-79.542176,8.966516],[-79.542328,8.966638],[-79.542546,8.966373],[-79.542308,8.966182]]]}},{"type":"Feature","properties":{"name":"Edificio 24 de Diciembre"},"geometry":{"type":"Polygon","coordinates":[[[-79.547744,8.95057],[-79.547517,8.950553],[-79.547523,8.950473],[-79.547632,8.950481],[-79.547638,8.950402],[-79.547297,8.950377],[-79.547315,8.950131],[-79.54766,8.950156],[-79.547667,8.950074],[-79.547553,8.950066],[-79.54756,8.949965],[-79.547783,8.949981],[-79.547762,8.950265],[-79.547434,8.950241],[-79.54743,8.950298],[-79.547762,8.950322],[-79.547744,8.95057]]]}},{"type":"Feature","properties":{"name":null},"geometry":{"type":"Polygon","coordinates":[[[-79.547509,8.950716],[-79.547254,8.950698],[-79.54726,8.950611],[-79.547515,8.950628],[-79.547509,8.950716]]]}},{"type":"Feature","properties":{"name":"Casa Gloria Coordinador"},"geometry":{"type":"Polygon","coordinates":[[[-79.545178,8.950517],[-79.54498,8.950503],[-79.544995,8.950291],[-79.545193,8.950304],[-79.545178,8.950517]]]}},{"type":"Feature","properties":{"name":null},"geometry":{"type":"Polygon","coordinates":[[[-79.545074,8.950114],[-79.544872,8.950103],[-79.544869,8.95016],[-79.545045,8.95017],[-79.545043,8.950202],[-79.545066,8.950204],[-79.545064,8.950245],[-79.544864,8.950234],[-79.544862,8.950258],[-79.544814,8.950255],[-79.544815,8.950231],[-79.544664,8.950222],[-79.544662,8.950246],[-79.54459,8.950242],[-79.544603,8.950026],[-79.54463,8.950028],[-79.544632,8.950006],[-79.544681,8.950009],[-79.544672,8.950158],[-79.544686,8.950159],[-79.544687,8.950142],[-79.544825,8.95015],[-79.54483,8.950057],[-79.544847,8.950058],[-79.544849,8.950018],[-79.544885,8.95002],[-79.544884,8.950028],[-79.545015,8.950035],[-79.545015,8.950047],[-79.545052,8.950049],[-79.54505,8.950074],[-79.545076,8.950076],[-79.545074,8.950114]]]}},{"type":"Feature","properties":{"name":"Edificio Gollo"},"geometry":{"type":"Polygon","coordinates":[[[-79.541017,8.965706],[-79.540974,8.965715],[-79.54073,8.965653],[-79.540761,8.965533],[-79.540851,8.965555],[-79.540857,8.965533],[-79.540916,8.965548],[-79.540909,8.965572],[-79.540984,8.965591],[-79.54099,8.965566],[-79.541049,8.965581],[-79.541017,8.965706]]]}},{"type":"Feature","properties":{"name":null},"geometry":{"type":"Polygon","coordinates":[[[-79.54062,8.965625],[-79.540264,8.965545],[-79.540312,8.965338],[-79.540668,8.965418],[-79.54062,8.965625]]]}},{"type":"Feature","properties":{"name":"Edificio Sojourners"},"geometry":{"type":"Polygon","coordinates":[[[-79.540714,8.965647],[-79.540634,8.965628],[-79.540716,8.965292],[-79.540796,8.965311],[-79.540714,8.965647]]]}},{"type":"Feature","properties":{"name":"Asamblea Nacional de Panamá"},"geometry":{"type":"Polygon","coordinates":[[[-79.542526,8.962583],[-79.541925,8.962591],[-79.541863,8.962592],[-79.541552,8.962596],[-79.541873,8.963106],[-79.541922,8.963077],[-79.542043,8.963269],[-79.542166,8.963068],[-79.542212,8.963096],[-79.542526,8.962583]]]}},{"type":"Feature","properties":{"name":"Asamblea Nacional de Panamá - Palacio Justo Arosemena"},"geometry":{"type":"Polygon","coordinates":[[[-79.542573,8.962414],[-79.542137,8.962421],[-79.542136,8.962327],[-79.541923,8.96233],[-79.541914,8.962331],[-79.541913,8.962216],[-79.541912,8.962163],[-79.541908,8.961886],[-79.541907,8.961844],[-79.542141,8.961841],[-79.542143,8.961929],[-79.542344,8.961926],[-79.542446,8.961924],[-79.542446,8.961941],[-79.542542,8.961939],[-79.542543,8.962061],[-79.54266,8.962059],[-79.542664,8.962348],[-79.542641,8.962348],[-79.542572,8.962349],[-79.542573,8.962414]]]}},{"type":"Feature","properties":{"name":null},"geometry":{"type":"Polygon","coordinates":[[[-79.53861,8.963098],[-79.53848,8.963193],[-79.538363,8.963036],[-79.538213,8.962834],[-79.538343,8.962739],[-79.53861,8.963098]]]}},{"type":"Feature","properties":{"name":"Hogar Casa Esperanza"},"geometry":{"type":"Polygon","coordinates":[[[-79.53933,8.963245],[-79.539506,8.963289],[-79.539439,8.963578],[-79.538969,8.963468],[-79.538991,8.963367],[-79.539292,8.963425],[-79.53933,8.963245]]]}},{"type":"Feature","properties":{"name":null},"geometry":{"type":"Polygon","coordinates":[[[-79.547344,8.95171],[-79.547196,8.951699],[-79.547217,8.95143],[-79.547365,8.951441],[-79.547344,8.95171]]]}},{"type":"Feature","properties":{"name":"Edificio 7 Enero"},"geometry":{"type":"Polygon","coordinates":[[[-79.546376,8.9519],[-79.546223,8.951883],[-79.546246,8.951676],[-79.5464,8.951693],[-79.546376,8.9519]]]}},{"type":"Feature","properties":{"name":"P.H. Tropicana"},"geometry":{"type":"Polygon","coordinates":[[[-79.544275,8.957059],[-79.544187,8.956995],[-79.544033,8.956883],[-79.544081,8.95682],[-79.544183,8.956684],[-79.544336,8.956795],[-79.544424,8.956859],[-79.544275,8.957059]]]}},{"type":"Feature","properties":{"name":null},"geometry":{"type":"Polygon","coordinates":[[[-79.542103,8.960455],[-79.54247,8.960699],[-79.542457,8.960718],[-79.542506,8.96075],[-79.542461,8.960815],[-79.541999,8.960509],[-79.542041,8.960446],[-79.542088,8.960477],[-79.542103,8.960455]]]}},{"type":"Feature","properties":{"name":"Instituto Panameño de Habilitación Especial"},"geometry":{"type":"Polygon","coordinates":[[[-79.543316,8.959949],[-79.54311,8.960063],[-79.54315,8.960134],[-79.543229,8.960091],[-79.543354,8.960311],[-79.543275,8.960355],[-79.543315,8.960426],[-79.543521,8.960312],[-79.543481,8.960241],[-79.543454,8.960256],[-79.543329,8.960035],[-79.543356,8.96002],[-79.543316,8.959949]]]}},{"type":"Feature","properties":{"name":null},"geometry":{"type":"Polygon","coordinates":[[[-79.543896,8.960623],[-79.543751,8.960591],[-79.543641,8.961272],[-79.543797,8.961298],[-79.543896,8.960623]]]}},{"type":"Feature","properties":{"name":null},"geometry":{"type":"Polygon","coordinates":[[[-79.547227,8.956829],[-79.547168,8.956858],[-79.54734,8.957157],[-79.547088,8.957306],[-79.546777,8.956786],[-79.546825,8.956702],[-79.547206,8.956434],[-79.547227,8.956829]]]}},{"type":"Feature","properties":{"name":null},"geometry":{"type":"Polygon","coordinates":[[[-79.555901,8.957727],[-79.555853,8.957786],[-79.555775,8.957732],[-79.555657,8.957867],[-79.555716,8.95792],[-79.555671,8.957984],[-79.555346,8.957714],[-79.555429,8.957616],[-79.555412,8.957595],[-79.55539,8.957606],[-79.555325,8.95756],[-79.555399,8.957472],[-79.555466,8.95753],[-79.555448,8.957554],[-79.555468,8.957573],[-79.555566,8.957447],[-79.555901,8.957727]]]}},{"type":"Feature","properties":{"name":null},"geometry":{"type":"Polygon","coordinates":[[[-79.537564,8.957101],[-79.537347,8.957168],[-79.537388,8.957309],[-79.537692,8.957385],[-79.537604,8.957086],[-79.537591,8.957091],[-79.537564,8.957101]]]}},{"type":"Feature","properties":{"name":null},"geometry":{"type":"Polygon","coordinates":[[[-79.537271,8.956975],[-79.537326,8.957162],[-79.537365,8.957295],[-79.537345,8.957316],[-79.537066,8.957236],[-79.537014,8.957054],[-79.537111,8.957024],[-79.537149,8.957149],[-79.537211,8.957163],[-79.537159,8.95701],[-79.537271,8.956975]]]}},{"type":"Feature","properties":{"name":null},"geometry":{"type":"Polygon","coordinates":[[[-79.544348,8.96625],[-79.544147,8.966454],[-79.544267,8.966569],[-79.544468,8.966365],[-79.544348,8.96625]]]}},{"type":"Feature","properties":{"name":null},"geometry":{"type":"Polygon","coordinates":[[[-79.543857,8.965785],[-79.543826,8.965815],[-79.543768,8.965874],[-79.543485,8.966147],[-79.543608,8.966267],[-79.54369,8.966182],[-79.543667,8.966155],[-79.543705,8.966118],[-79.543719,8.966132],[-79.543776,8.966072],[-79.543761,8.966054],[-79.543799,8.966013],[-79.543816,8.96603],[-79.543875,8.965963],[-79.543895,8.965978],[-79.54397,8.965896],[-79.543889,8.965817],[-79.543857,8.965785]]]}},{"type":"Feature","properties":{"name":"Edificio Gandhi"},"geometry":{"type":"Polygon","coordinates":[[[-79.540441,8.962479],[-79.54034,8.962544],[-79.540229,8.962377],[-79.540329,8.962312],[-79.540441,8.962479]]]}},{"type":"Feature","properties":{"name":"Edificio Salomones B"},"geometry":{"type":"Polygon","coordinates":[[[-79.54358,8.966407],[-79.543437,8.966553],[-79.543273,8.966397],[-79.543416,8.966251],[-79.54358,8.966407]]]}},{"type":"Feature","properties":{"name":"Edificio Canavaggio"},"geometry":{"type":"Polygon","coordinates":[[[-79.543428,8.965846],[-79.542861,8.966439],[-79.542775,8.966359],[-79.543342,8.965766],[-79.543428,8.965846]]]}},{"type":"Feature","properties":{"name":"P.H. Adelina"},"geometry":{"type":"Polygon","coordinates":[[[-79.541124,8.963912],[-79.540648,8.9638],[-79.540606,8.963975],[-79.540666,8.963991],[-79.540673,8.963961],[-79.540681,8.96393],[-79.540732,8.963942],[-79.540739,8.963914],[-79.540976,8.96397],[-79.540969,8.963996],[-79.541027,8.96401],[-79.54104,8.964013],[-79.541124,8.963912]]]}},{"type":"Feature","properties":{"name":null},"geometry":{"type":"Polygon","coordinates":[[[-79.541027,8.96401],[-79.540828,8.964255],[-79.54055,8.964182],[-79.540598,8.963973],[-79.540606,8.963975],[-79.540666,8.963991],[-79.540673,8.963961],[-79.540902,8.96402],[-79.540935,8.963988],[-79.540969,8.963996],[-79.541027,8.96401]]]}},{"type":"Feature","properties":{"name":null},"geometry":{"type":"Polygon","coordinates":[[[-79.555843,8.95711],[-79.555712,8.957091],[-79.555752,8.956847],[-79.555885,8.95686],[-79.555843,8.95711]]]}},{"type":"Feature","properties":{"name":null},"geometry":{"type":"Polygon","coordinates":[[[-79.555903,8.956724],[-79.555773,8.956708],[-79.555812,8.956438],[-79.555943,8.956459],[-79.555903,8.956724]]]}},{"type":"Feature","properties":{"name":null},"geometry":{"type":"Polygon","coordinates":[[[-79.555971,8.956335],[-79.555833,8.956316],[-79.555873,8.956042],[-79.556015,8.956067],[-79.555971,8.956335]]]}},{"type":"Feature","properties":{"name":null},"geometry":{"type":"Polygon","coordinates":[[[-79.556034,8.955942],[-79.555899,8.955919],[-79.555948,8.955652],[-79.556081,8.955673],[-79.556034,8.955942]]]}},{"type":"Feature","properties":{"name":"Sala de Eventos Astoria"},"geometry":{"type":"Polygon","coordinates":[[[-79.540462,8.960138],[-79.540541,8.960326],[-79.540201,8.960401],[-79.54014,8.960224],[-79.540462,8.960138]]]}},{"type":"Feature","properties":{"name":null},"geometry":{"type":"Polygon","coordinates":[[[-79.541038,8.958433],[-79.540791,8.958523],[-79.540759,8.958439],[-79.541004,8.958346],[-79.541038,8.958433]]]}},{"type":"Feature","properties":{"name":null},"geometry":{"type":"Polygon","coordinates":[[[-79.541359,8.950289],[-79.541454,8.950485],[-79.541278,8.950543],[-79.541185,8.950348],[-79.541359,8.950289]]]}},{"type":"Feature","properties":{"name":null},"geometry":{"type":"Polygon","coordinates":[[[-79.548628,8.947718],[-79.548585,8.947709],[-79.548577,8.947784],[-79.548487,8.947775],[-79.548489,8.947687],[-79.54848,8.947687],[-79.548488,8.947605],[-79.548607,8.947617],[-79.54861,8.947603],[-79.548653,8.947613],[-79.548628,8.947718]]]}},{"type":"Feature","properties":{"name":"Casa Garay"},"geometry":{"type":"Polygon","coordinates":[[[-79.536725,8.953335],[-79.536546,8.953321],[-79.536558,8.953209],[-79.536564,8.953152],[-79.536569,8.953105],[-79.536756,8.953127],[-79.536725,8.953335]]]}},{"type":"Feature","properties":{"name":"La Mayor"},"geometry":{"type":"Polygon","coordinates":[[[-79.536635,8.95524],[-79.536724,8.955418],[-79.536737,8.955446],[-79.536782,8.955537],[-79.536612,8.955595],[-79.536597,8.955566],[-79.536493,8.955363],[-79.536635,8.95524]]]}},{"type":"Feature","properties":{"name":"Iglesia de la Compañía de Jesús"},"geometry":{"type":"Polygon","coordinates":[[[-79.535283,8.952087],[-79.53531,8.951764],[-79.535317,8.951673],[-79.535189,8.951663],[-79.535193,8.951612],[-79.535122,8.951606],[-79.53509,8.952076],[-79.535201,8.952082],[-79.535283,8.952087]]]}},{"type":"Feature","properties":{"name":"Hotel Compañía"},"geometry":{"type":"Polygon","coordinates":[[[-79.53579,8.952116],[-79.535641,8.952104],[-79.535656,8.951927],[-79.535667,8.951792],[-79.535588,8.951786],[-79.535374,8.951769],[-79.53531,8.951764],[-79.535317,8.951673],[-79.535321,8.951628],[-79.535826,8.951668],[-79.535795,8.952057],[-79.53579,8.952116]]]}},{"type":"Feature","properties":{"name":"Paseo de Las Bovedas"},"geometry":{"type":"Polygon","coordinates":[[[-79.531939,8.949506],[-79.53181,8.949451],[-79.531629,8.949911],[-79.531712,8.949935],[-79.531736,8.949876],[-79.531786,8.949895],[-79.5319,8.949583],[-79.531939,8.949506]]]}},{"type":"Feature","properties":{"name":null},"geometry":{"type":"Polygon","coordinates":[[[-79.546597,8.954817],[-79.546517,8.954747],[-79.546361,8.954953],[-79.546434,8.95502],[-79.546597,8.954817]]]}},{"type":"Feature","properties":{"name":null},"geometry":{"type":"Polygon","coordinates":[[[-79.546712,8.954931],[-79.54654,8.955161],[-79.546586,8.955221],[-79.546791,8.954941],[-79.546712,8.954931]]]}},{"type":"Feature","properties":{"name":"Mi Pueblito"},"geometry":{"type":"Polygon","coordinates":[[[-79.546537,8.955221],[-79.546351,8.95502],[-79.546283,8.955098],[-79.546469,8.955291],[-79.546537,8.955221]]]}},{"type":"Feature","properties":{"name":"El Campeón"},"geometry":{"type":"Polygon","coordinates":[[[-79.540648,8.956367],[-79.540417,8.956539],[-79.540194,8.956704],[-79.540088,8.956573],[-79.540244,8.956452],[-79.540339,8.956379],[-79.540606,8.956172],[-79.540648,8.956367]]]}},{"type":"Feature","properties":{"name":"Master Gomez"},"geometry":{"type":"Polygon","coordinates":[[[-79.539375,8.950309],[-79.539449,8.950582],[-79.539472,8.950582],[-79.539483,8.950608],[-79.539518,8.950606],[-79.539558,8.950583],[-79.539548,8.950554],[-79.53966,8.950517],[-79.539643,8.950463],[-79.539675,8.950453],[-79.539646,8.950215],[-79.539375,8.950309]]]}},{"type":"Feature","properties":{"name":null},"geometry":{"type":"Polygon","coordinates":[[[-79.540605,8.951214],[-79.540529,8.951218],[-79.540526,8.951154],[-79.540521,8.951062],[-79.540595,8.951059],[-79.540605,8.951214]]]}},{"type":"Feature","properties":{"name":"Gran Logia de Panama"},"geometry":{"type":"Polygon","coordinates":[[[-79.539085,8.950471],[-79.538954,8.950478],[-79.538956,8.950516],[-79.538915,8.950518],[-79.538922,8.950657],[-79.538968,8.950655],[-79.538969,8.950675],[-79.539095,8.950669],[-79.539085,8.950471]]]}},{"type":"Feature","properties":{"name":null},"geometry":{"type":"Polygon","coordinates":[[[-79.554822,8.944672],[-79.554699,8.944718],[-79.554659,8.94467],[-79.554664,8.944731],[-79.554492,8.94479],[-79.554471,8.944731],[-79.554453,8.944702],[-79.554428,8.944683],[-79.554423,8.944638],[-79.554522,8.944482],[-79.554462,8.944323],[-79.55459,8.944275],[-79.55467,8.944484],[-79.55474,8.944458],[-79.554822,8.944672]]]}},{"type":"Feature","properties":{"name":null},"geometry":{"type":"Polygon","coordinates":[[[-79.553759,8.945723],[-79.553357,8.945766],[-79.553333,8.945546],[-79.55339,8.94554],[-79.553401,8.945642],[-79.553746,8.945605],[-79.553759,8.945723]]]}},{"type":"Feature","properties":{"name":null},"geometry":{"type":"Polygon","coordinates":[[[-79.553789,8.944492],[-79.553675,8.944524],[-79.553672,8.944474],[-79.553623,8.944501],[-79.55359,8.944442],[-79.553624,8.944424],[-79.553607,8.944364],[-79.553741,8.944327],[-79.553789,8.944492]]]}},{"type":"Feature","properties":{"name":null},"geometry":{"type":"Polygon","coordinates":[[[-79.553111,8.958279],[-79.552877,8.958313],[-79.552858,8.958183],[-79.553091,8.958149],[-79.553111,8.958279]]]}},{"type":"Feature","properties":{"name":null},"geometry":{"type":"Polygon","coordinates":[[[-79.553411,8.958241],[-79.553342,8.958246],[-79.553345,8.958298],[-79.553241,8.958312],[-79.553224,8.958215],[-79.55313,8.958226],[-79.553116,8.958147],[-79.553396,8.958132],[-79.553411,8.958241]]]}},{"type":"Feature","properties":{"name":null},"geometry":{"type":"Polygon","coordinates":[[[-79.553963,8.958093],[-79.553714,8.958102],[-79.553715,8.958169],[-79.553755,8.958172],[-79.553753,8.95822],[-79.553835,8.958214],[-79.553842,8.958265],[-79.553983,8.958247],[-79.553963,8.958093]]]}},{"type":"Feature","properties":{"name":null},"geometry":{"type":"Polygon","coordinates":[[[-79.55358,8.957924],[-79.553335,8.957955],[-79.553324,8.957871],[-79.553569,8.95784],[-79.55358,8.957924]]]}},{"type":"Feature","properties":{"name":null},"geometry":{"type":"Polygon","coordinates":[[[-79.553253,8.958011],[-79.5531,8.958029],[-79.553086,8.957915],[-79.553239,8.957897],[-79.553253,8.958011]]]}},{"type":"Feature","properties":{"name":null},"geometry":{"type":"Polygon","coordinates":[[[-79.552742,8.957945],[-79.552622,8.957981],[-79.552655,8.958088],[-79.552849,8.958029],[-79.552742,8.957945]]]}},{"type":"Feature","properties":{"name":null},"geometry":{"type":"Polygon","coordinates":[[[-79.552394,8.958304],[-79.552275,8.958297],[-79.552278,8.958251],[-79.552238,8.958248],[-79.552246,8.958131],[-79.552304,8.958135],[-79.552308,8.958071],[-79.55241,8.95808],[-79.552394,8.958304]]]}},{"type":"Feature","properties":{"name":null},"geometry":{"type":"Polygon","coordinates":[[[-79.55241,8.958029],[-79.552312,8.958021],[-79.552328,8.957825],[-79.552426,8.957833],[-79.55241,8.958029]]]}},{"type":"Feature","properties":{"name":"Edificio 121"},"geometry":{"type":"Polygon","coordinates":[[[-79.552605,8.95762],[-79.552506,8.95752],[-79.552384,8.957637],[-79.552484,8.957738],[-79.552605,8.95762]]]}},{"type":"Feature","properties":{"name":null},"geometry":{"type":"Polygon","coordinates":[[[-79.551553,8.956205],[-79.551432,8.956204],[-79.551434,8.955929],[-79.551554,8.95593],[-79.551553,8.956205]]]}},{"type":"Feature","properties":{"name":null},"geometry":{"type":"Polygon","coordinates":[[[-79.552493,8.955926],[-79.552411,8.955996],[-79.552317,8.955889],[-79.5524,8.955819],[-79.552493,8.955926]]]}},{"type":"Feature","properties":{"name":null},"geometry":{"type":"Polygon","coordinates":[[[-79.552241,8.956169],[-79.552133,8.956254],[-79.552053,8.956154],[-79.55216,8.956069],[-79.552241,8.956169]]]}},{"type":"Feature","properties":{"name":null},"geometry":{"type":"Polygon","coordinates":[[[-79.552065,8.955957],[-79.551972,8.956043],[-79.551863,8.955927],[-79.551957,8.955841],[-79.552065,8.955957]]]}},{"type":"Feature","properties":{"name":null},"geometry":{"type":"Polygon","coordinates":[[[-79.551959,8.955006],[-79.551827,8.955004],[-79.551824,8.955187],[-79.551955,8.955189],[-79.551959,8.955006]]]}},{"type":"Feature","properties":{"name":null},"geometry":{"type":"Polygon","coordinates":[[[-79.551984,8.954889],[-79.551834,8.954866],[-79.551862,8.954688],[-79.552012,8.95471],[-79.55199,8.954851],[-79.551984,8.954889]]]}},{"type":"Feature","properties":{"name":null},"geometry":{"type":"Polygon","coordinates":[[[-79.551951,8.954407],[-79.551844,8.954415],[-79.551855,8.954563],[-79.551962,8.954555],[-79.551951,8.954407]]]}},{"type":"Feature","properties":{"name":null},"geometry":{"type":"Polygon","coordinates":[[[-79.551904,8.953921],[-79.551877,8.954097],[-79.551695,8.95407],[-79.551722,8.953893],[-79.551904,8.953921]]]}},{"type":"Feature","properties":{"name":null},"geometry":{"type":"Polygon","coordinates":[[[-79.551934,8.955523],[-79.551807,8.955519],[-79.551811,8.955373],[-79.551865,8.955375],[-79.551934,8.955523]]]}},{"type":"Feature","properties":{"name":null},"geometry":{"type":"Polygon","coordinates":[[[-79.551424,8.955406],[-79.551357,8.955487],[-79.551157,8.955327],[-79.551224,8.955245],[-79.551424,8.955406]]]}},{"type":"Feature","properties":{"name":null},"geometry":{"type":"Polygon","coordinates":[[[-79.55112,8.955336],[-79.551027,8.95534],[-79.551012,8.955028],[-79.551104,8.955023],[-79.55112,8.955336]]]}},{"type":"Feature","properties":{"name":null},"geometry":{"type":"Polygon","coordinates":[[[-79.551117,8.954939],[-79.551018,8.954937],[-79.551023,8.954624],[-79.551128,8.954627],[-79.551117,8.954939]]]}},{"type":"Feature","properties":{"name":null},"geometry":{"type":"Polygon","coordinates":[[[-79.551109,8.954555],[-79.551012,8.954558],[-79.551004,8.954216],[-79.551117,8.954224],[-79.551109,8.954555]]]}},{"type":"Feature","properties":{"name":null},"geometry":{"type":"Polygon","coordinates":[[[-79.550803,8.952978],[-79.550726,8.953047],[-79.5506,8.952909],[-79.550677,8.95284],[-79.550803,8.952978]]]}},{"type":"Feature","properties":{"name":null},"geometry":{"type":"Polygon","coordinates":[[[-79.551117,8.953561],[-79.551018,8.953564],[-79.551004,8.953336],[-79.55112,8.953339],[-79.551117,8.953561]]]}},{"type":"Feature","properties":{"name":null},"geometry":{"type":"Polygon","coordinates":[[[-79.552125,8.953449],[-79.551986,8.953449],[-79.551997,8.953332],[-79.552136,8.953332],[-79.552125,8.953449]]]}},{"type":"Feature","properties":{"name":null},"geometry":{"type":"Polygon","coordinates":[[[-79.551868,8.953422],[-79.551822,8.953542],[-79.551734,8.953505],[-79.551782,8.953393],[-79.551868,8.953422]]]}},{"type":"Feature","properties":{"name":null},"geometry":{"type":"Polygon","coordinates":[[[-79.551466,8.954149],[-79.551332,8.95415],[-79.551326,8.953476],[-79.551461,8.953475],[-79.551466,8.954149]]]}},{"type":"Feature","properties":{"name":null},"geometry":{"type":"Polygon","coordinates":[[[-79.548275,8.953147],[-79.548181,8.953226],[-79.548094,8.953126],[-79.548174,8.953041],[-79.548275,8.953147]]]}},{"type":"Feature","properties":{"name":null},"geometry":{"type":"Polygon","coordinates":[[[-79.54832,8.952978],[-79.548221,8.95302],[-79.548182,8.952933],[-79.54828,8.952888],[-79.54832,8.952978]]]}},{"type":"Feature","properties":{"name":null},"geometry":{"type":"Polygon","coordinates":[[[-79.548293,8.952802],[-79.548182,8.952933],[-79.548086,8.952845],[-79.548196,8.952728],[-79.548293,8.952802]]]}},{"type":"Feature","properties":{"name":null},"geometry":{"type":"Polygon","coordinates":[[[-79.548013,8.953119],[-79.548031,8.953122],[-79.548046,8.953131],[-79.548057,8.953144],[-79.548063,8.953161],[-79.548063,8.953178],[-79.548057,8.953194],[-79.548045,8.953208],[-79.548031,8.953216],[-79.548016,8.953219],[-79.548,8.953218],[-79.547985,8.953212],[-79.547973,8.953201],[-79.547965,8.953187],[-79.547962,8.953172],[-79.547963,8.953156],[-79.54797,8.953142],[-79.547981,8.95313],[-79.547996,8.953121],[-79.548013,8.953119]]]}},{"type":"Feature","properties":{"name":null},"geometry":{"type":"Polygon","coordinates":[[[-79.547902,8.953033],[-79.547749,8.953153],[-79.547671,8.953056],[-79.547824,8.952936],[-79.547902,8.953033]]]}},{"type":"Feature","properties":{"name":null},"geometry":{"type":"Polygon","coordinates":[[[-79.547736,8.953181],[-79.547633,8.953269],[-79.547568,8.953242],[-79.547558,8.953189],[-79.547664,8.953099],[-79.547736,8.953181]]]}},{"type":"Feature","properties":{"name":null},"geometry":{"type":"Polygon","coordinates":[[[-79.547938,8.953361],[-79.547866,8.953253],[-79.547779,8.95331],[-79.547851,8.953418],[-79.547938,8.953361]]]}},{"type":"Feature","properties":{"name":null},"geometry":{"type":"Polygon","coordinates":[[[-79.551167,8.955511],[-79.550995,8.955523],[-79.551024,8.955896],[-79.551123,8.955888],[-79.551109,8.955698],[-79.551179,8.955661],[-79.551167,8.955511]]]}},{"type":"Feature","properties":{"name":null},"geometry":{"type":"Polygon","coordinates":[[[-79.551184,8.956148],[-79.551112,8.956185],[-79.551065,8.956095],[-79.551138,8.956058],[-79.551184,8.956148]]]}},{"type":"Feature","properties":{"name":null},"geometry":{"type":"Polygon","coordinates":[[[-79.551292,8.956511],[-79.551201,8.956217],[-79.551086,8.956255],[-79.551191,8.956557],[-79.551292,8.956511]]]}},{"type":"Feature","properties":{"name":null},"geometry":{"type":"Polygon","coordinates":[[[-79.5533,8.95528],[-79.553236,8.955386],[-79.553343,8.955449],[-79.553408,8.955386],[-79.5533,8.95528]]]}},{"type":"Feature","properties":{"name":null},"geometry":{"type":"Polygon","coordinates":[[[-79.553252,8.955248],[-79.553124,8.955155],[-79.553077,8.955219],[-79.553182,8.955296],[-79.553252,8.955248]]]}},{"type":"Feature","properties":{"name":null},"geometry":{"type":"Polygon","coordinates":[[[-79.55246,8.959953],[-79.552383,8.960033],[-79.552286,8.959884],[-79.552335,8.959835],[-79.55246,8.959953]]]}},{"type":"Feature","properties":{"name":null},"geometry":{"type":"Polygon","coordinates":[[[-79.552371,8.959673],[-79.552269,8.959698],[-79.552222,8.959507],[-79.552324,8.959483],[-79.552371,8.959673]]]}},{"type":"Feature","properties":{"name":null},"geometry":{"type":"Polygon","coordinates":[[[-79.551589,8.959937],[-79.551487,8.959937],[-79.551487,8.959784],[-79.55157,8.959763],[-79.551589,8.959937]]]}},{"type":"Feature","properties":{"name":null},"geometry":{"type":"Polygon","coordinates":[[[-79.55164,8.959564],[-79.551511,8.959578],[-79.551493,8.959415],[-79.551622,8.959401],[-79.55164,8.959564]]]}},{"type":"Feature","properties":{"name":null},"geometry":{"type":"Polygon","coordinates":[[[-79.551643,8.959114],[-79.551531,8.959124],[-79.551518,8.958988],[-79.55163,8.958978],[-79.551643,8.959114]]]}},{"type":"Feature","properties":{"name":null},"geometry":{"type":"Polygon","coordinates":[[[-79.551697,8.958757],[-79.55158,8.95873],[-79.551625,8.958541],[-79.551742,8.958568],[-79.551697,8.958757]]]}},{"type":"Feature","properties":{"name":null},"geometry":{"type":"Polygon","coordinates":[[[-79.551733,8.961207],[-79.551708,8.961062],[-79.551783,8.961049],[-79.551769,8.960969],[-79.551823,8.96096],[-79.551805,8.960857],[-79.551519,8.960906],[-79.55155,8.961093],[-79.551599,8.961084],[-79.551624,8.961225],[-79.551733,8.961207]]]}},{"type":"Feature","properties":{"name":null},"geometry":{"type":"Polygon","coordinates":[[[-79.547551,8.958009],[-79.547441,8.958043],[-79.547365,8.957807],[-79.547432,8.957786],[-79.547458,8.957818],[-79.547539,8.957813],[-79.547563,8.957888],[-79.547517,8.957902],[-79.547551,8.958009]]]}},{"type":"Feature","properties":{"name":null},"geometry":{"type":"Polygon","coordinates":[[[-79.547488,8.958121],[-79.547366,8.958061],[-79.547305,8.958202],[-79.547438,8.958262],[-79.547488,8.958121]]]}},{"type":"Feature","properties":{"name":null},"geometry":{"type":"Polygon","coordinates":[[[-79.54687,8.958291],[-79.546806,8.958402],[-79.546629,8.958301],[-79.546693,8.958191],[-79.54687,8.958291]]]}},{"type":"Feature","properties":{"name":null},"geometry":{"type":"Polygon","coordinates":[[[-79.546869,8.958094],[-79.546749,8.958095],[-79.546748,8.957967],[-79.546785,8.957967],[-79.546784,8.957845],[-79.546746,8.957846],[-79.546744,8.95775],[-79.546864,8.957748],[-79.546869,8.958094]]]}},{"type":"Feature","properties":{"name":null},"geometry":{"type":"Polygon","coordinates":[[[-79.546436,8.958382],[-79.546308,8.95846],[-79.546236,8.958345],[-79.54629,8.958313],[-79.546252,8.958252],[-79.546326,8.958206],[-79.546436,8.958382]]]}},{"type":"Feature","properties":{"name":null},"geometry":{"type":"Polygon","coordinates":[[[-79.546702,8.958562],[-79.546614,8.958671],[-79.546403,8.95855],[-79.546415,8.958531],[-79.546396,8.95852],[-79.546377,8.958493],[-79.546399,8.958459],[-79.546445,8.958464],[-79.546479,8.958427],[-79.546702,8.958562]]]}},{"type":"Feature","properties":{"name":null},"geometry":{"type":"Polygon","coordinates":[[[-79.546159,8.955626],[-79.546046,8.955673],[-79.5461,8.9558],[-79.546213,8.955752],[-79.546159,8.955626]]]}},{"type":"Feature","properties":{"name":null},"geometry":{"type":"Polygon","coordinates":[[[-79.546328,8.955896],[-79.546205,8.955956],[-79.546244,8.956033],[-79.546367,8.955974],[-79.546328,8.955896]]]}},{"type":"Feature","properties":{"name":null},"geometry":{"type":"Polygon","coordinates":[[[-79.545986,8.956035],[-79.545857,8.956094],[-79.545943,8.956263],[-79.54605,8.956194],[-79.545986,8.956035]]]}},{"type":"Feature","properties":{"name":null},"geometry":{"type":"Polygon","coordinates":[[[-79.546147,8.957371],[-79.546045,8.957417],[-79.545941,8.957188],[-79.546043,8.957143],[-79.546147,8.957371]]]}},{"type":"Feature","properties":{"name":null},"geometry":{"type":"Polygon","coordinates":[[[-79.545931,8.956461],[-79.545858,8.956477],[-79.545906,8.956685],[-79.545979,8.956668],[-79.545931,8.956461]]]}},{"type":"Feature","properties":{"name":null},"geometry":{"type":"Polygon","coordinates":[[[-79.545809,8.957435],[-79.5457,8.957474],[-79.545617,8.957247],[-79.545727,8.957208],[-79.545809,8.957435]]]}},{"type":"Feature","properties":{"name":null},"geometry":{"type":"Polygon","coordinates":[[[-79.54538,8.956873],[-79.545263,8.956779],[-79.545187,8.956873],[-79.545283,8.956894],[-79.54538,8.956873]]]}},{"type":"Feature","properties":{"name":null},"geometry":{"type":"Polygon","coordinates":[[[-79.544811,8.957403],[-79.544759,8.957479],[-79.54454,8.957329],[-79.544592,8.957254],[-79.544811,8.957403]]]}},{"type":"Feature","properties":{"name":null},"geometry":{"type":"Polygon","coordinates":[[[-79.543739,8.959107],[-79.543781,8.959097],[-79.543797,8.959127],[-79.54383,8.959108],[-79.543859,8.959077],[-79.543886,8.959035],[-79.543894,8.958985],[-79.543885,8.958935],[-79.543859,8.958892],[-79.543836,8.958872],[-79.54381,8.958897],[-79.543787,8.95888],[-79.543756,8.95887],[-79.543736,8.958868],[-79.543713,8.958869],[-79.543692,8.958874],[-79.543671,8.958884],[-79.543653,8.958897],[-79.543636,8.958915],[-79.543623,8.958935],[-79.543615,8.958957],[-79.543611,8.95898],[-79.543612,8.959003],[-79.543617,8.959024],[-79.543635,8.959059],[-79.543664,8.959086],[-79.543699,8.959103],[-79.543739,8.959107]]]}},{"type":"Feature","properties":{"name":null},"geometry":{"type":"Polygon","coordinates":[[[-79.543718,8.959493],[-79.543574,8.959469],[-79.543601,8.959315],[-79.543745,8.959339],[-79.543718,8.959493]]]}},{"type":"Feature","properties":{"name":null},"geometry":{"type":"Polygon","coordinates":[[[-79.54395,8.959203],[-79.543788,8.95918],[-79.543791,8.95916],[-79.543643,8.959139],[-79.543627,8.959254],[-79.543936,8.959297],[-79.54395,8.959203]]]}},{"type":"Feature","properties":{"name":null},"geometry":{"type":"Polygon","coordinates":[[[-79.544668,8.959207],[-79.544549,8.959264],[-79.5445,8.959163],[-79.544515,8.959157],[-79.544457,8.959038],[-79.544561,8.958988],[-79.544668,8.959207]]]}},{"type":"Feature","properties":{"name":null},"geometry":{"type":"Polygon","coordinates":[[[-79.543994,8.958836],[-79.543938,8.958854],[-79.543964,8.95893],[-79.544019,8.958912],[-79.543994,8.958836]]]}},{"type":"Feature","properties":{"name":null},"geometry":{"type":"Polygon","coordinates":[[[-79.544334,8.959154],[-79.544205,8.959135],[-79.544188,8.95925],[-79.544317,8.959269],[-79.544334,8.959154]]]}},{"type":"Feature","properties":{"name":"Club de Tenis de Mesa YMCA"},"geometry":{"type":"Polygon","coordinates":[[[-79.544757,8.959639],[-79.544591,8.959593],[-79.544621,8.959486],[-79.544787,8.959532],[-79.544757,8.959639]]]}},{"type":"Feature","properties":{"name":null},"geometry":{"type":"Polygon","coordinates":[[[-79.544882,8.960959],[-79.544465,8.960995],[-79.544437,8.960678],[-79.544647,8.960659],[-79.544654,8.960737],[-79.544861,8.960719],[-79.544882,8.960959]]]}},{"type":"Feature","properties":{"name":null},"geometry":{"type":"Polygon","coordinates":[[[-79.544813,8.961048],[-79.544527,8.961092],[-79.544518,8.961036],[-79.544804,8.960991],[-79.544813,8.961048]]]}},{"type":"Feature","properties":{"name":null},"geometry":{"type":"Polygon","coordinates":[[[-79.545115,8.961217],[-79.544927,8.961193],[-79.544943,8.961067],[-79.545132,8.961092],[-79.545115,8.961217]]]}},{"type":"Feature","properties":{"name":null},"geometry":{"type":"Polygon","coordinates":[[[-79.545078,8.961383],[-79.545036,8.961516],[-79.544916,8.961478],[-79.544989,8.961251],[-79.545055,8.961298],[-79.545083,8.96126],[-79.54521,8.961349],[-79.545166,8.96141],[-79.545078,8.961383]]]}},{"type":"Feature","properties":{"name":null},"geometry":{"type":"Polygon","coordinates":[[[-79.544403,8.961621],[-79.54429,8.961637],[-79.544336,8.96195],[-79.544449,8.961934],[-79.544403,8.961621]]]}},{"type":"Feature","properties":{"name":null},"geometry":{"type":"Polygon","coordinates":[[[-79.545015,8.962251],[-79.544811,8.962218],[-79.544794,8.962319],[-79.544818,8.962323],[-79.544998,8.962353],[-79.545015,8.962251]]]}},{"type":"Feature","properties":{"name":null},"geometry":{"type":"Polygon","coordinates":[[[-79.545308,8.962117],[-79.545195,8.962092],[-79.545169,8.962209],[-79.545095,8.962193],[-79.545076,8.962278],[-79.545263,8.962319],[-79.545308,8.962117]]]}},{"type":"Feature","properties":{"name":null},"geometry":{"type":"Polygon","coordinates":[[[-79.545806,8.962315],[-79.545696,8.962442],[-79.545589,8.962351],[-79.545698,8.962224],[-79.545806,8.962315]]]}},{"type":"Feature","properties":{"name":null},"geometry":{"type":"Polygon","coordinates":[[[-79.54575,8.962412],[-79.545779,8.962438],[-79.545691,8.962531],[-79.545659,8.962518],[-79.545581,8.962597],[-79.545491,8.96251],[-79.545603,8.962396],[-79.545696,8.962442],[-79.54575,8.962412]]]}},{"type":"Feature","properties":{"name":null},"geometry":{"type":"Polygon","coordinates":[[[-79.546137,8.962404],[-79.546012,8.962348],[-79.545946,8.962494],[-79.546071,8.96255],[-79.546137,8.962404]]]}},{"type":"Feature","properties":{"name":null},"geometry":{"type":"Polygon","coordinates":[[[-79.546928,8.959624],[-79.546797,8.959685],[-79.546645,8.959367],[-79.546776,8.959305],[-79.546928,8.959624]]]}},{"type":"Feature","properties":{"name":null},"geometry":{"type":"Polygon","coordinates":[[[-79.547275,8.960269],[-79.547135,8.960327],[-79.546993,8.959997],[-79.547134,8.959938],[-79.547275,8.960269]]]}},{"type":"Feature","properties":{"name":null},"geometry":{"type":"Polygon","coordinates":[[[-79.546928,8.960373],[-79.546711,8.960462],[-79.546542,8.960056],[-79.54673,8.95998],[-79.546774,8.960087],[-79.546684,8.960123],[-79.546759,8.960302],[-79.546878,8.960253],[-79.546928,8.960373]]]}},{"type":"Feature","properties":{"name":null},"geometry":{"type":"Polygon","coordinates":[[[-79.546136,8.961735],[-79.545987,8.961771],[-79.545808,8.961064],[-79.545649,8.960966],[-79.545712,8.960866],[-79.545947,8.961011],[-79.546136,8.961735]]]}},{"type":"Feature","properties":{"name":null},"geometry":{"type":"Polygon","coordinates":[[[-79.547016,8.962279],[-79.546849,8.962215],[-79.546775,8.962406],[-79.546941,8.96247],[-79.547016,8.962279]]]}},{"type":"Feature","properties":{"name":null},"geometry":{"type":"Polygon","coordinates":[[[-79.546796,8.962234],[-79.54672,8.962396],[-79.546555,8.962321],[-79.546631,8.962158],[-79.546796,8.962234]]]}},{"type":"Feature","properties":{"name":null},"geometry":{"type":"Polygon","coordinates":[[[-79.546575,8.962169],[-79.546503,8.962314],[-79.546347,8.962239],[-79.546418,8.962094],[-79.546575,8.962169]]]}},{"type":"Feature","properties":{"name":"Ministerio Salud / Consejo Técnico de Salud"},"geometry":{"type":"Polygon","coordinates":[[[-79.545998,8.960485],[-79.545903,8.960434],[-79.546095,8.960086],[-79.546547,8.959685],[-79.546647,8.959802],[-79.546742,8.959919],[-79.546701,8.959948],[-79.546611,8.959833],[-79.546588,8.959806],[-79.546188,8.960144],[-79.545998,8.960485]]]}},{"type":"Feature","properties":{"name":null},"geometry":{"type":"Polygon","coordinates":[[[-79.544381,8.961032],[-79.544199,8.961042],[-79.544182,8.960645],[-79.544322,8.960634],[-79.544381,8.961032]]]}},{"type":"Feature","properties":{"name":null},"geometry":{"type":"Polygon","coordinates":[[[-79.543298,8.95979],[-79.543111,8.959897],[-79.543143,8.959951],[-79.54333,8.959845],[-79.543298,8.95979]]]}},{"type":"Feature","properties":{"name":null},"geometry":{"type":"Polygon","coordinates":[[[-79.543181,8.959812],[-79.543158,8.959772],[-79.543056,8.959829],[-79.543067,8.959877],[-79.543181,8.959812]]]}},{"type":"Feature","properties":{"name":null},"geometry":{"type":"Polygon","coordinates":[[[-79.549279,8.963273],[-79.549129,8.96328],[-79.549121,8.963115],[-79.549271,8.963108],[-79.549279,8.963273]]]}},{"type":"Feature","properties":{"name":null},"geometry":{"type":"Polygon","coordinates":[[[-79.549046,8.963359],[-79.5489,8.963369],[-79.548888,8.9632],[-79.549034,8.963191],[-79.549046,8.963359]]]}},{"type":"Feature","properties":{"name":null},"geometry":{"type":"Polygon","coordinates":[[[-79.548779,8.96327],[-79.548634,8.963272],[-79.548632,8.963119],[-79.548777,8.963117],[-79.548779,8.96327]]]}},{"type":"Feature","properties":{"name":null},"geometry":{"type":"Polygon","coordinates":[[[-79.549389,8.963019],[-79.549237,8.96302],[-79.549236,8.962865],[-79.549387,8.962864],[-79.549389,8.963019]]]}},{"type":"Feature","properties":{"name":null},"geometry":{"type":"Polygon","coordinates":[[[-79.549162,8.96302],[-79.54902,8.963028],[-79.549011,8.962873],[-79.549153,8.962865],[-79.549162,8.96302]]]}},{"type":"Feature","properties":{"name":null},"geometry":{"type":"Polygon","coordinates":[[[-79.548878,8.963044],[-79.548745,8.963048],[-79.54874,8.962864],[-79.548873,8.96286],[-79.548878,8.963044]]]}},{"type":"Feature","properties":{"name":null},"geometry":{"type":"Polygon","coordinates":[[[-79.54945,8.962756],[-79.549305,8.962757],[-79.549304,8.962605],[-79.549449,8.962604],[-79.54945,8.962756]]]}},{"type":"Feature","properties":{"name":null},"geometry":{"type":"Polygon","coordinates":[[[-79.549245,8.96274],[-79.549095,8.962747],[-79.549086,8.962567],[-79.549236,8.962559],[-79.549245,8.96274]]]}},{"type":"Feature","properties":{"name":null},"geometry":{"type":"Polygon","coordinates":[[[-79.548998,8.962745],[-79.548863,8.962748],[-79.548858,8.962551],[-79.548994,8.962548],[-79.548998,8.962745]]]}},{"type":"Feature","properties":{"name":null},"geometry":{"type":"Polygon","coordinates":[[[-79.550862,8.962247],[-79.550784,8.962376],[-79.550674,8.96231],[-79.550752,8.962181],[-79.550862,8.962247]]]}},{"type":"Feature","properties":{"name":null},"geometry":{"type":"Polygon","coordinates":[[[-79.55069,8.962554],[-79.550557,8.962644],[-79.550441,8.962476],[-79.550575,8.962387],[-79.55069,8.962554]]]}},{"type":"Feature","properties":{"name":null},"geometry":{"type":"Polygon","coordinates":[[[-79.550493,8.962734],[-79.550356,8.962824],[-79.550255,8.962673],[-79.550391,8.962583],[-79.550493,8.962734]]]}},{"type":"Feature","properties":{"name":null},"geometry":{"type":"Polygon","coordinates":[[[-79.550179,8.962846],[-79.550006,8.962824],[-79.550026,8.962668],[-79.550199,8.96269],[-79.550179,8.962846]]]}},{"type":"Feature","properties":{"name":null},"geometry":{"type":"Polygon","coordinates":[[[-79.549908,8.962639],[-79.549854,8.962772],[-79.549728,8.962722],[-79.549782,8.962589],[-79.549908,8.962639]]]}},{"type":"Feature","properties":{"name":null},"geometry":{"type":"Polygon","coordinates":[[[-79.551003,8.963126],[-79.550909,8.963131],[-79.550906,8.963065],[-79.550859,8.963068],[-79.550853,8.962955],[-79.550994,8.962947],[-79.551003,8.963126]]]}},{"type":"Feature","properties":{"name":null},"geometry":{"type":"Polygon","coordinates":[[[-79.551219,8.96334],[-79.551097,8.963339],[-79.551098,8.963208],[-79.551221,8.963209],[-79.551219,8.96334]]]}},{"type":"Feature","properties":{"name":null},"geometry":{"type":"Polygon","coordinates":[[[-79.550837,8.963164],[-79.550778,8.963225],[-79.550732,8.963191],[-79.550638,8.963283],[-79.550558,8.963215],[-79.550722,8.963061],[-79.550837,8.963164]]]}},{"type":"Feature","properties":{"name":null},"geometry":{"type":"Polygon","coordinates":[[[-79.550722,8.963406],[-79.550661,8.963423],[-79.550676,8.963477],[-79.550576,8.963505],[-79.550535,8.963362],[-79.550696,8.963317],[-79.550722,8.963406]]]}},{"type":"Feature","properties":{"name":null},"geometry":{"type":"Polygon","coordinates":[[[-79.55091,8.963615],[-79.55074,8.963615],[-79.55074,8.963503],[-79.55091,8.963503],[-79.55091,8.963615]]]}},{"type":"Feature","properties":{"name":null},"geometry":{"type":"Polygon","coordinates":[[[-79.551462,8.963575],[-79.551363,8.963572],[-79.551366,8.963464],[-79.551277,8.963462],[-79.551281,8.96333],[-79.551469,8.963335],[-79.551462,8.963575]]]}},{"type":"Feature","properties":{"name":null},"geometry":{"type":"Polygon","coordinates":[[[-79.551598,8.963781],[-79.55146,8.963778],[-79.551464,8.963611],[-79.551602,8.963614],[-79.551598,8.963781]]]}},{"type":"Feature","properties":{"name":null},"geometry":{"type":"Polygon","coordinates":[[[-79.551642,8.964052],[-79.551525,8.964028],[-79.551556,8.963885],[-79.551672,8.963909],[-79.551642,8.964052]]]}},{"type":"Feature","properties":{"name":null},"geometry":{"type":"Polygon","coordinates":[[[-79.551313,8.963924],[-79.551247,8.963964],[-79.551154,8.963813],[-79.551265,8.963746],[-79.551317,8.96383],[-79.551272,8.963857],[-79.551313,8.963924]]]}},{"type":"Feature","properties":{"name":null},"geometry":{"type":"Polygon","coordinates":[[[-79.550998,8.963862],[-79.550878,8.963785],[-79.550824,8.963868],[-79.550944,8.963944],[-79.550998,8.963862]]]}},{"type":"Feature","properties":{"name":null},"geometry":{"type":"Polygon","coordinates":[[[-79.552061,8.964368],[-79.552059,8.96427],[-79.551786,8.964274],[-79.551787,8.964372],[-79.552061,8.964368]]]}},{"type":"Feature","properties":{"name":null},"geometry":{"type":"Polygon","coordinates":[[[-79.551425,8.964192],[-79.551306,8.964277],[-79.55118,8.964105],[-79.551298,8.96402],[-79.551425,8.964192]]]}},{"type":"Feature","properties":{"name":null},"geometry":{"type":"Polygon","coordinates":[[[-79.551102,8.963965],[-79.550984,8.964086],[-79.551071,8.964168],[-79.551189,8.964047],[-79.551102,8.963965]]]}},{"type":"Feature","properties":{"name":null},"geometry":{"type":"Polygon","coordinates":[[[-79.552174,8.964082],[-79.552036,8.96397],[-79.55194,8.964085],[-79.552078,8.964197],[-79.552174,8.964082]]]}},{"type":"Feature","properties":{"name":null},"geometry":{"type":"Polygon","coordinates":[[[-79.55215,8.964602],[-79.551922,8.964693],[-79.551881,8.964593],[-79.552109,8.964502],[-79.55215,8.964602]]]}},{"type":"Feature","properties":{"name":null},"geometry":{"type":"Polygon","coordinates":[[[-79.55174,8.964583],[-79.551687,8.964668],[-79.551471,8.964536],[-79.551523,8.964451],[-79.55174,8.964583]]]}},{"type":"Feature","properties":{"name":null},"geometry":{"type":"Polygon","coordinates":[[[-79.552633,8.964405],[-79.552584,8.964278],[-79.552378,8.964356],[-79.552427,8.964482],[-79.552633,8.964405]]]}},{"type":"Feature","properties":{"name":null},"geometry":{"type":"Polygon","coordinates":[[[-79.552724,8.96397],[-79.552631,8.96415],[-79.552431,8.964049],[-79.552523,8.96387],[-79.552724,8.96397]]]}},{"type":"Feature","properties":{"name":null},"geometry":{"type":"Polygon","coordinates":[[[-79.55292,8.964115],[-79.552806,8.964217],[-79.552703,8.964105],[-79.552817,8.964003],[-79.55292,8.964115]]]}},{"type":"Feature","properties":{"name":null},"geometry":{"type":"Polygon","coordinates":[[[-79.550417,8.963633],[-79.550283,8.96363],[-79.550286,8.9635],[-79.550419,8.963503],[-79.550417,8.963633]]]}},{"type":"Feature","properties":{"name":null},"geometry":{"type":"Polygon","coordinates":[[[-79.549892,8.963579],[-79.549798,8.963591],[-79.549788,8.96362],[-79.549684,8.963625],[-79.549674,8.963601],[-79.549483,8.963626],[-79.549467,8.963501],[-79.549876,8.963449],[-79.549892,8.963579]]]}},{"type":"Feature","properties":{"name":null},"geometry":{"type":"Polygon","coordinates":[[[-79.54588,8.962822],[-79.545743,8.963001],[-79.545573,8.962874],[-79.545709,8.962695],[-79.54588,8.962822]]]}},{"type":"Feature","properties":{"name":null},"geometry":{"type":"Polygon","coordinates":[[[-79.545687,8.963064],[-79.545614,8.963235],[-79.545432,8.963159],[-79.545505,8.962988],[-79.545687,8.963064]]]}},{"type":"Feature","properties":{"name":null},"geometry":{"type":"Polygon","coordinates":[[[-79.546361,8.963471],[-79.5462,8.963477],[-79.54619,8.963212],[-79.546351,8.963206],[-79.546361,8.963471]]]}},{"type":"Feature","properties":{"name":null},"geometry":{"type":"Polygon","coordinates":[[[-79.546719,8.963354],[-79.546634,8.963397],[-79.54664,8.963445],[-79.546561,8.963487],[-79.546449,8.963283],[-79.546532,8.963238],[-79.546581,8.96327],[-79.546657,8.963232],[-79.546719,8.963354]]]}},{"type":"Feature","properties":{"name":null},"geometry":{"type":"Polygon","coordinates":[[[-79.546896,8.963623],[-79.546793,8.963677],[-79.546704,8.963513],[-79.546822,8.963487],[-79.546896,8.963623]]]}},{"type":"Feature","properties":{"name":null},"geometry":{"type":"Polygon","coordinates":[[[-79.547013,8.963894],[-79.546859,8.963944],[-79.546789,8.963733],[-79.546943,8.963683],[-79.547013,8.963894]]]}},{"type":"Feature","properties":{"name":null},"geometry":{"type":"Polygon","coordinates":[[[-79.54716,8.964448],[-79.546909,8.964487],[-79.546879,8.9643],[-79.54713,8.964261],[-79.54716,8.964448]]]}},{"type":"Feature","properties":{"name":null},"geometry":{"type":"Polygon","coordinates":[[[-79.547418,8.963991],[-79.547287,8.964047],[-79.547124,8.963673],[-79.547254,8.963617],[-79.547418,8.963991]]]}},{"type":"Feature","properties":{"name":null},"geometry":{"type":"Polygon","coordinates":[[[-79.547297,8.963541],[-79.547146,8.963605],[-79.547055,8.963395],[-79.547206,8.963331],[-79.547297,8.963541]]]}},{"type":"Feature","properties":{"name":null},"geometry":{"type":"Polygon","coordinates":[[[-79.547166,8.963292],[-79.547007,8.963334],[-79.546964,8.963174],[-79.547122,8.963132],[-79.547166,8.963292]]]}},{"type":"Feature","properties":{"name":null},"geometry":{"type":"Polygon","coordinates":[[[-79.547077,8.963086],[-79.546836,8.963096],[-79.54683,8.962922],[-79.547071,8.962913],[-79.547077,8.963086]]]}},{"type":"Feature","properties":{"name":null},"geometry":{"type":"Polygon","coordinates":[[[-79.546619,8.963133],[-79.546469,8.963136],[-79.546462,8.962882],[-79.546612,8.962878],[-79.546619,8.963133]]]}},{"type":"Feature","properties":{"name":null},"geometry":{"type":"Polygon","coordinates":[[[-79.54668,8.962517],[-79.54659,8.962741],[-79.546411,8.962672],[-79.546501,8.962447],[-79.54668,8.962517]]]}},{"type":"Feature","properties":{"name":null},"geometry":{"type":"Polygon","coordinates":[[[-79.546387,8.9631],[-79.546152,8.9631],[-79.546152,8.962905],[-79.546387,8.962905],[-79.546387,8.9631]]]}},{"type":"Feature","properties":{"name":null},"geometry":{"type":"Polygon","coordinates":[[[-79.547709,8.962857],[-79.547609,8.962939],[-79.547434,8.962729],[-79.547534,8.962648],[-79.547709,8.962857]]]}},{"type":"Feature","properties":{"name":null},"geometry":{"type":"Polygon","coordinates":[[[-79.546814,8.964379],[-79.546709,8.964576],[-79.546526,8.964482],[-79.546631,8.964284],[-79.546814,8.964379]]]}},{"type":"Feature","properties":{"name":null},"geometry":{"type":"Polygon","coordinates":[[[-79.547865,8.964878],[-79.547651,8.964878],[-79.547651,8.96465],[-79.547865,8.96465],[-79.547865,8.964878]]]}},{"type":"Feature","properties":{"name":null},"geometry":{"type":"Polygon","coordinates":[[[-79.548413,8.964825],[-79.548169,8.964822],[-79.548171,8.964655],[-79.548415,8.964658],[-79.548413,8.964825]]]}},{"type":"Feature","properties":{"name":null},"geometry":{"type":"Polygon","coordinates":[[[-79.547597,8.964883],[-79.547419,8.964879],[-79.547423,8.964738],[-79.5476,8.964742],[-79.547597,8.964883]]]}},{"type":"Feature","properties":{"name":null},"geometry":{"type":"Polygon","coordinates":[[[-79.548155,8.963571],[-79.548032,8.963652],[-79.547924,8.96349],[-79.548047,8.96341],[-79.548155,8.963571]]]}},{"type":"Feature","properties":{"name":null},"geometry":{"type":"Polygon","coordinates":[[[-79.547973,8.963326],[-79.547871,8.963392],[-79.547787,8.963264],[-79.547889,8.963199],[-79.547973,8.963326]]]}},{"type":"Feature","properties":{"name":null},"geometry":{"type":"Polygon","coordinates":[[[-79.54781,8.963062],[-79.547728,8.963109],[-79.54764,8.962958],[-79.547722,8.962911],[-79.54781,8.963062]]]}},{"type":"Feature","properties":{"name":null},"geometry":{"type":"Polygon","coordinates":[[[-79.548312,8.963928],[-79.548172,8.963986],[-79.548091,8.963795],[-79.548231,8.963738],[-79.548312,8.963928]]]}},{"type":"Feature","properties":{"name":null},"geometry":{"type":"Polygon","coordinates":[[[-79.54809,8.964546],[-79.547919,8.964509],[-79.547958,8.964333],[-79.548129,8.96437],[-79.54809,8.964546]]]}},{"type":"Feature","properties":{"name":null},"geometry":{"type":"Polygon","coordinates":[[[-79.547945,8.964249],[-79.54782,8.964279],[-79.547767,8.964061],[-79.547892,8.964031],[-79.547945,8.964249]]]}},{"type":"Feature","properties":{"name":null},"geometry":{"type":"Polygon","coordinates":[[[-79.552607,8.962944],[-79.552482,8.963081],[-79.552429,8.963034],[-79.552356,8.963115],[-79.552235,8.963008],[-79.552088,8.963171],[-79.551982,8.963077],[-79.552049,8.963004],[-79.552019,8.962955],[-79.552377,8.962739],[-79.552607,8.962944]]]}},{"type":"Feature","properties":{"name":null},"geometry":{"type":"Polygon","coordinates":[[[-79.55235,8.963337],[-79.552135,8.963311],[-79.552095,8.963636],[-79.55231,8.963663],[-79.55235,8.963337]]]}},{"type":"Feature","properties":{"name":null},"geometry":{"type":"Polygon","coordinates":[[[-79.554465,8.96125],[-79.554383,8.961333],[-79.554247,8.961202],[-79.554329,8.961119],[-79.554465,8.96125]]]}},{"type":"Feature","properties":{"name":null},"geometry":{"type":"Polygon","coordinates":[[[-79.55464,8.961387],[-79.554544,8.961478],[-79.554416,8.961345],[-79.554512,8.961255],[-79.55464,8.961387]]]}},{"type":"Feature","properties":{"name":null},"geometry":{"type":"Polygon","coordinates":[[[-79.554606,8.962041],[-79.554511,8.962009],[-79.554538,8.961932],[-79.554518,8.961925],[-79.554539,8.961863],[-79.554558,8.961869],[-79.554603,8.961737],[-79.554698,8.961768],[-79.554606,8.962041]]]}},{"type":"Feature","properties":{"name":null},"geometry":{"type":"Polygon","coordinates":[[[-79.554064,8.962221],[-79.553907,8.962171],[-79.553956,8.962022],[-79.554113,8.962072],[-79.554064,8.962221]]]}},{"type":"Feature","properties":{"name":null},"geometry":{"type":"Polygon","coordinates":[[[-79.553836,8.961504],[-79.553715,8.961507],[-79.55371,8.961305],[-79.553831,8.961302],[-79.553836,8.961504]]]}},{"type":"Feature","properties":{"name":null},"geometry":{"type":"Polygon","coordinates":[[[-79.55375,8.961228],[-79.553605,8.961234],[-79.553598,8.961078],[-79.553743,8.961071],[-79.55375,8.961228]]]}},{"type":"Feature","properties":{"name":null},"geometry":{"type":"Polygon","coordinates":[[[-79.55365,8.961019],[-79.553508,8.961027],[-79.553498,8.960847],[-79.55364,8.960839],[-79.55365,8.961019]]]}},{"type":"Feature","properties":{"name":null},"geometry":{"type":"Polygon","coordinates":[[[-79.54997,8.96366],[-79.549856,8.963666],[-79.549853,8.963608],[-79.549916,8.963605],[-79.549913,8.963532],[-79.550016,8.963527],[-79.550021,8.963626],[-79.549968,8.963629],[-79.54997,8.96366]]]}},{"type":"Feature","properties":{"name":null},"geometry":{"type":"Polygon","coordinates":[[[-79.550482,8.964114],[-79.550189,8.964023],[-79.55022,8.963926],[-79.550513,8.964017],[-79.550482,8.964114]]]}},{"type":"Feature","properties":{"name":null},"geometry":{"type":"Polygon","coordinates":[[[-79.550553,8.964387],[-79.550494,8.964512],[-79.55027,8.964409],[-79.550329,8.964284],[-79.550553,8.964387]]]}},{"type":"Feature","properties":{"name":null},"geometry":{"type":"Polygon","coordinates":[[[-79.550098,8.964012],[-79.549892,8.964027],[-79.549884,8.963919],[-79.55009,8.963905],[-79.550098,8.964012]]]}},{"type":"Feature","properties":{"name":null},"geometry":{"type":"Polygon","coordinates":[[[-79.549746,8.964037],[-79.549522,8.964102],[-79.549483,8.963969],[-79.549707,8.963904],[-79.549746,8.964037]]]}},{"type":"Feature","properties":{"name":null},"geometry":{"type":"Polygon","coordinates":[[[-79.549403,8.964128],[-79.54918,8.964255],[-79.549099,8.964117],[-79.549321,8.96399],[-79.549403,8.964128]]]}},{"type":"Feature","properties":{"name":null},"geometry":{"type":"Polygon","coordinates":[[[-79.549067,8.964281],[-79.548822,8.964358],[-79.548785,8.964237],[-79.549016,8.964167],[-79.549067,8.964281]]]}},{"type":"Feature","properties":{"name":null},"geometry":{"type":"Polygon","coordinates":[[[-79.548702,8.964418],[-79.54849,8.964462],[-79.54846,8.964322],[-79.548672,8.964278],[-79.548702,8.964418]]]}},{"type":"Feature","properties":{"name":null},"geometry":{"type":"Polygon","coordinates":[[[-79.550194,8.964367],[-79.549939,8.964357],[-79.549945,8.964211],[-79.5502,8.964221],[-79.550194,8.964367]]]}},{"type":"Feature","properties":{"name":null},"geometry":{"type":"Polygon","coordinates":[[[-79.549859,8.964363],[-79.549621,8.964397],[-79.549601,8.964257],[-79.549839,8.964223],[-79.549859,8.964363]]]}},{"type":"Feature","properties":{"name":null},"geometry":{"type":"Polygon","coordinates":[[[-79.549551,8.964427],[-79.549325,8.964539],[-79.549258,8.964408],[-79.549484,8.964296],[-79.549551,8.964427]]]}},{"type":"Feature","properties":{"name":null},"geometry":{"type":"Polygon","coordinates":[[[-79.549005,8.964665],[-79.549222,8.964588],[-79.549174,8.964459],[-79.548962,8.964538],[-79.549005,8.964665]]]}},{"type":"Feature","properties":{"name":null},"geometry":{"type":"Polygon","coordinates":[[[-79.548937,8.964674],[-79.548706,8.964764],[-79.548656,8.964638],[-79.548887,8.964548],[-79.548937,8.964674]]]}},{"type":"Feature","properties":{"name":null},"geometry":{"type":"Polygon","coordinates":[[[-79.55188,8.964924],[-79.551675,8.964916],[-79.551676,8.964839],[-79.551769,8.964841],[-79.55177,8.964773],[-79.551882,8.964775],[-79.55188,8.96485],[-79.55188,8.964924]]]}},{"type":"Feature","properties":{"name":null},"geometry":{"type":"Polygon","coordinates":[[[-79.551632,8.964923],[-79.551335,8.964903],[-79.551346,8.964746],[-79.551643,8.964767],[-79.551632,8.964923]]]}},{"type":"Feature","properties":{"name":null},"geometry":{"type":"Polygon","coordinates":[[[-79.550836,8.965016],[-79.550627,8.965013],[-79.550629,8.964849],[-79.550838,8.964852],[-79.550836,8.965016]]]}},{"type":"Feature","properties":{"name":null},"geometry":{"type":"Polygon","coordinates":[[[-79.5505,8.964921],[-79.550267,8.964839],[-79.550305,8.964733],[-79.550538,8.964814],[-79.5505,8.964921]]]}},{"type":"Feature","properties":{"name":null},"geometry":{"type":"Polygon","coordinates":[[[-79.54988,8.964787],[-79.549604,8.964806],[-79.549594,8.964657],[-79.549869,8.964638],[-79.54988,8.964787]]]}},{"type":"Feature","properties":{"name":null},"geometry":{"type":"Polygon","coordinates":[[[-79.549496,8.964841],[-79.549292,8.964909],[-79.549248,8.964782],[-79.549452,8.964714],[-79.549496,8.964841]]]}},{"type":"Feature","properties":{"name":null},"geometry":{"type":"Polygon","coordinates":[[[-79.54919,8.964912],[-79.548996,8.964959],[-79.548971,8.964856],[-79.549165,8.96481],[-79.54919,8.964912]]]}},{"type":"Feature","properties":{"name":null},"geometry":{"type":"Polygon","coordinates":[[[-79.550188,8.964784],[-79.550011,8.964773],[-79.550016,8.964688],[-79.550193,8.964699],[-79.550188,8.964784]]]}},{"type":"Feature","properties":{"name":null},"geometry":{"type":"Polygon","coordinates":[[[-79.551368,8.965112],[-79.551526,8.965147],[-79.551502,8.965255],[-79.551427,8.965239],[-79.551421,8.965267],[-79.551337,8.965248],[-79.551368,8.965112]]]}},{"type":"Feature","properties":{"name":null},"geometry":{"type":"Polygon","coordinates":[[[-79.551138,8.965289],[-79.550983,8.965314],[-79.550957,8.965163],[-79.551113,8.965137],[-79.551138,8.965289]]]}},{"type":"Feature","properties":{"name":null},"geometry":{"type":"Polygon","coordinates":[[[-79.550802,8.965298],[-79.550583,8.965298],[-79.550583,8.96518],[-79.550803,8.965181],[-79.550802,8.965298]]]}},{"type":"Feature","properties":{"name":null},"geometry":{"type":"Polygon","coordinates":[[[-79.550438,8.965222],[-79.550205,8.965136],[-79.550244,8.965035],[-79.550476,8.965121],[-79.550438,8.965222]]]}},{"type":"Feature","properties":{"name":null},"geometry":{"type":"Polygon","coordinates":[[[-79.550139,8.965091],[-79.54989,8.965083],[-79.549894,8.964975],[-79.550142,8.964983],[-79.550139,8.965091]]]}},{"type":"Feature","properties":{"name":null},"geometry":{"type":"Polygon","coordinates":[[[-79.549671,8.965103],[-79.549426,8.965148],[-79.549406,8.965042],[-79.549651,8.964997],[-79.549671,8.965103]]]}},{"type":"Feature","properties":{"name":null},"geometry":{"type":"Polygon","coordinates":[[[-79.549321,8.965202],[-79.549113,8.965217],[-79.549106,8.965123],[-79.549315,8.965108],[-79.549321,8.965202]]]}},{"type":"Feature","properties":{"name":null},"geometry":{"type":"Polygon","coordinates":[[[-79.548994,8.965266],[-79.548747,8.965182],[-79.548785,8.965072],[-79.549032,8.965156],[-79.548994,8.965266]]]}},{"type":"Feature","properties":{"name":null},"geometry":{"type":"Polygon","coordinates":[[[-79.548379,8.965189],[-79.548092,8.965193],[-79.54809,8.965011],[-79.548377,8.965007],[-79.548379,8.965189]]]}},{"type":"Feature","properties":{"name":null},"geometry":{"type":"Polygon","coordinates":[[[-79.547631,8.965387],[-79.54742,8.965396],[-79.547405,8.965005],[-79.547615,8.964996],[-79.547631,8.965387]]]}},{"type":"Feature","properties":{"name":null},"geometry":{"type":"Polygon","coordinates":[[[-79.545996,8.962757],[-79.545767,8.962682],[-79.545804,8.962574],[-79.546032,8.962649],[-79.545996,8.962757]]]}},{"type":"Feature","properties":{"name":null},"geometry":{"type":"Polygon","coordinates":[[[-79.54721,8.962114],[-79.546945,8.962023],[-79.54699,8.961897],[-79.547254,8.961987],[-79.54721,8.962114]]]}},{"type":"Feature","properties":{"name":null},"geometry":{"type":"Polygon","coordinates":[[[-79.547219,8.957719],[-79.547094,8.957724],[-79.547005,8.957728],[-79.547,8.957608],[-79.547214,8.9576],[-79.547219,8.957719]]]}},{"type":"Feature","properties":{"name":null},"geometry":{"type":"Polygon","coordinates":[[[-79.543058,8.961515],[-79.542901,8.96152],[-79.54289,8.961156],[-79.543047,8.961151],[-79.543058,8.961515]]]}},{"type":"Feature","properties":{"name":null},"geometry":{"type":"Polygon","coordinates":[[[-79.543267,8.961516],[-79.543061,8.961494],[-79.543058,8.961515],[-79.543051,8.961591],[-79.543256,8.961612],[-79.543267,8.961516]]]}},{"type":"Feature","properties":{"name":null},"geometry":{"type":"Polygon","coordinates":[[[-79.553562,8.955069],[-79.553449,8.955204],[-79.553336,8.955111],[-79.553449,8.954977],[-79.553562,8.955069]]]}},{"type":"Feature","properties":{"name":null},"geometry":{"type":"Polygon","coordinates":[[[-79.553397,8.954937],[-79.553304,8.955057],[-79.553201,8.954979],[-79.553293,8.954858],[-79.553397,8.954937]]]}},{"type":"Feature","properties":{"name":null},"geometry":{"type":"Polygon","coordinates":[[[-79.553251,8.954789],[-79.553166,8.954914],[-79.553071,8.954851],[-79.553156,8.954726],[-79.553251,8.954789]]]}},{"type":"Feature","properties":{"name":null},"geometry":{"type":"Polygon","coordinates":[[[-79.554177,8.955522],[-79.554035,8.955502],[-79.554071,8.955248],[-79.554214,8.955268],[-79.554177,8.955522]]]}},{"type":"Feature","properties":{"name":null},"geometry":{"type":"Polygon","coordinates":[[[-79.555119,8.955605],[-79.554921,8.955565],[-79.554874,8.955787],[-79.555072,8.955827],[-79.555119,8.955605]]]}},{"type":"Feature","properties":{"name":null},"geometry":{"type":"Polygon","coordinates":[[[-79.554879,8.955556],[-79.554837,8.955763],[-79.554611,8.955718],[-79.554653,8.955511],[-79.554879,8.955556]]]}},{"type":"Feature","properties":{"name":null},"geometry":{"type":"Polygon","coordinates":[[[-79.554587,8.9555],[-79.554489,8.955478],[-79.554449,8.955657],[-79.554547,8.955678],[-79.554587,8.9555]]]}},{"type":"Feature","properties":{"name":null},"geometry":{"type":"Polygon","coordinates":[[[-79.554377,8.955408],[-79.554256,8.955384],[-79.554222,8.955552],[-79.554343,8.955575],[-79.554377,8.955408]]]}},{"type":"Feature","properties":{"name":"torre 5"},"geometry":{"type":"Polygon","coordinates":[[[-79.540251,8.951253],[-79.540047,8.951258],[-79.540043,8.951118],[-79.540247,8.951112],[-79.540251,8.951253]]]}},{"type":"Feature","properties":{"name":"torre 4"},"geometry":{"type":"Polygon","coordinates":[[[-79.540003,8.950942],[-79.540022,8.951144],[-79.539886,8.951156],[-79.539868,8.950954],[-79.540003,8.950942]]]}},{"type":"Feature","properties":{"name":"torre 1"},"geometry":{"type":"Polygon","coordinates":[[[-79.540292,8.950649],[-79.540312,8.950853],[-79.540173,8.950867],[-79.540152,8.950663],[-79.540292,8.950649]]]}},{"type":"Feature","properties":{"name":"torre 2"},"geometry":{"type":"Polygon","coordinates":[[[-79.540124,8.95067],[-79.540143,8.95087],[-79.540005,8.950883],[-79.539985,8.950684],[-79.540124,8.95067]]]}},{"type":"Feature","properties":{"name":"torre 3"},"geometry":{"type":"Polygon","coordinates":[[[-79.539957,8.950714],[-79.539975,8.950918],[-79.539839,8.950929],[-79.539821,8.950725],[-79.539957,8.950714]]]}},{"type":"Feature","properties":{"name":null},"geometry":{"type":"Polygon","coordinates":[[[-79.540512,8.950956],[-79.540511,8.951009],[-79.540399,8.951006],[-79.5404,8.950953],[-79.540512,8.950956]]]}},{"type":"Feature","properties":{"name":null},"geometry":{"type":"Polygon","coordinates":[[[-79.541058,8.950645],[-79.540766,8.950758],[-79.540728,8.950662],[-79.541019,8.950549],[-79.541058,8.950645]]]}},{"type":"Feature","properties":{"name":null},"geometry":{"type":"Polygon","coordinates":[[[-79.540942,8.950876],[-79.540778,8.950937],[-79.540751,8.950866],[-79.540916,8.950806],[-79.540942,8.950876]]]}},{"type":"Feature","properties":{"name":null},"geometry":{"type":"Polygon","coordinates":[[[-79.540751,8.950951],[-79.540668,8.950982],[-79.540683,8.951134],[-79.540771,8.951112],[-79.540769,8.951091],[-79.54076,8.951023],[-79.540751,8.950951]]]}},{"type":"Feature","properties":{"name":null},"geometry":{"type":"Polygon","coordinates":[[[-79.540595,8.951059],[-79.540521,8.951062],[-79.540475,8.951064],[-79.540473,8.951017],[-79.54051,8.951016],[-79.540594,8.951012],[-79.540595,8.951059]]]}},{"type":"Feature","properties":{"name":null},"geometry":{"type":"Polygon","coordinates":[[[-79.540965,8.951136],[-79.540717,8.9512],[-79.540689,8.951208],[-79.540678,8.951136],[-79.540683,8.951134],[-79.540771,8.951112],[-79.540939,8.951069],[-79.540965,8.951136]]]}},{"type":"Feature","properties":{"name":null},"geometry":{"type":"Polygon","coordinates":[[[-79.540684,8.951413],[-79.540478,8.951488],[-79.540402,8.951504],[-79.540389,8.951437],[-79.540444,8.951426],[-79.540572,8.951373],[-79.540566,8.951361],[-79.540453,8.95139],[-79.540439,8.95131],[-79.540627,8.951271],[-79.540684,8.951413]]]}},{"type":"Feature","properties":{"name":null},"geometry":{"type":"Polygon","coordinates":[[[-79.540703,8.951464],[-79.540497,8.951539],[-79.540478,8.951488],[-79.540684,8.951413],[-79.540703,8.951464]]]}},{"type":"Feature","properties":{"name":null},"geometry":{"type":"Polygon","coordinates":[[[-79.540932,8.953034],[-79.540672,8.953068],[-79.540646,8.952878],[-79.540749,8.952864],[-79.540754,8.952901],[-79.540911,8.95288],[-79.540932,8.953034]]]}},{"type":"Feature","properties":{"name":"Casco View"},"geometry":{"type":"Polygon","coordinates":[[[-79.541066,8.95325],[-79.540877,8.953274],[-79.540809,8.953282],[-79.540807,8.953268],[-79.540698,8.953281],[-79.540676,8.953108],[-79.540785,8.953093],[-79.540783,8.953072],[-79.540882,8.953061],[-79.540899,8.953099],[-79.541008,8.953065],[-79.541066,8.95325]]]}},{"type":"Feature","properties":{"name":null},"geometry":{"type":"Polygon","coordinates":[[[-79.539716,8.95075],[-79.539623,8.950763],[-79.539618,8.950725],[-79.539711,8.950712],[-79.539716,8.95075]]]}},{"type":"Feature","properties":{"name":null},"geometry":{"type":"Polygon","coordinates":[[[-79.552965,8.960352],[-79.552847,8.960344],[-79.55284,8.960429],[-79.552756,8.960422],[-79.552763,8.960326],[-79.552712,8.960323],[-79.552719,8.960229],[-79.552794,8.960234],[-79.552807,8.960068],[-79.552943,8.960078],[-79.552938,8.960137],[-79.552981,8.96014],[-79.552965,8.960352]]]}},{"type":"Feature","properties":{"name":null},"geometry":{"type":"Polygon","coordinates":[[[-79.555927,8.949656],[-79.556037,8.949636],[-79.556019,8.949512],[-79.555901,8.949531],[-79.555927,8.949656]]]}},{"type":"Feature","properties":{"name":null},"geometry":{"type":"Polygon","coordinates":[[[-79.551498,8.947845],[-79.55127,8.948015],[-79.551358,8.948122],[-79.551587,8.947942],[-79.551498,8.947845]]]}},{"type":"Feature","properties":{"name":"Museo de la Mola"},"geometry":{"type":"Polygon","coordinates":[[[-79.535858,8.951894],[-79.535977,8.951905],[-79.536057,8.951912],[-79.536042,8.952075],[-79.535843,8.952056],[-79.535858,8.951894]]]}},{"type":"Feature","properties":{"name":null},"geometry":{"type":"Polygon","coordinates":[[[-79.538635,8.952443],[-79.53864,8.952611],[-79.538596,8.952614],[-79.538596,8.952648],[-79.538501,8.952652],[-79.538513,8.952449],[-79.538591,8.952446],[-79.538635,8.952443]]]}},{"type":"Feature","properties":{"name":null},"geometry":{"type":"Polygon","coordinates":[[[-79.539383,8.95239],[-79.539259,8.9524],[-79.539256,8.952359],[-79.539243,8.952207],[-79.539366,8.952197],[-79.53938,8.952343],[-79.539383,8.95239]]]}},{"type":"Feature","properties":{"name":null},"geometry":{"type":"Polygon","coordinates":[[[-79.546191,8.948281],[-79.545711,8.948436],[-79.545685,8.948359],[-79.546166,8.948204],[-79.546191,8.948281]]]}},{"type":"Feature","properties":{"name":"Edificio La Penenomé"},"geometry":{"type":"Polygon","coordinates":[[[-79.544505,8.951015],[-79.544388,8.951001],[-79.544338,8.951327],[-79.544125,8.951332],[-79.544079,8.951009],[-79.543968,8.951028],[-79.544003,8.951336],[-79.543942,8.951337],[-79.543943,8.951461],[-79.544521,8.951444],[-79.544524,8.951325],[-79.544463,8.951325],[-79.544505,8.951015]]]}},{"type":"Feature","properties":{"name":null},"geometry":{"type":"Polygon","coordinates":[[[-79.537091,8.95545],[-79.536782,8.955537],[-79.536737,8.955446],[-79.536724,8.955418],[-79.536808,8.955391],[-79.536884,8.955367],[-79.537054,8.955312],[-79.537091,8.95545]]]}},{"type":"Feature","properties":{"name":null},"geometry":{"type":"Polygon","coordinates":[[[-79.537696,8.955123],[-79.537686,8.955126],[-79.537588,8.955156],[-79.537542,8.954887],[-79.53767,8.95486],[-79.537685,8.955014],[-79.537696,8.955123]]]}},{"type":"Feature","properties":{"name":null},"geometry":{"type":"Polygon","coordinates":[[[-79.537606,8.957955],[-79.53723,8.957856],[-79.537199,8.957747],[-79.537161,8.957611],[-79.53739,8.95767],[-79.537544,8.957706],[-79.537674,8.957736],[-79.537606,8.957955]]]}},{"type":"Feature","properties":{"name":null},"geometry":{"type":"Polygon","coordinates":[[[-79.540485,8.965738],[-79.540442,8.965947],[-79.540806,8.966021],[-79.540873,8.966041],[-79.54093,8.965841],[-79.540485,8.965738]]]}},{"type":"Feature","properties":{"name":null},"geometry":{"type":"Polygon","coordinates":[[[-79.540873,8.966041],[-79.540783,8.966309],[-79.540761,8.966302],[-79.540442,8.966218],[-79.54045,8.966186],[-79.540235,8.96613],[-79.540269,8.965965],[-79.540355,8.965979],[-79.540373,8.965933],[-79.540873,8.966041]]]}},{"type":"Feature","properties":{"name":"Recimetal"},"geometry":{"type":"Polygon","coordinates":[[[-79.541486,8.9665],[-79.541337,8.966471],[-79.541415,8.966085],[-79.541564,8.966114],[-79.541514,8.96636],[-79.541486,8.9665]]]}},{"type":"Feature","properties":{"name":null},"geometry":{"type":"Polygon","coordinates":[[[-79.540442,8.966218],[-79.54037,8.966492],[-79.540526,8.966553],[-79.540678,8.966598],[-79.540761,8.966302],[-79.540442,8.966218]]]}},{"type":"Feature","properties":{"name":null},"geometry":{"type":"Polygon","coordinates":[[[-79.538598,8.965722],[-79.538545,8.965813],[-79.538523,8.9658],[-79.538442,8.965938],[-79.538435,8.965934],[-79.538228,8.965814],[-79.53822,8.965811],[-79.538354,8.965582],[-79.538598,8.965722]]]}},{"type":"Feature","properties":{"name":null},"geometry":{"type":"Polygon","coordinates":[[[-79.538161,8.965927],[-79.53834,8.966031],[-79.538277,8.966135],[-79.538099,8.966031],[-79.538161,8.965927]]]}},{"type":"Feature","properties":{"name":null},"geometry":{"type":"Polygon","coordinates":[[[-79.537915,8.965603],[-79.537778,8.965846],[-79.537539,8.965714],[-79.537676,8.965471],[-79.537777,8.965527],[-79.537915,8.965603]]]}},{"type":"Feature","properties":{"name":null},"geometry":{"type":"Polygon","coordinates":[[[-79.536722,8.964974],[-79.536611,8.965174],[-79.536368,8.965041],[-79.536479,8.964842],[-79.536722,8.964974]]]}},{"type":"Feature","properties":{"name":"Créditos Penedo"},"geometry":{"type":"Polygon","coordinates":[[[-79.538561,8.963841],[-79.538747,8.963872],[-79.538781,8.963877],[-79.538733,8.964127],[-79.538528,8.964011],[-79.538559,8.963852],[-79.538561,8.963841]]]}},{"type":"Feature","properties":{"name":null},"geometry":{"type":"Polygon","coordinates":[[[-79.553482,8.944552],[-79.55316,8.944613],[-79.55323,8.945167],[-79.553544,8.945116],[-79.553482,8.944552]]]}},{"type":"Feature","properties":{"name":null},"geometry":{"type":"Polygon","coordinates":[[[-79.548644,8.945435],[-79.548691,8.945468],[-79.548639,8.945542],[-79.548591,8.945508],[-79.548644,8.945435]]]}},{"type":"Feature","properties":{"name":null},"geometry":{"type":"Polygon","coordinates":[[[-79.549046,8.947488],[-79.548831,8.947727],[-79.548888,8.947776],[-79.548903,8.94776],[-79.548931,8.947785],[-79.549114,8.947582],[-79.549086,8.947557],[-79.549103,8.947538],[-79.549046,8.947488]]]}},{"type":"Feature","properties":{"name":null},"geometry":{"type":"Polygon","coordinates":[[[-79.542448,8.951462],[-79.542515,8.951612],[-79.542473,8.95163],[-79.542457,8.951595],[-79.542406,8.951617],[-79.54242,8.951648],[-79.542316,8.951694],[-79.542258,8.951564],[-79.54227,8.95154],[-79.542448,8.951462]]]}},{"type":"Feature","properties":{"name":null},"geometry":{"type":"Polygon","coordinates":[[[-79.546154,8.952743],[-79.546131,8.952843],[-79.545742,8.952805],[-79.545743,8.952698],[-79.545868,8.952715],[-79.54587,8.95268],[-79.545907,8.952683],[-79.545904,8.952719],[-79.545994,8.952729],[-79.545996,8.952694],[-79.546034,8.952697],[-79.54603,8.952732],[-79.546154,8.952743]]]}},{"type":"Feature","properties":{"name":"P.H. El Límite"},"geometry":{"type":"Polygon","coordinates":[[[-79.547945,8.952113],[-79.547931,8.952087],[-79.547808,8.95213],[-79.547815,8.952156],[-79.547761,8.952231],[-79.547717,8.952244],[-79.54774,8.952312],[-79.547772,8.952337],[-79.547945,8.952113]]]}},{"type":"Feature","properties":{"name":null},"geometry":{"type":"Polygon","coordinates":[[[-79.541792,8.951058],[-79.541829,8.9512],[-79.541553,8.95127],[-79.541516,8.951128],[-79.541792,8.951058]]]}},{"type":"Feature","properties":{"name":null},"geometry":{"type":"Polygon","coordinates":[[[-79.537627,8.956148],[-79.537721,8.956449],[-79.53754,8.956476],[-79.537534,8.95645],[-79.537495,8.956461],[-79.537418,8.956215],[-79.537493,8.956192],[-79.537572,8.95643],[-79.53762,8.956413],[-79.537544,8.956175],[-79.537627,8.956148]]]}},{"type":"Feature","properties":{"name":null},"geometry":{"type":"Polygon","coordinates":[[[-79.535913,8.960942],[-79.536044,8.96101],[-79.535997,8.961135],[-79.535849,8.961085],[-79.535913,8.960942]]]}},{"type":"Feature","properties":{"name":null},"geometry":{"type":"Polygon","coordinates":[[[-79.535575,8.9626],[-79.535611,8.962615],[-79.535575,8.962693],[-79.535538,8.962676],[-79.535575,8.9626]]]}},{"type":"Feature","properties":{"name":null},"geometry":{"type":"Polygon","coordinates":[[[-79.535278,8.963248],[-79.535215,8.963216],[-79.535179,8.963281],[-79.535243,8.963312],[-79.535278,8.963248]]]}},{"type":"Feature","properties":{"name":null},"geometry":{"type":"Polygon","coordinates":[[[-79.537876,8.957249],[-79.537727,8.957212],[-79.537755,8.95736],[-79.537775,8.957372],[-79.537804,8.95738],[-79.537821,8.95737],[-79.537876,8.957249]]]}},{"type":"Feature","properties":{"name":null},"geometry":{"type":"Polygon","coordinates":[[[-79.544772,8.95484],[-79.544739,8.955125],[-79.544789,8.955145],[-79.545321,8.955083],[-79.545319,8.954833],[-79.545263,8.954831],[-79.545262,8.954844],[-79.545058,8.954831],[-79.545058,8.954866],[-79.544772,8.95484]]]}},{"type":"Feature","properties":{"name":null},"geometry":{"type":"Polygon","coordinates":[[[-79.550077,8.950731],[-79.550127,8.950697],[-79.550186,8.95068],[-79.550253,8.950683],[-79.550315,8.950708],[-79.550364,8.950753],[-79.550395,8.950812],[-79.550404,8.950878],[-79.55039,8.950943],[-79.550354,8.950999],[-79.550301,8.951039],[-79.550237,8.95106],[-79.550176,8.951059],[-79.550119,8.951039],[-79.55007,8.951003],[-79.550036,8.950953],[-79.550018,8.950896],[-79.550019,8.950835],[-79.55004,8.950779],[-79.550077,8.950731]]]}},{"type":"Feature","properties":{"name":null},"geometry":{"type":"Polygon","coordinates":[[[-79.550358,8.950613],[-79.5503,8.950643],[-79.550238,8.950652],[-79.550175,8.950641],[-79.55012,8.950611],[-79.550077,8.950564],[-79.550052,8.950507],[-79.550046,8.950445],[-79.550061,8.950384],[-79.550096,8.950331],[-79.550145,8.950292],[-79.550205,8.95027],[-79.55027,8.950269],[-79.550331,8.950289],[-79.550383,8.950328],[-79.550419,8.950382],[-79.550435,8.950444],[-79.550429,8.950508],[-79.550403,8.950567],[-79.550358,8.950613]]]}},{"type":"Feature","properties":{"name":"Casa del Arte"},"geometry":{"type":"Polygon","coordinates":[[[-79.536791,8.953405],[-79.536931,8.953427],[-79.536874,8.953594],[-79.536735,8.95359],[-79.536791,8.953405]]]}},{"type":"Feature","properties":{"name":null},"geometry":{"type":"Polygon","coordinates":[[[-79.537129,8.953622],[-79.537093,8.953709],[-79.536992,8.953669],[-79.537028,8.953581],[-79.537129,8.953622]]]}},{"type":"Feature","properties":{"name":null},"geometry":{"type":"Polygon","coordinates":[[[-79.536375,8.951685],[-79.536368,8.951756],[-79.536364,8.951793],[-79.53636,8.951835],[-79.536295,8.951829],[-79.536309,8.951679],[-79.536375,8.951685]]]}},{"type":"Feature","properties":{"name":"Mansin Herrera"},"geometry":{"type":"Polygon","coordinates":[[[-79.536375,8.951685],[-79.53646,8.951694],[-79.536444,8.951857],[-79.536358,8.951849],[-79.53636,8.951835],[-79.536364,8.951793],[-79.536393,8.951796],[-79.536396,8.951759],[-79.536368,8.951756],[-79.536375,8.951685]]]}},{"type":"Feature","properties":{"name":null},"geometry":{"type":"Polygon","coordinates":[[[-79.538626,8.950972],[-79.538483,8.95098],[-79.538486,8.951057],[-79.53863,8.951049],[-79.538626,8.950972]]]}},{"type":"Feature","properties":{"name":null},"geometry":{"type":"Polygon","coordinates":[[[-79.537601,8.951057],[-79.537619,8.951258],[-79.537418,8.951274],[-79.537401,8.951073],[-79.537601,8.951057]]]}},{"type":"Feature","properties":{"name":null},"geometry":{"type":"Polygon","coordinates":[[[-79.537887,8.951031],[-79.537893,8.951094],[-79.537758,8.951106],[-79.537753,8.951043],[-79.537887,8.951031]]]}},{"type":"Feature","properties":{"name":null},"geometry":{"type":"Polygon","coordinates":[[[-79.537687,8.951049],[-79.537705,8.951251],[-79.537619,8.951258],[-79.537601,8.951057],[-79.537687,8.951049]]]}},{"type":"Feature","properties":{"name":null},"geometry":{"type":"Polygon","coordinates":[[[-79.534877,8.950852],[-79.534871,8.95092],[-79.534867,8.950973],[-79.53463,8.950953],[-79.534636,8.950888],[-79.534721,8.950895],[-79.534726,8.95084],[-79.534877,8.950852]]]}},{"type":"Feature","properties":{"name":null},"geometry":{"type":"Polygon","coordinates":[[[-79.540603,8.954707],[-79.540316,8.954698],[-79.540318,8.954626],[-79.540424,8.95463],[-79.540424,8.954613],[-79.540319,8.954609],[-79.540321,8.95454],[-79.540609,8.95455],[-79.540606,8.954619],[-79.5405,8.954615],[-79.5405,8.954633],[-79.540606,8.954637],[-79.540603,8.954707]]]}},{"type":"Feature","properties":{"name":null},"geometry":{"type":"Polygon","coordinates":[[[-79.54028,8.955135],[-79.540283,8.955242],[-79.540285,8.955365],[-79.540092,8.955369],[-79.540083,8.955369],[-79.540081,8.955301],[-79.539872,8.955302],[-79.539867,8.955242],[-79.539859,8.955137],[-79.54028,8.955135]]]}},{"type":"Feature","properties":{"name":null},"geometry":{"type":"Polygon","coordinates":[[[-79.539598,8.956029],[-79.539468,8.956094],[-79.539458,8.95607],[-79.539302,8.956138],[-79.539274,8.956035],[-79.539246,8.956043],[-79.539234,8.956013],[-79.539525,8.955888],[-79.539598,8.956029]]]}},{"type":"Feature","properties":{"name":null},"geometry":{"type":"Polygon","coordinates":[[[-79.539042,8.955669],[-79.539053,8.9557],[-79.539065,8.955696],[-79.539092,8.955771],[-79.538926,8.955825],[-79.538896,8.955716],[-79.539042,8.955669]]]}},{"type":"Feature","properties":{"name":null},"geometry":{"type":"Polygon","coordinates":[[[-79.539041,8.955447],[-79.539088,8.955538],[-79.539035,8.955562],[-79.538873,8.955633],[-79.538845,8.955534],[-79.539041,8.955447]]]}},{"type":"Feature","properties":{"name":null},"geometry":{"type":"Polygon","coordinates":[[[-79.541647,8.956007],[-79.541617,8.956063],[-79.541585,8.956123],[-79.541466,8.956061],[-79.541528,8.955945],[-79.541647,8.956007]]]}},{"type":"Feature","properties":{"name":null},"geometry":{"type":"Polygon","coordinates":[[[-79.541263,8.955658],[-79.541254,8.955753],[-79.541237,8.955932],[-79.541097,8.955916],[-79.540629,8.955931],[-79.54064,8.955633],[-79.540651,8.955634],[-79.541263,8.955658]]]}},{"type":"Feature","properties":{"name":null},"geometry":{"type":"Polygon","coordinates":[[[-79.540968,8.955048],[-79.540963,8.955164],[-79.540883,8.95516],[-79.540884,8.955139],[-79.540863,8.955138],[-79.540862,8.955159],[-79.540786,8.955155],[-79.540791,8.95504],[-79.540868,8.955043],[-79.540867,8.955072],[-79.540887,8.955073],[-79.540888,8.955044],[-79.540968,8.955048]]]}},{"type":"Feature","properties":{"name":null},"geometry":{"type":"Polygon","coordinates":[[[-79.537156,8.956581],[-79.537158,8.956587],[-79.537197,8.956718],[-79.537021,8.956773],[-79.536933,8.956799],[-79.536916,8.956807],[-79.536866,8.95663],[-79.537156,8.956581]]]}},{"type":"Feature","properties":{"name":"Fundación Casa Santa Ana"},"geometry":{"type":"Polygon","coordinates":[[[-79.537086,8.956416],[-79.53713,8.956542],[-79.536857,8.956593],[-79.536815,8.956504],[-79.536919,8.95647],[-79.536923,8.956486],[-79.537003,8.956473],[-79.536996,8.956446],[-79.537086,8.956416]]]}},{"type":"Feature","properties":{"name":null},"geometry":{"type":"Polygon","coordinates":[[[-79.537348,8.956242],[-79.537426,8.956497],[-79.537246,8.956529],[-79.537168,8.9563],[-79.537348,8.956242]]]}},{"type":"Feature","properties":{"name":null},"geometry":{"type":"Polygon","coordinates":[[[-79.537177,8.955723],[-79.537207,8.955813],[-79.537101,8.955846],[-79.53702,8.955872],[-79.536903,8.955909],[-79.536872,8.955825],[-79.537177,8.955723]]]}},{"type":"Feature","properties":{"name":null},"geometry":{"type":"Polygon","coordinates":[[[-79.537095,8.955472],[-79.53712,8.955549],[-79.536808,8.955652],[-79.53678,8.955576],[-79.537095,8.955472]]]}},{"type":"Feature","properties":{"name":null},"geometry":{"type":"Polygon","coordinates":[[[-79.537026,8.955153],[-79.537054,8.955312],[-79.536884,8.955367],[-79.53684,8.955212],[-79.536905,8.95519],[-79.537026,8.955153]]]}},{"type":"Feature","properties":{"name":null},"geometry":{"type":"Polygon","coordinates":[[[-79.537268,8.955289],[-79.537162,8.955299],[-79.537134,8.955162],[-79.537243,8.955133],[-79.537268,8.955289]]]}},{"type":"Feature","properties":{"name":null},"geometry":{"type":"Polygon","coordinates":[[[-79.53755,8.95524],[-79.537548,8.95533],[-79.537366,8.955379],[-79.537352,8.955279],[-79.53736,8.955278],[-79.537388,8.955274],[-79.537393,8.955322],[-79.537456,8.955309],[-79.53745,8.955274],[-79.537405,8.955274],[-79.537403,8.955251],[-79.537428,8.955249],[-79.53755,8.95524]]]}},{"type":"Feature","properties":{"name":null},"geometry":{"type":"Polygon","coordinates":[[[-79.537564,8.957101],[-79.537347,8.957168],[-79.537288,8.956967],[-79.537444,8.956919],[-79.537504,8.956899],[-79.537564,8.957101]]]}},{"type":"Feature","properties":{"name":null},"geometry":{"type":"Polygon","coordinates":[[[-79.53785,8.954822],[-79.537906,8.955059],[-79.537819,8.955085],[-79.537802,8.954994],[-79.537773,8.954839],[-79.53785,8.954822]]]}},{"type":"Feature","properties":{"name":null},"geometry":{"type":"Polygon","coordinates":[[[-79.537819,8.955085],[-79.537696,8.955123],[-79.537685,8.955014],[-79.53767,8.95486],[-79.537773,8.954839],[-79.537802,8.954994],[-79.537819,8.955085]]]}},{"type":"Feature","properties":{"name":null},"geometry":{"type":"Polygon","coordinates":[[[-79.53851,8.954645],[-79.53858,8.954877],[-79.538392,8.95493],[-79.5383,8.954694],[-79.538493,8.954637],[-79.53851,8.954645]]]}},{"type":"Feature","properties":{"name":null},"geometry":{"type":"Polygon","coordinates":[[[-79.538476,8.954316],[-79.538558,8.95457],[-79.538476,8.954596],[-79.538395,8.954341],[-79.538476,8.954316]]]}},{"type":"Feature","properties":{"name":null},"geometry":{"type":"Polygon","coordinates":[[[-79.538934,8.955278],[-79.538983,8.95538],[-79.538824,8.955452],[-79.538794,8.955346],[-79.538934,8.955278]]]}},{"type":"Feature","properties":{"name":null},"geometry":{"type":"Polygon","coordinates":[[[-79.538628,8.955037],[-79.538649,8.955104],[-79.538397,8.95519],[-79.538408,8.955228],[-79.538194,8.955297],[-79.53816,8.955185],[-79.538353,8.955123],[-79.538628,8.955037]]]}},{"type":"Feature","properties":{"name":null},"geometry":{"type":"Polygon","coordinates":[[[-79.538791,8.95556],[-79.538819,8.955644],[-79.538633,8.955702],[-79.538605,8.955622],[-79.538791,8.95556]]]}},{"type":"Feature","properties":{"name":"City Car Wash 1"},"geometry":{"type":"Polygon","coordinates":[[[-79.538696,8.962775],[-79.538822,8.962949],[-79.538772,8.962985],[-79.538678,8.962856],[-79.538571,8.962932],[-79.538655,8.963048],[-79.538611,8.963078],[-79.538495,8.962917],[-79.538696,8.962775]]]}},{"type":"Feature","properties":{"name":null},"geometry":{"type":"Polygon","coordinates":[[[-79.538744,8.966153],[-79.538695,8.966255],[-79.538529,8.96616],[-79.538584,8.96606],[-79.538744,8.966153]]]}},{"type":"Feature","properties":{"name":null},"geometry":{"type":"Polygon","coordinates":[[[-79.538695,8.966255],[-79.538622,8.966365],[-79.538535,8.966316],[-79.538527,8.966335],[-79.538473,8.966303],[-79.538482,8.966282],[-79.538466,8.966274],[-79.538501,8.966212],[-79.538529,8.96616],[-79.538695,8.966255]]]}},{"type":"Feature","properties":{"name":null},"geometry":{"type":"Polygon","coordinates":[[[-79.539799,8.963402],[-79.539784,8.9635],[-79.539695,8.963486],[-79.539604,8.963471],[-79.539622,8.963372],[-79.539645,8.963376],[-79.539799,8.963402]]]}},{"type":"Feature","properties":{"name":null},"geometry":{"type":"Polygon","coordinates":[[[-79.539118,8.963645],[-79.539112,8.963693],[-79.539103,8.96376],[-79.539047,8.96375],[-79.538899,8.963722],[-79.538914,8.963604],[-79.539118,8.963645]]]}},{"type":"Feature","properties":{"name":null},"geometry":{"type":"Polygon","coordinates":[[[-79.539047,8.96375],[-79.539028,8.963881],[-79.538996,8.963876],[-79.538876,8.963857],[-79.538899,8.963722],[-79.539047,8.96375]]]}},{"type":"Feature","properties":{"name":null},"geometry":{"type":"Polygon","coordinates":[[[-79.53898,8.963985],[-79.538854,8.963965],[-79.538876,8.963857],[-79.538996,8.963876],[-79.53898,8.963985]]]}},{"type":"Feature","properties":{"name":null},"geometry":{"type":"Polygon","coordinates":[[[-79.53898,8.963985],[-79.538951,8.964158],[-79.538825,8.964138],[-79.538854,8.963965],[-79.53898,8.963985]]]}},{"type":"Feature","properties":{"name":null},"geometry":{"type":"Polygon","coordinates":[[[-79.539623,8.963853],[-79.53947,8.963834],[-79.539408,8.963823],[-79.53944,8.963646],[-79.539639,8.963674],[-79.539623,8.963853]]]}},{"type":"Feature","properties":{"name":null},"geometry":{"type":"Polygon","coordinates":[[[-79.539081,8.963929],[-79.539135,8.963936],[-79.539126,8.963958],[-79.539201,8.963971],[-79.539198,8.963988],[-79.53917,8.964188],[-79.539047,8.964172],[-79.539081,8.963929]]]}},{"type":"Feature","properties":{"name":null},"geometry":{"type":"Polygon","coordinates":[[[-79.539198,8.963988],[-79.539269,8.964],[-79.539239,8.964199],[-79.53917,8.964188],[-79.539198,8.963988]]]}},{"type":"Feature","properties":{"name":null},"geometry":{"type":"Polygon","coordinates":[[[-79.539269,8.964],[-79.539366,8.964017],[-79.539345,8.964132],[-79.53933,8.964213],[-79.539239,8.964199],[-79.539269,8.964]]]}},{"type":"Feature","properties":{"name":null},"geometry":{"type":"Polygon","coordinates":[[[-79.539185,8.96371],[-79.539168,8.963808],[-79.539154,8.963805],[-79.539135,8.963936],[-79.539081,8.963929],[-79.539112,8.963693],[-79.539185,8.96371]]]}},{"type":"Feature","properties":{"name":null},"geometry":{"type":"Polygon","coordinates":[[[-79.539623,8.963853],[-79.539606,8.963988],[-79.539578,8.963985],[-79.539447,8.963962],[-79.53947,8.963834],[-79.539623,8.963853]]]}},{"type":"Feature","properties":{"name":null},"geometry":{"type":"Polygon","coordinates":[[[-79.539666,8.963669],[-79.53964,8.963666],[-79.539549,8.963651],[-79.539582,8.963467],[-79.539604,8.963471],[-79.539695,8.963486],[-79.539666,8.963669]]]}},{"type":"Feature","properties":{"name":null},"geometry":{"type":"Polygon","coordinates":[[[-79.53821,8.963148],[-79.538068,8.963251],[-79.538168,8.963388],[-79.538201,8.963365],[-79.538236,8.963412],[-79.53825,8.963432],[-79.538361,8.963351],[-79.538348,8.963333],[-79.53821,8.963148]]]}},{"type":"Feature","properties":{"name":null},"geometry":{"type":"Polygon","coordinates":[[[-79.537274,8.962927],[-79.537337,8.963024],[-79.537358,8.963055],[-79.537198,8.963225],[-79.537113,8.963167],[-79.537274,8.962927]]]}},{"type":"Feature","properties":{"name":null},"geometry":{"type":"Polygon","coordinates":[[[-79.537337,8.9628],[-79.537274,8.962927],[-79.537337,8.963024],[-79.537464,8.962939],[-79.537446,8.962906],[-79.537474,8.962888],[-79.537337,8.9628]]]}},{"type":"Feature","properties":{"name":null},"geometry":{"type":"Polygon","coordinates":[[[-79.537198,8.963225],[-79.537369,8.963045],[-79.537442,8.963162],[-79.537286,8.963286],[-79.537198,8.963225]]]}},{"type":"Feature","properties":{"name":null},"geometry":{"type":"Polygon","coordinates":[[[-79.54223,8.961428],[-79.542023,8.96143],[-79.542023,8.961445],[-79.542003,8.961455],[-79.541975,8.961457],[-79.541975,8.961465],[-79.541939,8.961466],[-79.541837,8.961505],[-79.541857,8.961557],[-79.542231,8.961553],[-79.54223,8.961428]]]}},{"type":"Feature","properties":{"name":null},"geometry":{"type":"Polygon","coordinates":[[[-79.541912,8.962163],[-79.541686,8.962166],[-79.541687,8.962216],[-79.541853,8.962214],[-79.541913,8.962216],[-79.541912,8.962163]]]}},{"type":"Feature","properties":{"name":"Biblioteca Eusebio A. Morales"},"geometry":{"type":"Polygon","coordinates":[[[-79.542204,8.961102],[-79.542262,8.961236],[-79.542261,8.96125],[-79.542256,8.961262],[-79.542247,8.961273],[-79.542234,8.961279],[-79.542022,8.961304],[-79.541982,8.961285],[-79.541966,8.961244],[-79.542006,8.961169],[-79.542067,8.961161],[-79.542062,8.961118],[-79.542115,8.961112],[-79.542054,8.96105],[-79.542065,8.961025],[-79.542096,8.960955],[-79.542175,8.961044],[-79.542204,8.961102]]]}},{"type":"Feature","properties":{"name":"Restaurante la Esquina del Sabor"},"geometry":{"type":"Polygon","coordinates":[[[-79.541096,8.959976],[-79.541113,8.960003],[-79.541085,8.960119],[-79.540847,8.960173],[-79.54084,8.960145],[-79.540816,8.960042],[-79.541096,8.959976]]]}},{"type":"Feature","properties":{"name":null},"geometry":{"type":"Polygon","coordinates":[[[-79.540452,8.956592],[-79.540239,8.95676],[-79.540317,8.956859],[-79.540534,8.956714],[-79.540452,8.956592]]]}},{"type":"Feature","properties":{"name":null},"geometry":{"type":"Polygon","coordinates":[[[-79.541258,8.96005],[-79.541222,8.960222],[-79.54139,8.960284],[-79.541366,8.960386],[-79.541357,8.960435],[-79.541524,8.960315],[-79.541448,8.960219],[-79.541258,8.96005]]]}},{"type":"Feature","properties":{"name":null},"geometry":{"type":"Polygon","coordinates":[[[-79.541602,8.960452],[-79.541424,8.960539],[-79.541462,8.960677],[-79.541564,8.960667],[-79.541701,8.960629],[-79.541602,8.960452]]]}},{"type":"Feature","properties":{"name":null},"geometry":{"type":"Polygon","coordinates":[[[-79.541536,8.960337],[-79.541602,8.960452],[-79.541424,8.960539],[-79.5414,8.960554],[-79.541357,8.960435],[-79.541536,8.960337]]]}},{"type":"Feature","properties":{"name":null},"geometry":{"type":"Polygon","coordinates":[[[-79.541773,8.960361],[-79.541911,8.96035],[-79.541797,8.960605],[-79.541784,8.960615],[-79.541765,8.960615],[-79.541752,8.960601],[-79.541648,8.96041],[-79.541749,8.960365],[-79.541797,8.960454],[-79.541809,8.960422],[-79.541787,8.960424],[-79.541775,8.960398],[-79.541773,8.960361]]]}},{"type":"Feature","properties":{"name":null},"geometry":{"type":"Polygon","coordinates":[[[-79.541713,8.960152],[-79.541746,8.960223],[-79.541768,8.960269],[-79.541601,8.960326],[-79.54155,8.960233],[-79.541713,8.960152]]]}},{"type":"Feature","properties":{"name":null},"geometry":{"type":"Polygon","coordinates":[[[-79.542195,8.95902],[-79.542066,8.959372],[-79.542066,8.959464],[-79.542014,8.959464],[-79.542015,8.959367],[-79.542149,8.959012],[-79.542195,8.95902]]]}},{"type":"Feature","properties":{"name":null},"geometry":{"type":"Polygon","coordinates":[[[-79.542065,8.959662],[-79.542017,8.959661],[-79.542009,8.960198],[-79.542057,8.960198],[-79.542065,8.959662]]]}},{"type":"Feature","properties":{"name":null},"geometry":{"type":"Polygon","coordinates":[[[-79.542201,8.959689],[-79.542108,8.959688],[-79.542105,8.960103],[-79.542198,8.960104],[-79.542201,8.959689]]]}},{"type":"Feature","properties":{"name":null},"geometry":{"type":"Polygon","coordinates":[[[-79.542244,8.959686],[-79.542237,8.960095],[-79.542329,8.960097],[-79.542336,8.959688],[-79.542244,8.959686]]]}},{"type":"Feature","properties":{"name":"Auto Taller Patio Rochet"},"geometry":{"type":"Polygon","coordinates":[[[-79.542372,8.959481],[-79.542099,8.959474],[-79.542093,8.959668],[-79.542366,8.959675],[-79.542372,8.959481]]]}},{"type":"Feature","properties":{"name":null},"geometry":{"type":"Polygon","coordinates":[[[-79.542229,8.960179],[-79.542082,8.960174],[-79.542081,8.960199],[-79.542081,8.960218],[-79.542227,8.960223],[-79.542229,8.960179]]]}},{"type":"Feature","properties":{"name":null},"geometry":{"type":"Polygon","coordinates":[[[-79.541638,8.961126],[-79.541685,8.961146],[-79.541673,8.961176],[-79.541701,8.961187],[-79.541673,8.961251],[-79.541652,8.961242],[-79.541624,8.961305],[-79.54163,8.961321],[-79.541644,8.961358],[-79.541628,8.961364],[-79.541646,8.961412],[-79.541537,8.961452],[-79.541508,8.961426],[-79.541638,8.961126]]]}},{"type":"Feature","properties":{"name":null},"geometry":{"type":"Polygon","coordinates":[[[-79.540732,8.956764],[-79.540766,8.956925],[-79.540666,8.956975],[-79.540593,8.956848],[-79.540732,8.956764]]]}},{"type":"Feature","properties":{"name":null},"geometry":{"type":"Polygon","coordinates":[[[-79.540593,8.956848],[-79.54039,8.956952],[-79.540486,8.957072],[-79.540666,8.956975],[-79.540593,8.956848]]]}},{"type":"Feature","properties":{"name":"Hotel Riazor"},"geometry":{"type":"Polygon","coordinates":[[[-79.540833,8.956901],[-79.540856,8.957037],[-79.540954,8.957021],[-79.541,8.957013],[-79.541034,8.957008],[-79.541058,8.957004],[-79.541211,8.956979],[-79.541209,8.956948],[-79.541204,8.956837],[-79.541119,8.956852],[-79.541069,8.95686],[-79.541011,8.95687],[-79.540833,8.956901]]]}},{"type":"Feature","properties":{"name":null},"geometry":{"type":"Polygon","coordinates":[[[-79.541301,8.958614],[-79.541273,8.958618],[-79.541301,8.958815],[-79.541539,8.95878],[-79.541301,8.958614]]]}},{"type":"Feature","properties":{"name":null},"geometry":{"type":"Polygon","coordinates":[[[-79.541385,8.960684],[-79.54146,8.960696],[-79.541722,8.960739],[-79.541657,8.960879],[-79.541451,8.960846],[-79.541367,8.960832],[-79.541385,8.960684]]]}},{"type":"Feature","properties":{"name":null},"geometry":{"type":"Polygon","coordinates":[[[-79.541163,8.961342],[-79.541432,8.961369],[-79.541385,8.961458],[-79.541147,8.961436],[-79.541163,8.961342]]]}},{"type":"Feature","properties":{"name":null},"geometry":{"type":"Polygon","coordinates":[[[-79.541954,8.960787],[-79.542096,8.960955],[-79.542065,8.961025],[-79.541889,8.96093],[-79.541954,8.960787]]]}},{"type":"Feature","properties":{"name":"Cantina Hawaii"},"geometry":{"type":"Polygon","coordinates":[[[-79.54182,8.960728],[-79.541954,8.960787],[-79.541889,8.96093],[-79.541854,8.96101],[-79.541807,8.960989],[-79.54172,8.960951],[-79.54182,8.960728]]]}},{"type":"Feature","properties":{"name":"Banco de Desarrollo Agropecuario"},"geometry":{"type":"Polygon","coordinates":[[[-79.542674,8.961235],[-79.542597,8.961264],[-79.542519,8.961293],[-79.542473,8.96131],[-79.54267,8.961647],[-79.542729,8.961747],[-79.542776,8.96174],[-79.542776,8.961624],[-79.542776,8.961414],[-79.542756,8.96138],[-79.542767,8.961376],[-79.542728,8.961215],[-79.542674,8.961235]]]}},{"type":"Feature","properties":{"name":null},"geometry":{"type":"Polygon","coordinates":[[[-79.541157,8.959638],[-79.541126,8.959645],[-79.541123,8.959635],[-79.540871,8.959695],[-79.540891,8.959791],[-79.541005,8.959768],[-79.541091,8.95975],[-79.541159,8.959763],[-79.541177,8.959655],[-79.541157,8.959638]]]}},{"type":"Feature","properties":{"name":"Hotel Rupali"},"geometry":{"type":"Polygon","coordinates":[[[-79.541616,8.959368],[-79.54143,8.959332],[-79.541334,8.959336],[-79.541332,8.959452],[-79.541441,8.959452],[-79.541486,8.959456],[-79.541636,8.959486],[-79.541823,8.959523],[-79.541843,8.959415],[-79.541676,8.959381],[-79.541616,8.959368]]]}},{"type":"Feature","properties":{"name":null},"geometry":{"type":"Polygon","coordinates":[[[-79.541814,8.958939],[-79.541926,8.958965],[-79.542067,8.958998],[-79.542082,8.959034],[-79.542045,8.959127],[-79.541891,8.95913],[-79.541762,8.959132],[-79.541814,8.958939]]]}},{"type":"Feature","properties":{"name":"La Cueva del Oso"},"geometry":{"type":"Polygon","coordinates":[[[-79.541814,8.958939],[-79.541762,8.959132],[-79.541689,8.959134],[-79.541622,8.959135],[-79.541503,8.959137],[-79.541495,8.959024],[-79.541635,8.95901],[-79.541631,8.958968],[-79.541645,8.958965],[-79.541634,8.958851],[-79.541814,8.958939]]]}},{"type":"Feature","properties":{"name":null},"geometry":{"type":"Polygon","coordinates":[[[-79.542469,8.955641],[-79.542668,8.955622],[-79.542597,8.955924],[-79.542608,8.955927],[-79.542563,8.956116],[-79.542364,8.956068],[-79.542356,8.956066],[-79.542383,8.955961],[-79.542469,8.955641]]]}},{"type":"Feature","properties":{"name":null},"geometry":{"type":"Polygon","coordinates":[[[-79.5462,8.94932],[-79.546194,8.949405],[-79.546303,8.949413],[-79.546293,8.949554],[-79.546378,8.94956],[-79.546394,8.949333],[-79.5462,8.94932]]]}},{"type":"Feature","properties":{"name":null},"geometry":{"type":"Polygon","coordinates":[[[-79.54393,8.951031],[-79.543942,8.951462],[-79.543788,8.951465],[-79.543801,8.951031],[-79.54393,8.951031]]]}},{"type":"Feature","properties":{"name":null},"geometry":{"type":"Polygon","coordinates":[[[-79.543794,8.951018],[-79.543791,8.951126],[-79.543505,8.95112],[-79.543508,8.951011],[-79.543794,8.951018]]]}},{"type":"Feature","properties":{"name":null},"geometry":{"type":"Polygon","coordinates":[[[-79.545362,8.954248],[-79.54546,8.954275],[-79.545559,8.954297],[-79.545705,8.954134],[-79.545704,8.9541],[-79.54575,8.954037],[-79.545646,8.953963],[-79.545594,8.953967],[-79.545568,8.954005],[-79.545538,8.953989],[-79.545555,8.95395],[-79.545437,8.953895],[-79.545362,8.954248]]]}},{"type":"Feature","properties":{"name":"La Joya"},"geometry":{"type":"Polygon","coordinates":[[[-79.545706,8.954474],[-79.545719,8.954459],[-79.546011,8.954703],[-79.545954,8.954769],[-79.545652,8.954516],[-79.545696,8.954465],[-79.545706,8.954474]]]}},{"type":"Feature","properties":{"name":"Gelabert I"},"geometry":{"type":"Polygon","coordinates":[[[-79.544079,8.954288],[-79.5439,8.954267],[-79.543999,8.954666],[-79.544096,8.954648],[-79.544091,8.954625],[-79.544103,8.954622],[-79.544113,8.954662],[-79.54412,8.95466],[-79.544209,8.954637],[-79.544178,8.954501],[-79.544132,8.95438],[-79.544079,8.954288]]]}},{"type":"Feature","properties":{"name":"Edificio Roosevelt"},"geometry":{"type":"Polygon","coordinates":[[[-79.544666,8.955957],[-79.544802,8.956053],[-79.544648,8.956267],[-79.544512,8.956171],[-79.544666,8.955957]]]}},{"type":"Feature","properties":{"name":null},"geometry":{"type":"Polygon","coordinates":[[[-79.544754,8.955842],[-79.544678,8.955951],[-79.544497,8.955829],[-79.544574,8.955719],[-79.544754,8.955842]]]}},{"type":"Feature","properties":{"name":"Edificio Dorado"},"geometry":{"type":"Polygon","coordinates":[[[-79.543971,8.955956],[-79.544183,8.956106],[-79.544116,8.9562],[-79.544058,8.956155],[-79.543989,8.956099],[-79.543911,8.956036],[-79.543971,8.955956]]]}},{"type":"Feature","properties":{"name":null},"geometry":{"type":"Polygon","coordinates":[[[-79.543775,8.956611],[-79.543599,8.956861],[-79.543234,8.95659],[-79.54323,8.956551],[-79.543308,8.956448],[-79.543502,8.956591],[-79.543593,8.956472],[-79.543689,8.956543],[-79.543775,8.956611]]]}},{"type":"Feature","properties":{"name":"Edificio St. Regis"},"geometry":{"type":"Polygon","coordinates":[[[-79.54392,8.956243],[-79.543874,8.956303],[-79.543774,8.956228],[-79.543709,8.956314],[-79.543909,8.956462],[-79.544031,8.956315],[-79.54392,8.956243]]]}},{"type":"Feature","properties":{"name":null},"geometry":{"type":"Polygon","coordinates":[[[-79.544155,8.956716],[-79.543933,8.956556],[-79.543862,8.956655],[-79.544081,8.95682],[-79.544155,8.956716]]]}},{"type":"Feature","properties":{"name":"El Sol"},"geometry":{"type":"Polygon","coordinates":[[[-79.544489,8.956503],[-79.544507,8.956477],[-79.544477,8.956457],[-79.544459,8.956482],[-79.544387,8.956433],[-79.544475,8.956309],[-79.544692,8.956459],[-79.544604,8.956583],[-79.544489,8.956503]]]}},{"type":"Feature","properties":{"name":null},"geometry":{"type":"Polygon","coordinates":[[[-79.544161,8.956282],[-79.544096,8.956374],[-79.544191,8.956441],[-79.544186,8.956448],[-79.544305,8.956531],[-79.544372,8.956438],[-79.544349,8.956421],[-79.544343,8.95643],[-79.544263,8.956374],[-79.544273,8.956361],[-79.544161,8.956282]]]}},{"type":"Feature","properties":{"name":null},"geometry":{"type":"Polygon","coordinates":[[[-79.544088,8.956395],[-79.544024,8.95648],[-79.54423,8.95663],[-79.544294,8.956545],[-79.544088,8.956395]]]}},{"type":"Feature","properties":{"name":"Iglesia Adventista del Séptimo Día"},"geometry":{"type":"Polygon","coordinates":[[[-79.543662,8.956517],[-79.543768,8.956599],[-79.543814,8.956537],[-79.543875,8.956447],[-79.543709,8.956324],[-79.543598,8.95647],[-79.543662,8.956517]]]}},{"type":"Feature","properties":{"name":"Edificio Abraham Enriquew"},"geometry":{"type":"Polygon","coordinates":[[[-79.543396,8.956345],[-79.543443,8.956379],[-79.543434,8.95639],[-79.543552,8.956476],[-79.543563,8.956461],[-79.543586,8.956477],[-79.543506,8.956585],[-79.543404,8.956511],[-79.543409,8.956503],[-79.543371,8.956476],[-79.543365,8.956484],[-79.543318,8.95645],[-79.543337,8.956424],[-79.543353,8.956435],[-79.543391,8.956384],[-79.543375,8.956373],[-79.543396,8.956345]]]}},{"type":"Feature","properties":{"name":"Edificio Annex Dorado"},"geometry":{"type":"Polygon","coordinates":[[[-79.544116,8.9562],[-79.544059,8.956283],[-79.543939,8.956202],[-79.543951,8.956187],[-79.543934,8.956175],[-79.543989,8.956099],[-79.544058,8.956155],[-79.544116,8.9562]]]}},{"type":"Feature","properties":{"name":null},"geometry":{"type":"Polygon","coordinates":[[[-79.543337,8.955693],[-79.543231,8.955676],[-79.543224,8.955715],[-79.543196,8.955875],[-79.54325,8.955884],[-79.543247,8.955902],[-79.543293,8.955909],[-79.543323,8.955732],[-79.54333,8.955733],[-79.543337,8.955693]]]}},{"type":"Feature","properties":{"name":null},"geometry":{"type":"Polygon","coordinates":[[[-79.543231,8.955676],[-79.543119,8.955657],[-79.543081,8.955886],[-79.543121,8.955893],[-79.54311,8.955957],[-79.543172,8.955968],[-79.543215,8.955714],[-79.543224,8.955715],[-79.543231,8.955676]]]}},{"type":"Feature","properties":{"name":null},"geometry":{"type":"Polygon","coordinates":[[[-79.542994,8.956295],[-79.54286,8.956271],[-79.542986,8.956006],[-79.542988,8.955993],[-79.542998,8.955893],[-79.543067,8.955905],[-79.543016,8.956175],[-79.542994,8.956295]]]}},{"type":"Feature","properties":{"name":null},"geometry":{"type":"Polygon","coordinates":[[[-79.542377,8.955954],[-79.542276,8.955926],[-79.542348,8.955676],[-79.542448,8.955704],[-79.542377,8.955954]]]}},{"type":"Feature","properties":{"name":"Edificio 300"},"geometry":{"type":"Polygon","coordinates":[[[-79.542838,8.955693],[-79.542815,8.955797],[-79.542638,8.955801],[-79.542664,8.9557],[-79.542838,8.955693]]]}},{"type":"Feature","properties":{"name":null},"geometry":{"type":"Polygon","coordinates":[[[-79.5431,8.956092],[-79.543274,8.95622],[-79.54321,8.956305],[-79.543036,8.956177],[-79.5431,8.956092]]]}},{"type":"Feature","properties":{"name":null},"geometry":{"type":"Polygon","coordinates":[[[-79.541254,8.955753],[-79.54143,8.955813],[-79.541366,8.955979],[-79.541237,8.955932],[-79.541254,8.955753]]]}},{"type":"Feature","properties":{"name":null},"geometry":{"type":"Polygon","coordinates":[[[-79.541156,8.956007],[-79.54117,8.956009],[-79.54129,8.956069],[-79.541222,8.956214],[-79.54117,8.956207],[-79.541156,8.956007]]]}},{"type":"Feature","properties":{"name":null},"geometry":{"type":"Polygon","coordinates":[[[-79.541254,8.95777],[-79.540983,8.957901],[-79.540906,8.957745],[-79.541181,8.957613],[-79.541254,8.95777]]]}},{"type":"Feature","properties":{"name":null},"geometry":{"type":"Polygon","coordinates":[[[-79.54311,8.955967],[-79.543073,8.956017],[-79.54315,8.956074],[-79.543129,8.956103],[-79.543268,8.956205],[-79.543328,8.956127],[-79.54311,8.955967]]]}},{"type":"Feature","properties":{"name":null},"geometry":{"type":"Polygon","coordinates":[[[-79.541921,8.956761],[-79.542146,8.956927],[-79.542058,8.957043],[-79.541969,8.956976],[-79.541991,8.956947],[-79.541856,8.956847],[-79.541921,8.956761]]]}},{"type":"Feature","properties":{"name":null},"geometry":{"type":"Polygon","coordinates":[[[-79.541927,8.956757],[-79.542005,8.95665],[-79.542225,8.956806],[-79.542146,8.956914],[-79.541927,8.956757]]]}},{"type":"Feature","properties":{"name":null},"geometry":{"type":"Polygon","coordinates":[[[-79.542432,8.95669],[-79.542346,8.956803],[-79.542508,8.956922],[-79.54265,8.957025],[-79.542735,8.956912],[-79.542552,8.956778],[-79.542432,8.95669]]]}},{"type":"Feature","properties":{"name":null},"geometry":{"type":"Polygon","coordinates":[[[-79.542499,8.956937],[-79.54244,8.957017],[-79.542582,8.95712],[-79.542582,8.957118],[-79.54264,8.95704],[-79.542499,8.956937]]]}},{"type":"Feature","properties":{"name":null},"geometry":{"type":"Polygon","coordinates":[[[-79.542114,8.957121],[-79.542047,8.957211],[-79.542196,8.957319],[-79.542262,8.957229],[-79.542114,8.957121]]]}},{"type":"Feature","properties":{"name":null},"geometry":{"type":"Polygon","coordinates":[[[-79.542262,8.956911],[-79.542193,8.957001],[-79.542316,8.957092],[-79.542384,8.957002],[-79.542262,8.956911]]]}},{"type":"Feature","properties":{"name":null},"geometry":{"type":"Polygon","coordinates":[[[-79.542047,8.957211],[-79.541994,8.957282],[-79.542143,8.95739],[-79.542196,8.957319],[-79.542047,8.957211]]]}},{"type":"Feature","properties":{"name":null},"geometry":{"type":"Polygon","coordinates":[[[-79.54207,8.958075],[-79.541915,8.958135],[-79.541987,8.958317],[-79.542111,8.958269],[-79.542142,8.958257],[-79.54207,8.958075]]]}},{"type":"Feature","properties":{"name":null},"geometry":{"type":"Polygon","coordinates":[[[-79.541972,8.958323],[-79.542038,8.958492],[-79.542056,8.958485],[-79.542177,8.958439],[-79.542111,8.958269],[-79.541987,8.958317],[-79.541972,8.958323]]]}},{"type":"Feature","properties":{"name":null},"geometry":{"type":"Polygon","coordinates":[[[-79.542271,8.958596],[-79.542282,8.958567],[-79.542303,8.958281],[-79.542252,8.958273],[-79.542227,8.958581],[-79.542271,8.958596]]]}},{"type":"Feature","properties":{"name":null},"geometry":{"type":"Polygon","coordinates":[[[-79.542258,8.957952],[-79.542232,8.958015],[-79.542252,8.958092],[-79.542318,8.958109],[-79.542332,8.958113],[-79.542331,8.958059],[-79.542304,8.957981],[-79.542258,8.957952]]]}},{"type":"Feature","properties":{"name":null},"geometry":{"type":"Polygon","coordinates":[[[-79.542878,8.955958],[-79.542972,8.955989],[-79.542948,8.956062],[-79.542854,8.956031],[-79.542878,8.955958]]]}},{"type":"Feature","properties":{"name":null},"geometry":{"type":"Polygon","coordinates":[[[-79.542347,8.955646],[-79.542242,8.955655],[-79.542181,8.955884],[-79.542276,8.955909],[-79.542347,8.955646]]]}},{"type":"Feature","properties":{"name":"Complejo Habitacional Pesé"},"geometry":{"type":"Polygon","coordinates":[[[-79.54343,8.94995],[-79.543264,8.94996],[-79.543275,8.950186],[-79.543415,8.95018],[-79.543417,8.950287],[-79.543272,8.950298],[-79.543271,8.950281],[-79.54317,8.950286],[-79.543141,8.949871],[-79.543198,8.949869],[-79.543199,8.949876],[-79.543243,8.949874],[-79.543241,8.949844],[-79.543427,8.949837],[-79.54343,8.94995]]]}},{"type":"Feature","properties":{"name":"Edificio Ancon"},"geometry":{"type":"Polygon","coordinates":[[[-79.543399,8.949637],[-79.543437,8.949747],[-79.543149,8.949842],[-79.543112,8.949731],[-79.543399,8.949637]]]}},{"type":"Feature","properties":{"name":null},"geometry":{"type":"Polygon","coordinates":[[[-79.543536,8.950525],[-79.543535,8.950622],[-79.543649,8.950623],[-79.543649,8.950658],[-79.543785,8.950659],[-79.543786,8.950526],[-79.543536,8.950525]]]}},{"type":"Feature","properties":{"name":"Edificio Mery Janes"},"geometry":{"type":"Polygon","coordinates":[[[-79.54378,8.950671],[-79.543697,8.95067],[-79.543697,8.950723],[-79.543543,8.950721],[-79.543542,8.950811],[-79.543778,8.950814],[-79.54378,8.950671]]]}},{"type":"Feature","properties":{"name":null},"geometry":{"type":"Polygon","coordinates":[[[-79.544114,8.95079],[-79.544113,8.950868],[-79.544413,8.950863],[-79.544435,8.950623],[-79.544354,8.950622],[-79.544353,8.95064],[-79.544125,8.950647],[-79.544125,8.950724],[-79.544346,8.950719],[-79.544342,8.950783],[-79.54431,8.950783],[-79.54431,8.950746],[-79.544273,8.950747],[-79.544274,8.950785],[-79.544114,8.95079]]]}},{"type":"Feature","properties":{"name":null},"geometry":{"type":"Polygon","coordinates":[[[-79.544732,8.950614],[-79.544711,8.950885],[-79.544538,8.950873],[-79.544558,8.950601],[-79.544732,8.950614]]]}},{"type":"Feature","properties":{"name":null},"geometry":{"type":"Polygon","coordinates":[[[-79.544968,8.950285],[-79.544957,8.950503],[-79.544752,8.950493],[-79.544763,8.950275],[-79.544968,8.950285]]]}},{"type":"Feature","properties":{"name":null},"geometry":{"type":"Polygon","coordinates":[[[-79.546668,8.94855],[-79.546532,8.948587],[-79.546547,8.948644],[-79.546684,8.948608],[-79.546668,8.94855]]]}},{"type":"Feature","properties":{"name":null},"geometry":{"type":"Polygon","coordinates":[[[-79.548542,8.949192],[-79.548354,8.949183],[-79.548348,8.949297],[-79.548536,8.949306],[-79.548542,8.949192]]]}},{"type":"Feature","properties":{"name":null},"geometry":{"type":"Polygon","coordinates":[[[-79.542375,8.951169],[-79.542451,8.951346],[-79.542226,8.95144],[-79.542136,8.951229],[-79.542301,8.95116],[-79.542316,8.951194],[-79.542375,8.951169]]]}},{"type":"Feature","properties":{"name":null},"geometry":{"type":"Polygon","coordinates":[[[-79.54215,8.950826],[-79.542072,8.95086],[-79.54214,8.951013],[-79.542127,8.951019],[-79.54206,8.950864],[-79.541985,8.950896],[-79.542086,8.951126],[-79.54225,8.951055],[-79.542245,8.951042],[-79.54215,8.950826]]]}},{"type":"Feature","properties":{"name":null},"geometry":{"type":"Polygon","coordinates":[[[-79.541691,8.950401],[-79.541892,8.950864],[-79.541792,8.950906],[-79.541592,8.950443],[-79.541691,8.950401]]]}},{"type":"Feature","properties":{"name":"Edificio Lealtad el Paco"},"geometry":{"type":"Polygon","coordinates":[[[-79.542237,8.95006],[-79.542354,8.950401],[-79.542287,8.950424],[-79.542268,8.950369],[-79.542257,8.950373],[-79.542214,8.950247],[-79.542174,8.95026],[-79.542141,8.950164],[-79.54211,8.950174],[-79.542088,8.95011],[-79.542237,8.95006]]]}},{"type":"Feature","properties":{"name":null},"geometry":{"type":"Polygon","coordinates":[[[-79.542595,8.951407],[-79.542661,8.951561],[-79.542527,8.951617],[-79.542461,8.951463],[-79.542595,8.951407]]]}},{"type":"Feature","properties":{"name":null},"geometry":{"type":"Polygon","coordinates":[[[-79.543405,8.951057],[-79.543428,8.951071],[-79.54343,8.951131],[-79.543231,8.951217],[-79.543199,8.951145],[-79.543405,8.951057]]]}},{"type":"Feature","properties":{"name":null},"geometry":{"type":"Polygon","coordinates":[[[-79.54343,8.951183],[-79.543429,8.95138],[-79.543362,8.951379],[-79.543364,8.951182],[-79.54343,8.951183]]]}},{"type":"Feature","properties":{"name":null},"geometry":{"type":"Polygon","coordinates":[[[-79.543303,8.951212],[-79.54335,8.951315],[-79.543334,8.951322],[-79.543366,8.951393],[-79.543299,8.951422],[-79.543249,8.951312],[-79.543263,8.951305],[-79.543235,8.951242],[-79.543303,8.951212]]]}},{"type":"Feature","properties":{"name":null},"geometry":{"type":"Polygon","coordinates":[[[-79.543398,8.951383],[-79.543427,8.951452],[-79.54333,8.951491],[-79.543301,8.951423],[-79.543398,8.951383]]]}},{"type":"Feature","properties":{"name":"Movimiento Nueva Generación"},"geometry":{"type":"Polygon","coordinates":[[[-79.542603,8.95035],[-79.542394,8.950421],[-79.542429,8.950523],[-79.542504,8.950497],[-79.542531,8.950574],[-79.542666,8.950529],[-79.542603,8.95035]]]}},{"type":"Feature","properties":{"name":"Marco Antonio Gelabert"},"geometry":{"type":"Polygon","coordinates":[[[-79.543644,8.953902],[-79.543494,8.953928],[-79.543535,8.954162],[-79.543684,8.954136],[-79.543644,8.953902]]]}},{"type":"Feature","properties":{"name":null},"geometry":{"type":"Polygon","coordinates":[[[-79.543479,8.95392],[-79.543523,8.954162],[-79.543401,8.954184],[-79.543357,8.953942],[-79.543479,8.95392]]]}},{"type":"Feature","properties":{"name":null},"geometry":{"type":"Polygon","coordinates":[[[-79.543934,8.954066],[-79.543793,8.954088],[-79.543806,8.954169],[-79.543947,8.954147],[-79.543934,8.954066]]]}},{"type":"Feature","properties":{"name":null},"geometry":{"type":"Polygon","coordinates":[[[-79.543959,8.953879],[-79.543877,8.953897],[-79.543915,8.954062],[-79.543996,8.954044],[-79.543959,8.953879]]]}},{"type":"Feature","properties":{"name":null},"geometry":{"type":"Polygon","coordinates":[[[-79.543836,8.953813],[-79.543894,8.954056],[-79.543816,8.954074],[-79.543759,8.95383],[-79.543836,8.953813]]]}},{"type":"Feature","properties":{"name":null},"geometry":{"type":"Polygon","coordinates":[[[-79.542585,8.952469],[-79.542535,8.952491],[-79.542506,8.952426],[-79.542555,8.952404],[-79.542585,8.952469]]]}},{"type":"Feature","properties":{"name":null},"geometry":{"type":"Polygon","coordinates":[[[-79.545974,8.951952],[-79.545791,8.951932],[-79.545781,8.952024],[-79.545801,8.952026],[-79.545782,8.952189],[-79.545899,8.952202],[-79.545902,8.952176],[-79.545948,8.952181],[-79.545959,8.952083],[-79.545968,8.952008],[-79.545974,8.951952]]]}},{"type":"Feature","properties":{"name":null},"geometry":{"type":"Polygon","coordinates":[[[-79.544372,8.949824],[-79.54436,8.950009],[-79.544214,8.949999],[-79.544226,8.949814],[-79.544372,8.949824]]]}},{"type":"Feature","properties":{"name":"Capilla Nuestra Señora de La Medalla Milagrosa"},"geometry":{"type":"Polygon","coordinates":[[[-79.544316,8.95007],[-79.544203,8.950062],[-79.544204,8.950051],[-79.544132,8.950046],[-79.54412,8.950198],[-79.544305,8.950212],[-79.544316,8.95007]]]}},{"type":"Feature","properties":{"name":null},"geometry":{"type":"Polygon","coordinates":[[[-79.539774,8.955169],[-79.539789,8.955276],[-79.539586,8.95533],[-79.539562,8.955242],[-79.539555,8.955219],[-79.539774,8.955169]]]}},{"type":"Feature","properties":{"name":null},"geometry":{"type":"Polygon","coordinates":[[[-79.537389,8.957408],[-79.537519,8.957439],[-79.537487,8.957568],[-79.537439,8.957596],[-79.537407,8.957588],[-79.537427,8.95751],[-79.537368,8.957496],[-79.537389,8.957408]]]}},{"type":"Feature","properties":{"name":null},"geometry":{"type":"Polygon","coordinates":[[[-79.549416,8.957672],[-79.549417,8.957728],[-79.549333,8.957731],[-79.549331,8.957675],[-79.549416,8.957672]]]}},{"type":"Feature","properties":{"name":"Parking Garage Casco Viejo"},"geometry":{"type":"Polygon","coordinates":[[[-79.536861,8.951098],[-79.536804,8.951096],[-79.536802,8.951153],[-79.536818,8.951154],[-79.536818,8.951163],[-79.536745,8.951161],[-79.536744,8.951171],[-79.536662,8.951169],[-79.536663,8.951134],[-79.536537,8.95113],[-79.536529,8.951377],[-79.536647,8.951381],[-79.536857,8.951387],[-79.536857,8.95129],[-79.53686,8.951164],[-79.536847,8.951164],[-79.536847,8.951154],[-79.53686,8.951154],[-79.536861,8.951098]]]}},{"type":"Feature","properties":{"name":null},"geometry":{"type":"Polygon","coordinates":[[[-79.542989,8.965298],[-79.542898,8.965403],[-79.542731,8.965261],[-79.542701,8.965295],[-79.542898,8.965462],[-79.543018,8.965324],[-79.542989,8.965298]]]}},{"type":"Feature","properties":{"name":null},"geometry":{"type":"Polygon","coordinates":[[[-79.543011,8.965217],[-79.542981,8.96525],[-79.543019,8.965283],[-79.543049,8.96525],[-79.543011,8.965217]]]}},{"type":"Feature","properties":{"name":null},"geometry":{"type":"Polygon","coordinates":[[[-79.542483,8.965565],[-79.542604,8.965669],[-79.542439,8.965856],[-79.542318,8.965751],[-79.542483,8.965565]]]}},{"type":"Feature","properties":{"name":null},"geometry":{"type":"Polygon","coordinates":[[[-79.542198,8.96531],[-79.542386,8.965471],[-79.54228,8.965591],[-79.542092,8.96543],[-79.542198,8.96531]]]}},{"type":"Feature","properties":{"name":null},"geometry":{"type":"Polygon","coordinates":[[[-79.541852,8.964717],[-79.542009,8.964852],[-79.541899,8.964976],[-79.541742,8.964841],[-79.541852,8.964717]]]}},{"type":"Feature","properties":{"name":null},"geometry":{"type":"Polygon","coordinates":[[[-79.540315,8.964236],[-79.53999,8.96418],[-79.539982,8.964297],[-79.540287,8.964345],[-79.540315,8.964236]]]}},{"type":"Feature","properties":{"name":null},"geometry":{"type":"Polygon","coordinates":[[[-79.540401,8.963886],[-79.540196,8.963842],[-79.540137,8.964136],[-79.540329,8.964183],[-79.540401,8.963886]]]}},{"type":"Feature","properties":{"name":null},"geometry":{"type":"Polygon","coordinates":[[[-79.540147,8.963711],[-79.540066,8.96417],[-79.53996,8.964151],[-79.540012,8.96382],[-79.540014,8.963806],[-79.540056,8.963808],[-79.540073,8.963701],[-79.540147,8.963711]]]}},{"type":"Feature","properties":{"name":null},"geometry":{"type":"Polygon","coordinates":[[[-79.540443,8.963655],[-79.540392,8.963644],[-79.540339,8.963633],[-79.540331,8.963662],[-79.540275,8.963649],[-79.54029,8.963602],[-79.540199,8.963582],[-79.540189,8.963632],[-79.540152,8.963828],[-79.540399,8.963874],[-79.540443,8.963655]]]}},{"type":"Feature","properties":{"name":null},"geometry":{"type":"Polygon","coordinates":[[[-79.540436,8.963468],[-79.540408,8.963579],[-79.540103,8.963507],[-79.540127,8.963393],[-79.540436,8.963468]]]}},{"type":"Feature","properties":{"name":null},"geometry":{"type":"Polygon","coordinates":[[[-79.539859,8.963665],[-79.539837,8.963796],[-79.539874,8.963802],[-79.539918,8.963808],[-79.539973,8.963816],[-79.540012,8.96382],[-79.540014,8.963806],[-79.540056,8.963808],[-79.540073,8.963701],[-79.540006,8.96369],[-79.539859,8.963665]]]}},{"type":"Feature","properties":{"name":"Edificio Natividad"},"geometry":{"type":"Polygon","coordinates":[[[-79.541412,8.964603],[-79.541473,8.964668],[-79.541471,8.964684],[-79.541387,8.964814],[-79.541304,8.964762],[-79.541323,8.964733],[-79.541339,8.964743],[-79.541375,8.964687],[-79.541363,8.964679],[-79.541412,8.964603]]]}},{"type":"Feature","properties":{"name":null},"geometry":{"type":"Polygon","coordinates":[[[-79.54135,8.964552],[-79.541166,8.964457],[-79.541,8.964419],[-79.540958,8.96459],[-79.54093,8.964707],[-79.54127,8.964758],[-79.541286,8.964651],[-79.54135,8.964552]]]}},{"type":"Feature","properties":{"name":"iglesia Bautista Calvario"},"geometry":{"type":"Polygon","coordinates":[[[-79.540979,8.964436],[-79.540945,8.964586],[-79.540929,8.964583],[-79.540923,8.96461],[-79.540813,8.964586],[-79.540851,8.964421],[-79.540855,8.964401],[-79.540875,8.964405],[-79.540873,8.964413],[-79.540979,8.964436]]]}},{"type":"Feature","properties":{"name":null},"geometry":{"type":"Polygon","coordinates":[[[-79.540779,8.964354],[-79.540721,8.96434],[-79.540698,8.964437],[-79.54067,8.964552],[-79.540729,8.964566],[-79.540779,8.964354]]]}},{"type":"Feature","properties":{"name":null},"geometry":{"type":"Polygon","coordinates":[[[-79.540721,8.96434],[-79.540698,8.964437],[-79.540584,8.964411],[-79.540607,8.964313],[-79.540721,8.96434]]]}},{"type":"Feature","properties":{"name":null},"geometry":{"type":"Polygon","coordinates":[[[-79.540249,8.964475],[-79.540236,8.964557],[-79.54011,8.964533],[-79.540029,8.964518],[-79.540036,8.964491],[-79.540123,8.964454],[-79.540249,8.964475]]]}},{"type":"Feature","properties":{"name":null},"geometry":{"type":"Polygon","coordinates":[[[-79.540029,8.964518],[-79.539901,8.964587],[-79.539889,8.964644],[-79.540064,8.964692],[-79.54011,8.964533],[-79.540029,8.964518]]]}},{"type":"Feature","properties":{"name":null},"geometry":{"type":"Polygon","coordinates":[[[-79.540073,8.965306],[-79.540028,8.965516],[-79.539796,8.965457],[-79.539837,8.965311],[-79.539856,8.965244],[-79.539867,8.965247],[-79.540073,8.965306]]]}},{"type":"Feature","properties":{"name":"Albergue del Adulto Mayor"},"geometry":{"type":"Polygon","coordinates":[[[-79.540831,8.965269],[-79.540814,8.965336],[-79.540918,8.965362],[-79.540874,8.965535],[-79.541058,8.965578],[-79.541137,8.965346],[-79.540831,8.965269]]]}},{"type":"Feature","properties":{"name":null},"geometry":{"type":"Polygon","coordinates":[[[-79.541175,8.965215],[-79.541138,8.965326],[-79.540721,8.965214],[-79.540671,8.965395],[-79.540255,8.965307],[-79.540286,8.96518],[-79.54045,8.965218],[-79.54064,8.965265],[-79.540675,8.965142],[-79.540789,8.965152],[-79.540816,8.965082],[-79.540963,8.965106],[-79.540942,8.965166],[-79.541003,8.965179],[-79.541175,8.965215]]]}},{"type":"Feature","properties":{"name":null},"geometry":{"type":"Polygon","coordinates":[[[-79.541008,8.964996],[-79.540963,8.965106],[-79.540816,8.965082],[-79.540859,8.964972],[-79.541008,8.964996]]]}},{"type":"Feature","properties":{"name":null},"geometry":{"type":"Polygon","coordinates":[[[-79.540859,8.964972],[-79.540816,8.965082],[-79.540789,8.965152],[-79.540675,8.965142],[-79.540632,8.965136],[-79.540617,8.965204],[-79.540544,8.965191],[-79.540533,8.965233],[-79.540454,8.965215],[-79.54048,8.965114],[-79.540518,8.965124],[-79.540557,8.964919],[-79.540859,8.964972]]]}},{"type":"Feature","properties":{"name":"Edificio Don Anastasio"},"geometry":{"type":"Polygon","coordinates":[[[-79.540359,8.96487],[-79.540314,8.965059],[-79.540479,8.965097],[-79.540526,8.964905],[-79.540359,8.96487]]]}},{"type":"Feature","properties":{"name":null},"geometry":{"type":"Polygon","coordinates":[[[-79.542161,8.966153],[-79.542096,8.966495],[-79.542151,8.966505],[-79.542155,8.966483],[-79.54219,8.966489],[-79.542246,8.966194],[-79.542211,8.966187],[-79.542216,8.966163],[-79.542161,8.966153]]]}},{"type":"Feature","properties":{"name":null},"geometry":{"type":"Polygon","coordinates":[[[-79.541236,8.965942],[-79.541355,8.965981],[-79.541294,8.966279],[-79.541194,8.966253],[-79.541188,8.966274],[-79.541138,8.96626],[-79.541236,8.965942]]]}},{"type":"Feature","properties":{"name":null},"geometry":{"type":"Polygon","coordinates":[[[-79.541355,8.965981],[-79.541422,8.965995],[-79.541362,8.966292],[-79.541294,8.966279],[-79.541355,8.965981]]]}},{"type":"Feature","properties":{"name":null},"geometry":{"type":"Polygon","coordinates":[[[-79.541357,8.966337],[-79.541173,8.966289],[-79.541135,8.966415],[-79.541323,8.966467],[-79.541357,8.966337]]]}},{"type":"Feature","properties":{"name":null},"geometry":{"type":"Polygon","coordinates":[[[-79.540699,8.956608],[-79.540724,8.956727],[-79.540576,8.956819],[-79.540561,8.956792],[-79.540579,8.956782],[-79.540534,8.956714],[-79.540699,8.956608]]]}},{"type":"Feature","properties":{"name":null},"geometry":{"type":"Polygon","coordinates":[[[-79.539525,8.95648],[-79.539554,8.956561],[-79.539599,8.956689],[-79.539498,8.956727],[-79.539494,8.956718],[-79.539423,8.956516],[-79.539525,8.95648]]]}},{"type":"Feature","properties":{"name":null},"geometry":{"type":"Polygon","coordinates":[[[-79.539824,8.956437],[-79.539861,8.95651],[-79.539742,8.956566],[-79.539609,8.956628],[-79.539628,8.956678],[-79.539599,8.956689],[-79.539554,8.956561],[-79.539824,8.956437]]]}},{"type":"Feature","properties":{"name":null},"geometry":{"type":"Polygon","coordinates":[[[-79.539121,8.955761],[-79.539092,8.955771],[-79.538926,8.955825],[-79.538941,8.955881],[-79.53914,8.955818],[-79.539137,8.955808],[-79.539121,8.955761]]]}},{"type":"Feature","properties":{"name":null},"geometry":{"type":"Polygon","coordinates":[[[-79.538953,8.955922],[-79.538973,8.955996],[-79.53918,8.955943],[-79.539174,8.955924],[-79.539154,8.955861],[-79.538953,8.955922]]]}},{"type":"Feature","properties":{"name":null},"geometry":{"type":"Polygon","coordinates":[[[-79.538724,8.954794],[-79.538756,8.954884],[-79.538795,8.954983],[-79.538702,8.955013],[-79.538649,8.954821],[-79.538724,8.954794]]]}},{"type":"Feature","properties":{"name":null},"geometry":{"type":"Polygon","coordinates":[[[-79.53858,8.954877],[-79.538628,8.955037],[-79.538353,8.955123],[-79.538295,8.954957],[-79.538327,8.954949],[-79.538392,8.95493],[-79.53858,8.954877]]]}},{"type":"Feature","properties":{"name":"P.H. Bayano"},"geometry":{"type":"Polygon","coordinates":[[[-79.54172,8.960951],[-79.541807,8.960989],[-79.541799,8.961007],[-79.542024,8.961107],[-79.54197,8.961227],[-79.541949,8.961218],[-79.541962,8.961187],[-79.541801,8.961116],[-79.541783,8.961155],[-79.541653,8.961097],[-79.54172,8.960951]]]}},{"type":"Feature","properties":{"name":"Iglesia y Párvulo Ejercito de Salvación"},"geometry":{"type":"Polygon","coordinates":[[[-79.538602,8.963528],[-79.53877,8.963554],[-79.538743,8.963744],[-79.538552,8.963716],[-79.538574,8.963561],[-79.538602,8.963528]]]}},{"type":"Feature","properties":{"name":null},"geometry":{"type":"Polygon","coordinates":[[[-79.538607,8.963479],[-79.538602,8.963528],[-79.538574,8.963561],[-79.538398,8.96369],[-79.538379,8.963658],[-79.538331,8.963578],[-79.538556,8.963409],[-79.538607,8.963479]]]}},{"type":"Feature","properties":{"name":null},"geometry":{"type":"Polygon","coordinates":[[[-79.538552,8.963716],[-79.538535,8.963844],[-79.538559,8.963852],[-79.538561,8.963841],[-79.538747,8.963872],[-79.538772,8.96375],[-79.538552,8.963716]]]}},{"type":"Feature","properties":{"name":null},"geometry":{"type":"Polygon","coordinates":[[[-79.538574,8.963561],[-79.538552,8.963716],[-79.538462,8.963785],[-79.538398,8.96369],[-79.538574,8.963561]]]}},{"type":"Feature","properties":{"name":null},"geometry":{"type":"Polygon","coordinates":[[[-79.538379,8.963658],[-79.538303,8.963699],[-79.538301,8.96372],[-79.538535,8.963844],[-79.538559,8.963852],[-79.538528,8.964011],[-79.538326,8.963887],[-79.538197,8.963816],[-79.538184,8.963809],[-79.538144,8.963787],[-79.538134,8.963758],[-79.538136,8.963731],[-79.538153,8.963707],[-79.538331,8.963578],[-79.538379,8.963658]]]}},{"type":"Feature","properties":{"name":"Fonda"},"geometry":{"type":"Polygon","coordinates":[[[-79.538376,8.964025],[-79.538358,8.964059],[-79.538399,8.96408],[-79.538416,8.964046],[-79.538376,8.964025]]]}},{"type":"Feature","properties":{"name":null},"geometry":{"type":"Polygon","coordinates":[[[-79.538964,8.964996],[-79.538812,8.964905],[-79.538874,8.964779],[-79.539039,8.96487],[-79.538964,8.964996]]]}},{"type":"Feature","properties":{"name":null},"geometry":{"type":"Polygon","coordinates":[[[-79.539587,8.961865],[-79.539664,8.96198],[-79.539575,8.962038],[-79.539498,8.961923],[-79.539587,8.961865]]]}},{"type":"Feature","properties":{"name":null},"geometry":{"type":"Polygon","coordinates":[[[-79.538872,8.96471],[-79.538892,8.964558],[-79.538794,8.964544],[-79.538765,8.964691],[-79.538872,8.96471]]]}},{"type":"Feature","properties":{"name":null},"geometry":{"type":"Polygon","coordinates":[[[-79.538909,8.964264],[-79.538883,8.964429],[-79.538814,8.964418],[-79.538836,8.96427],[-79.538844,8.964257],[-79.538909,8.964264]]]}},{"type":"Feature","properties":{"name":null},"geometry":{"type":"Polygon","coordinates":[[[-79.538909,8.964264],[-79.538883,8.964429],[-79.538876,8.964469],[-79.538962,8.964483],[-79.539,8.964275],[-79.538909,8.964264]]]}},{"type":"Feature","properties":{"name":null},"geometry":{"type":"Polygon","coordinates":[[[-79.538814,8.964418],[-79.538794,8.964544],[-79.538892,8.964558],[-79.538902,8.964504],[-79.538955,8.964511],[-79.538962,8.964483],[-79.538876,8.964469],[-79.538883,8.964429],[-79.538814,8.964418]]]}},{"type":"Feature","properties":{"name":null},"geometry":{"type":"Polygon","coordinates":[[[-79.538962,8.964483],[-79.538955,8.964511],[-79.538907,8.964738],[-79.539022,8.964793],[-79.539061,8.964535],[-79.539068,8.964494],[-79.538962,8.964483]]]}},{"type":"Feature","properties":{"name":null},"geometry":{"type":"Polygon","coordinates":[[[-79.539,8.964275],[-79.539284,8.964323],[-79.539251,8.964494],[-79.539192,8.964801],[-79.539148,8.964876],[-79.539055,8.964818],[-79.539115,8.964543],[-79.539132,8.964453],[-79.539077,8.964445],[-79.539068,8.964494],[-79.538962,8.964483],[-79.539,8.964275]]]}},{"type":"Feature","properties":{"name":null},"geometry":{"type":"Polygon","coordinates":[[[-79.539077,8.964445],[-79.539132,8.964453],[-79.539115,8.964543],[-79.539061,8.964535],[-79.539077,8.964445]]]}},{"type":"Feature","properties":{"name":null},"geometry":{"type":"Polygon","coordinates":[[[-79.539579,8.964514],[-79.539383,8.964495],[-79.539412,8.964333],[-79.539587,8.964362],[-79.539584,8.964425],[-79.539579,8.964514]]]}},{"type":"Feature","properties":{"name":null},"geometry":{"type":"Polygon","coordinates":[[[-79.539284,8.964323],[-79.539412,8.964333],[-79.539383,8.964495],[-79.539382,8.964504],[-79.539259,8.964495],[-79.539251,8.964494],[-79.539284,8.964323]]]}},{"type":"Feature","properties":{"name":null},"geometry":{"type":"Polygon","coordinates":[[[-79.539382,8.964504],[-79.539339,8.964797],[-79.539338,8.964856],[-79.539208,8.964786],[-79.539259,8.964495],[-79.539382,8.964504]]]}},{"type":"Feature","properties":{"name":null},"geometry":{"type":"Polygon","coordinates":[[[-79.540067,8.963378],[-79.540127,8.963393],[-79.540103,8.963507],[-79.540083,8.963607],[-79.54008,8.963623],[-79.540022,8.963609],[-79.540067,8.963378]]]}},{"type":"Feature","properties":{"name":null},"geometry":{"type":"Polygon","coordinates":[[[-79.540408,8.963579],[-79.540392,8.963644],[-79.540339,8.963633],[-79.540331,8.963662],[-79.540275,8.963649],[-79.54029,8.963602],[-79.540199,8.963582],[-79.540189,8.963632],[-79.540083,8.963607],[-79.540103,8.963507],[-79.540408,8.963579]]]}},{"type":"Feature","properties":{"name":null},"geometry":{"type":"Polygon","coordinates":[[[-79.555651,8.940549],[-79.555504,8.940431],[-79.555429,8.940522],[-79.555517,8.940592],[-79.555547,8.940556],[-79.555607,8.940603],[-79.555651,8.940549]]]}},{"type":"Feature","properties":{"name":null},"geometry":{"type":"Polygon","coordinates":[[[-79.55596,8.941803],[-79.555835,8.941677],[-79.556073,8.941448],[-79.556198,8.941574],[-79.55596,8.941803]]]}},{"type":"Feature","properties":{"name":null},"geometry":{"type":"Polygon","coordinates":[[[-79.540011,8.957465],[-79.539924,8.957499],[-79.539895,8.957425],[-79.539938,8.957408],[-79.539946,8.957429],[-79.539962,8.957423],[-79.539966,8.957431],[-79.539994,8.957421],[-79.540011,8.957465]]]}},{"type":"Feature","properties":{"name":null},"geometry":{"type":"Polygon","coordinates":[[[-79.540249,8.957408],[-79.540214,8.957333],[-79.540386,8.957254],[-79.540421,8.957329],[-79.540249,8.957408]]]}},{"type":"Feature","properties":{"name":null},"geometry":{"type":"Polygon","coordinates":[[[-79.539436,8.962848],[-79.539404,8.96286],[-79.539391,8.962826],[-79.539424,8.962814],[-79.539436,8.962848]]]}},{"type":"Feature","properties":{"name":null},"geometry":{"type":"Polygon","coordinates":[[[-79.539524,8.963004],[-79.539535,8.962957],[-79.539615,8.962975],[-79.539604,8.963022],[-79.539524,8.963004]]]}},{"type":"Feature","properties":{"name":null},"geometry":{"type":"Polygon","coordinates":[[[-79.539503,8.963043],[-79.53943,8.963026],[-79.539453,8.962931],[-79.539525,8.962948],[-79.539503,8.963043]]]}},{"type":"Feature","properties":{"name":null},"geometry":{"type":"Polygon","coordinates":[[[-79.539291,8.963069],[-79.539163,8.963038],[-79.539182,8.962963],[-79.53931,8.962994],[-79.539291,8.963069]]]}},{"type":"Feature","properties":{"name":null},"geometry":{"type":"Polygon","coordinates":[[[-79.539296,8.963093],[-79.53932,8.962992],[-79.539377,8.963005],[-79.539353,8.963106],[-79.539296,8.963093]]]}},{"type":"Feature","properties":{"name":null},"geometry":{"type":"Polygon","coordinates":[[[-79.539398,8.963095],[-79.53936,8.963086],[-79.539379,8.963007],[-79.539417,8.963016],[-79.539398,8.963095]]]}},{"type":"Feature","properties":{"name":null},"geometry":{"type":"Polygon","coordinates":[[[-79.549471,8.958087],[-79.549484,8.958086],[-79.549484,8.95807],[-79.549523,8.958069],[-79.549522,8.958062],[-79.549541,8.958062],[-79.54954,8.958031],[-79.549525,8.958032],[-79.549523,8.957992],[-79.549469,8.957994],[-79.549471,8.958087]]]}},{"type":"Feature","properties":{"name":null},"geometry":{"type":"Polygon","coordinates":[[[-79.549682,8.960069],[-79.549716,8.960062],[-79.549705,8.960012],[-79.549671,8.960019],[-79.549674,8.960033],[-79.549682,8.960069]]]}},{"type":"Feature","properties":{"name":null},"geometry":{"type":"Polygon","coordinates":[[[-79.549708,8.960003],[-79.549644,8.960013],[-79.549634,8.95995],[-79.549698,8.95994],[-79.549708,8.960003]]]}},{"type":"Feature","properties":{"name":null},"geometry":{"type":"Polygon","coordinates":[[[-79.549522,8.960061],[-79.549674,8.960063],[-79.549674,8.960033],[-79.549523,8.960031],[-79.549522,8.960061]]]}},{"type":"Feature","properties":{"name":null},"geometry":{"type":"Polygon","coordinates":[[[-79.549563,8.960002],[-79.549593,8.96001],[-79.549606,8.959966],[-79.549584,8.95996],[-79.549594,8.959925],[-79.54953,8.959908],[-79.549509,8.959981],[-79.549565,8.959996],[-79.549563,8.960002]]]}},{"type":"Feature","properties":{"name":null},"geometry":{"type":"Polygon","coordinates":[[[-79.549556,8.959901],[-79.549627,8.959914],[-79.549629,8.9599],[-79.549643,8.959903],[-79.549645,8.959891],[-79.549642,8.959884],[-79.549627,8.959881],[-79.54963,8.959861],[-79.549565,8.95985],[-79.549556,8.959901]]]}},{"type":"Feature","properties":{"name":null},"geometry":{"type":"Polygon","coordinates":[[[-79.53817,8.961318],[-79.538148,8.961334],[-79.538185,8.961386],[-79.538131,8.961424],[-79.538094,8.961374],[-79.538062,8.961397],[-79.538183,8.961561],[-79.53821,8.961541],[-79.538168,8.961484],[-79.538221,8.961445],[-79.538264,8.961503],[-79.538415,8.961395],[-79.538479,8.961484],[-79.538156,8.961715],[-79.538091,8.961626],[-79.537971,8.961462],[-79.537902,8.961368],[-79.537882,8.96134],[-79.538082,8.961197],[-79.538095,8.961215],[-79.538102,8.961224],[-79.53817,8.961318]]]}},{"type":"Feature","properties":{"name":null},"geometry":{"type":"Polygon","coordinates":[[[-79.550962,8.958858],[-79.5509,8.958858],[-79.550899,8.958805],[-79.550961,8.958804],[-79.550962,8.958858]]]}},{"type":"Feature","properties":{"name":"Capital Bristó Panamá"},"geometry":{"type":"Polygon","coordinates":[[[-79.535933,8.954018],[-79.535933,8.95405],[-79.535836,8.954048],[-79.535837,8.954017],[-79.535933,8.954018]]]}},{"type":"Feature","properties":{"name":null},"geometry":{"type":"Polygon","coordinates":[[[-79.534931,8.954007],[-79.534925,8.954082],[-79.534884,8.954079],[-79.53489,8.954004],[-79.534931,8.954007]]]}},{"type":"Feature","properties":{"name":null},"geometry":{"type":"Polygon","coordinates":[[[-79.533313,8.953914],[-79.533304,8.954028],[-79.53347,8.954041],[-79.533479,8.953927],[-79.533313,8.953914]]]}},{"type":"Feature","properties":{"name":null},"geometry":{"type":"Polygon","coordinates":[[[-79.534982,8.950547],[-79.534963,8.950704],[-79.534803,8.950797],[-79.534736,8.950691],[-79.534711,8.950651],[-79.534722,8.95064],[-79.534784,8.950601],[-79.534823,8.950656],[-79.534982,8.950547]]]}},{"type":"Feature","properties":{"name":"Sofitel Legend Casco Viejo"},"geometry":{"type":"Polygon","coordinates":[[[-79.531738,8.951374],[-79.531754,8.951375],[-79.532276,8.951386],[-79.532268,8.951735],[-79.532219,8.951734],[-79.532118,8.951732],[-79.532117,8.951766],[-79.532158,8.951766],[-79.532157,8.951854],[-79.532172,8.951854],[-79.532169,8.95207],[-79.531967,8.95207],[-79.5316,8.952062],[-79.531601,8.952046],[-79.531498,8.952045],[-79.531502,8.951819],[-79.531607,8.95182],[-79.531607,8.951784],[-79.531655,8.951785],[-79.531662,8.951535],[-79.531673,8.951536],[-79.531675,8.951388],[-79.531736,8.951389],[-79.531738,8.951374]]]}},{"type":"Feature","properties":{"name":null},"geometry":{"type":"Polygon","coordinates":[[[-79.538624,8.965471],[-79.538636,8.965453],[-79.538674,8.965476],[-79.538662,8.965494],[-79.538683,8.965506],[-79.5387,8.965478],[-79.538736,8.965499],[-79.538809,8.965381],[-79.53891,8.965442],[-79.538838,8.96556],[-79.538795,8.96563],[-79.538599,8.965513],[-79.538624,8.965471]]]}},{"type":"Feature","properties":{"name":null},"geometry":{"type":"Polygon","coordinates":[[[-79.535491,8.953871],[-79.535485,8.953988],[-79.535337,8.953991],[-79.535357,8.953747],[-79.535495,8.953754],[-79.535491,8.953871]]]}},{"type":"Feature","properties":{"name":null},"geometry":{"type":"Polygon","coordinates":[[[-79.535224,8.95386],[-79.535216,8.953983],[-79.53513,8.953979],[-79.535139,8.953852],[-79.535212,8.953859],[-79.535224,8.95386]]]}},{"type":"Feature","properties":{"name":null},"geometry":{"type":"Polygon","coordinates":[[[-79.535485,8.953988],[-79.535491,8.953871],[-79.535624,8.95387],[-79.535613,8.953982],[-79.535485,8.953988]]]}},{"type":"Feature","properties":{"name":null},"geometry":{"type":"Polygon","coordinates":[[[-79.54155,8.960233],[-79.541497,8.960144],[-79.541659,8.960052],[-79.541647,8.960025],[-79.541682,8.960007],[-79.541702,8.960009],[-79.541764,8.960126],[-79.541713,8.960152],[-79.54155,8.960233]]]}},{"type":"Feature","properties":{"name":null},"geometry":{"type":"Polygon","coordinates":[[[-79.541427,8.960097],[-79.541316,8.959998],[-79.541418,8.959986],[-79.541494,8.960059],[-79.541458,8.960079],[-79.541427,8.960097]]]}},{"type":"Feature","properties":{"name":null},"geometry":{"type":"Polygon","coordinates":[[[-79.541764,8.960126],[-79.541713,8.960152],[-79.541746,8.960223],[-79.541916,8.960212],[-79.54192,8.96008],[-79.541809,8.960112],[-79.541764,8.960126]]]}},{"type":"Feature","properties":{"name":null},"geometry":{"type":"Polygon","coordinates":[[[-79.541311,8.959911],[-79.541307,8.959998],[-79.541316,8.959998],[-79.541418,8.959986],[-79.541682,8.960007],[-79.541702,8.960009],[-79.541776,8.960015],[-79.541921,8.960027],[-79.541924,8.959916],[-79.541789,8.959889],[-79.541788,8.959928],[-79.54175,8.959922],[-79.541687,8.95991],[-79.541497,8.959875],[-79.541493,8.959917],[-79.541421,8.959913],[-79.541311,8.959911]]]}},{"type":"Feature","properties":{"name":null},"geometry":{"type":"Polygon","coordinates":[[[-79.541493,8.959917],[-79.541421,8.959913],[-79.541311,8.959911],[-79.541315,8.959854],[-79.541437,8.959864],[-79.541497,8.959875],[-79.541493,8.959917]]]}},{"type":"Feature","properties":{"name":null},"geometry":{"type":"Polygon","coordinates":[[[-79.541315,8.959854],[-79.54132,8.959775],[-79.541451,8.959787],[-79.541699,8.95984],[-79.541687,8.95991],[-79.541497,8.959875],[-79.541437,8.959864],[-79.541315,8.959854]]]}},{"type":"Feature","properties":{"name":null},"geometry":{"type":"Polygon","coordinates":[[[-79.54132,8.959775],[-79.541326,8.959696],[-79.541705,8.959758],[-79.541744,8.959763],[-79.541729,8.959847],[-79.541699,8.95984],[-79.541451,8.959787],[-79.54132,8.959775]]]}},{"type":"Feature","properties":{"name":null},"geometry":{"type":"Polygon","coordinates":[[[-79.541503,8.959137],[-79.541347,8.95914],[-79.541333,8.95904],[-79.541495,8.959024],[-79.541503,8.959137]]]}},{"type":"Feature","properties":{"name":null},"geometry":{"type":"Polygon","coordinates":[[[-79.541327,8.958998],[-79.541313,8.958899],[-79.541634,8.958851],[-79.541645,8.958965],[-79.541631,8.958968],[-79.541327,8.958998]]]}},{"type":"Feature","properties":{"name":null},"geometry":{"type":"Polygon","coordinates":[[[-79.541334,8.959336],[-79.541347,8.95914],[-79.541503,8.959137],[-79.541622,8.959135],[-79.541689,8.959134],[-79.541676,8.959381],[-79.541616,8.959368],[-79.54143,8.959332],[-79.541334,8.959336]]]}},{"type":"Feature","properties":{"name":null},"geometry":{"type":"Polygon","coordinates":[[[-79.541332,8.959452],[-79.541329,8.959538],[-79.541435,8.959553],[-79.541441,8.959452],[-79.541332,8.959452]]]}},{"type":"Feature","properties":{"name":null},"geometry":{"type":"Polygon","coordinates":[[[-79.541329,8.959538],[-79.541317,8.959628],[-79.541328,8.95963],[-79.541648,8.959673],[-79.541661,8.959583],[-79.541618,8.959577],[-79.541435,8.959553],[-79.541329,8.959538]]]}},{"type":"Feature","properties":{"name":null},"geometry":{"type":"Polygon","coordinates":[[[-79.5412,8.959423],[-79.541207,8.95927],[-79.540896,8.95934],[-79.54093,8.959483],[-79.541093,8.959446],[-79.5412,8.959423]]]}},{"type":"Feature","properties":{"name":null},"geometry":{"type":"Polygon","coordinates":[[[-79.540749,8.959185],[-79.540726,8.959191],[-79.54068,8.959203],[-79.540668,8.95916],[-79.540641,8.959056],[-79.540859,8.958996],[-79.5409,8.959146],[-79.540855,8.959158],[-79.540749,8.959185]]]}},{"type":"Feature","properties":{"name":null},"geometry":{"type":"Polygon","coordinates":[[[-79.541194,8.959093],[-79.541184,8.958991],[-79.541014,8.959042],[-79.540976,8.959052],[-79.540997,8.959132],[-79.541001,8.959146],[-79.541028,8.959139],[-79.541108,8.959117],[-79.541194,8.959093]]]}},{"type":"Feature","properties":{"name":null},"geometry":{"type":"Polygon","coordinates":[[[-79.541184,8.958991],[-79.541176,8.958909],[-79.54099,8.95896],[-79.541014,8.959042],[-79.541184,8.958991]]]}},{"type":"Feature","properties":{"name":null},"geometry":{"type":"Polygon","coordinates":[[[-79.5412,8.959423],[-79.541196,8.959571],[-79.541125,8.959587],[-79.541093,8.959446],[-79.5412,8.959423]]]}},{"type":"Feature","properties":{"name":null},"geometry":{"type":"Polygon","coordinates":[[[-79.540404,8.959512],[-79.540791,8.959421],[-79.540779,8.959365],[-79.540391,8.959457],[-79.540404,8.959512]]]}},{"type":"Feature","properties":{"name":null},"geometry":{"type":"Polygon","coordinates":[[[-79.540196,8.959003],[-79.540131,8.958837],[-79.540324,8.958768],[-79.54038,8.958936],[-79.540385,8.958949],[-79.540196,8.959003]]]}},{"type":"Feature","properties":{"name":null},"geometry":{"type":"Polygon","coordinates":[[[-79.540324,8.958768],[-79.540387,8.958747],[-79.540443,8.958916],[-79.54038,8.958936],[-79.540324,8.958768]]]}},{"type":"Feature","properties":{"name":null},"geometry":{"type":"Polygon","coordinates":[[[-79.540443,8.958916],[-79.540565,8.958876],[-79.540507,8.958706],[-79.540387,8.958747],[-79.540443,8.958916]]]}},{"type":"Feature","properties":{"name":null},"geometry":{"type":"Polygon","coordinates":[[[-79.540686,8.958837],[-79.540565,8.958876],[-79.540507,8.958706],[-79.540626,8.958664],[-79.540686,8.958837]]]}},{"type":"Feature","properties":{"name":null},"geometry":{"type":"Polygon","coordinates":[[[-79.540686,8.958837],[-79.540777,8.958806],[-79.540719,8.958633],[-79.540626,8.958664],[-79.540686,8.958837]]]}},{"type":"Feature","properties":{"name":null},"geometry":{"type":"Polygon","coordinates":[[[-79.541017,8.958901],[-79.541151,8.958858],[-79.54117,8.958824],[-79.54114,8.958734],[-79.540979,8.958787],[-79.541017,8.958901]]]}},{"type":"Feature","properties":{"name":null},"geometry":{"type":"Polygon","coordinates":[[[-79.540947,8.958923],[-79.541017,8.958901],[-79.540979,8.958787],[-79.54091,8.95881],[-79.540947,8.958923]]]}},{"type":"Feature","properties":{"name":null},"geometry":{"type":"Polygon","coordinates":[[[-79.540947,8.958923],[-79.540866,8.958949],[-79.540829,8.958836],[-79.540892,8.958815],[-79.54091,8.95881],[-79.540947,8.958923]]]}},{"type":"Feature","properties":{"name":null},"geometry":{"type":"Polygon","coordinates":[[[-79.540419,8.959056],[-79.540403,8.959006],[-79.540613,8.958949],[-79.540627,8.958998],[-79.540419,8.959056]]]}},{"type":"Feature","properties":{"name":null},"geometry":{"type":"Polygon","coordinates":[[[-79.539869,8.959258],[-79.539941,8.959523],[-79.540078,8.959494],[-79.540063,8.959433],[-79.540033,8.959313],[-79.54001,8.959217],[-79.539869,8.959258]]]}},{"type":"Feature","properties":{"name":null},"geometry":{"type":"Polygon","coordinates":[[[-79.539052,8.959738],[-79.539022,8.959669],[-79.539157,8.95961],[-79.539251,8.959822],[-79.539163,8.95986],[-79.5391,8.959717],[-79.539052,8.959738]]]}},{"type":"Feature","properties":{"name":null},"geometry":{"type":"Polygon","coordinates":[[[-79.539443,8.96008],[-79.539368,8.960111],[-79.539251,8.959838],[-79.539435,8.959762],[-79.539535,8.959995],[-79.539426,8.960041],[-79.539443,8.96008]]]}},{"type":"Feature","properties":{"name":null},"geometry":{"type":"Polygon","coordinates":[[[-79.53846,8.95974],[-79.538503,8.959642],[-79.538727,8.959748],[-79.538705,8.959795],[-79.538608,8.959749],[-79.538585,8.959796],[-79.53846,8.95974]]]}},{"type":"Feature","properties":{"name":null},"geometry":{"type":"Polygon","coordinates":[[[-79.538447,8.959016],[-79.53847,8.958932],[-79.53834,8.958899],[-79.538318,8.958982],[-79.538447,8.959016]]]}},{"type":"Feature","properties":{"name":null},"geometry":{"type":"Polygon","coordinates":[[[-79.538401,8.959216],[-79.538424,8.959135],[-79.538162,8.959063],[-79.538127,8.95912],[-79.538191,8.959139],[-79.538305,8.959171],[-79.53831,8.959156],[-79.53834,8.959165],[-79.53833,8.959196],[-79.538401,8.959216]]]}},{"type":"Feature","properties":{"name":null},"geometry":{"type":"Polygon","coordinates":[[[-79.538127,8.95912],[-79.538191,8.959139],[-79.538117,8.959246],[-79.53808,8.959238],[-79.538049,8.959231],[-79.538127,8.95912]]]}},{"type":"Feature","properties":{"name":null},"geometry":{"type":"Polygon","coordinates":[[[-79.537954,8.959416],[-79.538002,8.959348],[-79.538039,8.959301],[-79.53812,8.959324],[-79.538037,8.959449],[-79.537954,8.959416]]]}},{"type":"Feature","properties":{"name":null},"geometry":{"type":"Polygon","coordinates":[[[-79.540628,8.958582],[-79.540556,8.958373],[-79.540475,8.958409],[-79.540548,8.958611],[-79.540628,8.958582]]]}},{"type":"Feature","properties":{"name":null},"geometry":{"type":"Polygon","coordinates":[[[-79.540548,8.958611],[-79.540475,8.958409],[-79.540412,8.958437],[-79.540485,8.958634],[-79.540548,8.958611]]]}},{"type":"Feature","properties":{"name":null},"geometry":{"type":"Polygon","coordinates":[[[-79.540412,8.958437],[-79.540348,8.958465],[-79.540422,8.958656],[-79.540485,8.958634],[-79.540412,8.958437]]]}},{"type":"Feature","properties":{"name":null},"geometry":{"type":"Polygon","coordinates":[[[-79.540348,8.958465],[-79.54029,8.958491],[-79.540363,8.958678],[-79.540422,8.958656],[-79.540348,8.958465]]]}},{"type":"Feature","properties":{"name":"Estacionamientos Vendela"},"geometry":{"type":"Polygon","coordinates":[[[-79.539704,8.958818],[-79.53947,8.958313],[-79.539548,8.958279],[-79.539712,8.958209],[-79.540006,8.958082],[-79.540075,8.958231],[-79.540208,8.958527],[-79.54017,8.958544],[-79.540111,8.95857],[-79.54012,8.958596],[-79.540001,8.958639],[-79.540007,8.958654],[-79.539719,8.958795],[-79.539704,8.958818]]]}},{"type":"Feature","properties":{"name":null},"geometry":{"type":"Polygon","coordinates":[[[-79.540176,8.958745],[-79.540235,8.958724],[-79.54017,8.958544],[-79.540111,8.95857],[-79.54012,8.958596],[-79.540176,8.958745]]]}},{"type":"Feature","properties":{"name":"Luar Tropical"},"geometry":{"type":"Polygon","coordinates":[[[-79.540363,8.958678],[-79.540301,8.9587],[-79.540232,8.958516],[-79.54029,8.958491],[-79.540363,8.958678]]]}},{"type":"Feature","properties":{"name":null},"geometry":{"type":"Polygon","coordinates":[[[-79.540688,8.957671],[-79.540707,8.957662],[-79.540744,8.957745],[-79.540719,8.957755],[-79.540586,8.957814],[-79.540507,8.957848],[-79.540471,8.957766],[-79.540688,8.957671]]]}},{"type":"Feature","properties":{"name":null},"geometry":{"type":"Polygon","coordinates":[[[-79.541004,8.958346],[-79.540946,8.958202],[-79.540925,8.958212],[-79.540791,8.958271],[-79.540709,8.958305],[-79.540759,8.958439],[-79.541004,8.958346]]]}},{"type":"Feature","properties":{"name":null},"geometry":{"type":"Polygon","coordinates":[[[-79.540709,8.958305],[-79.540556,8.958373],[-79.540628,8.958582],[-79.540791,8.958523],[-79.540759,8.958439],[-79.540709,8.958305]]]}},{"type":"Feature","properties":{"name":null},"geometry":{"type":"Polygon","coordinates":[[[-79.541864,8.95887],[-79.541887,8.958815],[-79.542038,8.95885],[-79.542011,8.958776],[-79.542055,8.958757],[-79.5421,8.958871],[-79.542091,8.95891],[-79.541864,8.95887]]]}},{"type":"Feature","properties":{"name":"Fonda El Criollo"},"geometry":{"type":"Polygon","coordinates":[[[-79.541864,8.95887],[-79.541792,8.95884],[-79.541843,8.958716],[-79.541854,8.958689],[-79.541927,8.958718],[-79.541887,8.958815],[-79.541864,8.95887]]]}},{"type":"Feature","properties":{"name":null},"geometry":{"type":"Polygon","coordinates":[[[-79.541792,8.95884],[-79.541414,8.95859],[-79.541449,8.958541],[-79.541765,8.958765],[-79.541801,8.958699],[-79.541843,8.958716],[-79.541792,8.95884]]]}},{"type":"Feature","properties":{"name":null},"geometry":{"type":"Polygon","coordinates":[[[-79.541941,8.958467],[-79.541973,8.95855],[-79.541763,8.95863],[-79.541744,8.95858],[-79.541731,8.958547],[-79.541814,8.958516],[-79.541941,8.958467]]]}},{"type":"Feature","properties":{"name":null},"geometry":{"type":"Polygon","coordinates":[[[-79.541988,8.958588],[-79.541973,8.95855],[-79.541763,8.95863],[-79.541744,8.95858],[-79.541676,8.958612],[-79.541712,8.958689],[-79.541988,8.958588]]]}},{"type":"Feature","properties":{"name":null},"geometry":{"type":"Polygon","coordinates":[[[-79.541803,8.958493],[-79.541787,8.958464],[-79.541782,8.958454],[-79.541746,8.958416],[-79.541538,8.958523],[-79.541584,8.958601],[-79.541729,8.958531],[-79.541803,8.958493]]]}},{"type":"Feature","properties":{"name":null},"geometry":{"type":"Polygon","coordinates":[[[-79.541113,8.95817],[-79.541329,8.958062],[-79.541357,8.958116],[-79.541386,8.958174],[-79.541168,8.958282],[-79.541113,8.95817]]]}},{"type":"Feature","properties":{"name":null},"geometry":{"type":"Polygon","coordinates":[[[-79.541429,8.958258],[-79.541462,8.958324],[-79.541419,8.958345],[-79.541243,8.958432],[-79.54121,8.958366],[-79.541429,8.958258]]]}},{"type":"Feature","properties":{"name":null},"geometry":{"type":"Polygon","coordinates":[[[-79.541243,8.958432],[-79.541275,8.958496],[-79.541308,8.95848],[-79.541445,8.958412],[-79.541461,8.958446],[-79.541677,8.95834],[-79.541647,8.958264],[-79.541637,8.958239],[-79.541419,8.958345],[-79.541243,8.958432]]]}},{"type":"Feature","properties":{"name":null},"geometry":{"type":"Polygon","coordinates":[[[-79.541113,8.95817],[-79.541055,8.958045],[-79.541251,8.95795],[-79.541209,8.957868],[-79.541272,8.957802],[-79.541338,8.957735],[-79.541426,8.957706],[-79.541443,8.957749],[-79.541526,8.95796],[-79.541554,8.958029],[-79.541357,8.958116],[-79.541329,8.958062],[-79.541113,8.95817]]]}},{"type":"Feature","properties":{"name":null},"geometry":{"type":"Polygon","coordinates":[[[-79.541055,8.958045],[-79.541015,8.957965],[-79.541209,8.957868],[-79.541251,8.95795],[-79.541055,8.958045]]]}},{"type":"Feature","properties":{"name":null},"geometry":{"type":"Polygon","coordinates":[[[-79.541015,8.957965],[-79.540983,8.957901],[-79.541254,8.95777],[-79.541272,8.957802],[-79.541209,8.957868],[-79.541015,8.957965]]]}},{"type":"Feature","properties":{"name":null},"geometry":{"type":"Polygon","coordinates":[[[-79.540906,8.957745],[-79.540828,8.957598],[-79.541112,8.957472],[-79.541181,8.957613],[-79.540906,8.957745]]]}},{"type":"Feature","properties":{"name":null},"geometry":{"type":"Polygon","coordinates":[[[-79.541035,8.957304],[-79.541162,8.957242],[-79.541245,8.957201],[-79.541347,8.957277],[-79.541543,8.957427],[-79.541439,8.957482],[-79.541235,8.95759],[-79.54121,8.957602],[-79.541181,8.957613],[-79.541112,8.957472],[-79.541088,8.95742],[-79.541035,8.957304]]]}},{"type":"Feature","properties":{"name":"Hotel Doral Panamá"},"geometry":{"type":"Polygon","coordinates":[[[-79.541637,8.957638],[-79.541647,8.95767],[-79.54173,8.957881],[-79.54172,8.957885],[-79.541526,8.95796],[-79.541443,8.957749],[-79.541426,8.957706],[-79.541637,8.957638]]]}},{"type":"Feature","properties":{"name":null},"geometry":{"type":"Polygon","coordinates":[[[-79.541748,8.957954],[-79.541841,8.958189],[-79.541836,8.958191],[-79.541647,8.958264],[-79.541637,8.958239],[-79.541554,8.958029],[-79.541748,8.957954]]]}},{"type":"Feature","properties":{"name":null},"geometry":{"type":"Polygon","coordinates":[[[-79.541912,8.958384],[-79.541836,8.958191],[-79.541647,8.958264],[-79.541677,8.95834],[-79.541703,8.958369],[-79.541746,8.958416],[-79.541859,8.958384],[-79.541867,8.958403],[-79.541912,8.958384]]]}},{"type":"Feature","properties":{"name":null},"geometry":{"type":"Polygon","coordinates":[[[-79.541703,8.958369],[-79.541498,8.958472],[-79.541461,8.958446],[-79.541677,8.95834],[-79.541703,8.958369]]]}},{"type":"Feature","properties":{"name":null},"geometry":{"type":"Polygon","coordinates":[[[-79.541445,8.958412],[-79.541308,8.95848],[-79.541335,8.958509],[-79.541461,8.958446],[-79.541445,8.958412]]]}},{"type":"Feature","properties":{"name":null},"geometry":{"type":"Polygon","coordinates":[[[-79.541208,8.956426],[-79.541193,8.956294],[-79.54116,8.956298],[-79.540933,8.956325],[-79.540944,8.95638],[-79.540999,8.956371],[-79.541015,8.956461],[-79.54103,8.956458],[-79.541131,8.95644],[-79.541208,8.956426]]]}},{"type":"Feature","properties":{"name":null},"geometry":{"type":"Polygon","coordinates":[[[-79.541054,8.956582],[-79.54103,8.956458],[-79.541131,8.95644],[-79.541148,8.956527],[-79.541105,8.956573],[-79.541054,8.956582]]]}},{"type":"Feature","properties":{"name":null},"geometry":{"type":"Polygon","coordinates":[[[-79.541215,8.957071],[-79.541237,8.957059],[-79.541329,8.956948],[-79.541312,8.956931],[-79.541209,8.956948],[-79.541211,8.956979],[-79.541215,8.957071]]]}},{"type":"Feature","properties":{"name":null},"geometry":{"type":"Polygon","coordinates":[[[-79.54039,8.956952],[-79.540317,8.956859],[-79.540534,8.956714],[-79.540579,8.956782],[-79.540561,8.956792],[-79.540576,8.956819],[-79.540593,8.956848],[-79.54039,8.956952]]]}},{"type":"Feature","properties":{"name":null},"geometry":{"type":"Polygon","coordinates":[[[-79.540088,8.956573],[-79.540034,8.956495],[-79.540206,8.956379],[-79.540227,8.956419],[-79.540244,8.956452],[-79.540088,8.956573]]]}},{"type":"Feature","properties":{"name":null},"geometry":{"type":"Polygon","coordinates":[[[-79.540244,8.95607],[-79.54007,8.956109],[-79.540095,8.956197],[-79.540074,8.956203],[-79.54012,8.956264],[-79.540138,8.956251],[-79.540186,8.956342],[-79.540206,8.956379],[-79.540227,8.956419],[-79.540284,8.956383],[-79.540266,8.956357],[-79.540323,8.956327],[-79.540302,8.956256],[-79.540244,8.95607]]]}},{"type":"Feature","properties":{"name":"Las Gemelas 1"},"geometry":{"type":"Polygon","coordinates":[[[-79.539324,8.958429],[-79.539264,8.958303],[-79.538705,8.958564],[-79.538659,8.958586],[-79.53872,8.958712],[-79.538951,8.958603],[-79.538966,8.958633],[-79.539062,8.958588],[-79.539048,8.958558],[-79.539324,8.958429]]]}},{"type":"Feature","properties":{"name":"Genesis"},"geometry":{"type":"Polygon","coordinates":[[[-79.541246,8.954438],[-79.540974,8.954411],[-79.540988,8.954272],[-79.54126,8.954299],[-79.541246,8.954438]]]}},{"type":"Feature","properties":{"name":null},"geometry":{"type":"Polygon","coordinates":[[[-79.540432,8.955963],[-79.540398,8.95597],[-79.540376,8.955731],[-79.540412,8.95573],[-79.540432,8.955963]]]}},{"type":"Feature","properties":{"name":null},"geometry":{"type":"Polygon","coordinates":[[[-79.540243,8.956004],[-79.54017,8.956022],[-79.540149,8.955881],[-79.540128,8.955734],[-79.540217,8.955724],[-79.540243,8.956004]]]}},{"type":"Feature","properties":{"name":null},"geometry":{"type":"Polygon","coordinates":[[[-79.539692,8.956019],[-79.53975,8.956138],[-79.539889,8.95609],[-79.539855,8.955975],[-79.539692,8.956019]]]}},{"type":"Feature","properties":{"name":null},"geometry":{"type":"Polygon","coordinates":[[[-79.540563,8.955657],[-79.540564,8.955573],[-79.540502,8.955572],[-79.540501,8.955656],[-79.540563,8.955657]]]}},{"type":"Feature","properties":{"name":null},"geometry":{"type":"Polygon","coordinates":[[[-79.540502,8.955572],[-79.540477,8.955572],[-79.540457,8.955572],[-79.540456,8.955656],[-79.540501,8.955656],[-79.540502,8.955572]]]}},{"type":"Feature","properties":{"name":null},"geometry":{"type":"Polygon","coordinates":[[[-79.540456,8.955656],[-79.540457,8.955572],[-79.540399,8.955571],[-79.540398,8.955655],[-79.540456,8.955656]]]}},{"type":"Feature","properties":{"name":null},"geometry":{"type":"Polygon","coordinates":[[[-79.540564,8.955573],[-79.540566,8.955446],[-79.540479,8.955444],[-79.540477,8.955572],[-79.540502,8.955572],[-79.540564,8.955573]]]}},{"type":"Feature","properties":{"name":null},"geometry":{"type":"Polygon","coordinates":[[[-79.54042,8.955443],[-79.540421,8.955396],[-79.540503,8.955397],[-79.540503,8.955377],[-79.540582,8.955378],[-79.540581,8.955446],[-79.540566,8.955446],[-79.540479,8.955444],[-79.54042,8.955443]]]}},{"type":"Feature","properties":{"name":null},"geometry":{"type":"Polygon","coordinates":[[[-79.540583,8.955333],[-79.540585,8.955278],[-79.540472,8.955274],[-79.540471,8.955301],[-79.540487,8.955301],[-79.540485,8.95533],[-79.540504,8.955331],[-79.540583,8.955333]]]}},{"type":"Feature","properties":{"name":null},"geometry":{"type":"Polygon","coordinates":[[[-79.540585,8.955278],[-79.540587,8.95523],[-79.540474,8.955226],[-79.540472,8.955274],[-79.540585,8.955278]]]}},{"type":"Feature","properties":{"name":null},"geometry":{"type":"Polygon","coordinates":[[[-79.540587,8.95523],[-79.540588,8.955184],[-79.540466,8.955179],[-79.540464,8.955226],[-79.540474,8.955226],[-79.540587,8.95523]]]}},{"type":"Feature","properties":{"name":null},"geometry":{"type":"Polygon","coordinates":[[[-79.540588,8.955184],[-79.54059,8.955144],[-79.540339,8.955134],[-79.540336,8.955175],[-79.540466,8.955179],[-79.540588,8.955184]]]}},{"type":"Feature","properties":{"name":null},"geometry":{"type":"Polygon","coordinates":[[[-79.540117,8.955671],[-79.54031,8.955653],[-79.540299,8.95553],[-79.540226,8.955537],[-79.540228,8.955555],[-79.540205,8.955588],[-79.54011,8.955596],[-79.540117,8.955671]]]}},{"type":"Feature","properties":{"name":null},"geometry":{"type":"Polygon","coordinates":[[[-79.539573,8.955791],[-79.539522,8.955694],[-79.539674,8.955645],[-79.53971,8.955759],[-79.539573,8.955791]]]}},{"type":"Feature","properties":{"name":null},"geometry":{"type":"Polygon","coordinates":[[[-79.53971,8.955759],[-79.539842,8.955726],[-79.539827,8.955597],[-79.539705,8.955636],[-79.539674,8.955645],[-79.53971,8.955759]]]}},{"type":"Feature","properties":{"name":null},"geometry":{"type":"Polygon","coordinates":[[[-79.539827,8.955597],[-79.539815,8.955474],[-79.539675,8.955519],[-79.539705,8.955636],[-79.539827,8.955597]]]}},{"type":"Feature","properties":{"name":null},"geometry":{"type":"Polygon","coordinates":[[[-79.539522,8.955694],[-79.539466,8.955585],[-79.539675,8.955519],[-79.539705,8.955636],[-79.539674,8.955645],[-79.539522,8.955694]]]}},{"type":"Feature","properties":{"name":null},"geometry":{"type":"Polygon","coordinates":[[[-79.539466,8.955585],[-79.539448,8.955552],[-79.539811,8.95544],[-79.539815,8.955474],[-79.539675,8.955519],[-79.539466,8.955585]]]}},{"type":"Feature","properties":{"name":null},"geometry":{"type":"Polygon","coordinates":[[[-79.539555,8.955219],[-79.539527,8.955123],[-79.539762,8.955082],[-79.539774,8.955169],[-79.539555,8.955219]]]}},{"type":"Feature","properties":{"name":null},"geometry":{"type":"Polygon","coordinates":[[[-79.539238,8.95514],[-79.539175,8.955026],[-79.539459,8.954918],[-79.53948,8.954982],[-79.539499,8.955039],[-79.539238,8.95514]]]}},{"type":"Feature","properties":{"name":null},"geometry":{"type":"Polygon","coordinates":[[[-79.539459,8.954918],[-79.539494,8.954905],[-79.53947,8.954823],[-79.539458,8.954827],[-79.539138,8.954944],[-79.539175,8.955026],[-79.539459,8.954918]]]}},{"type":"Feature","properties":{"name":null},"geometry":{"type":"Polygon","coordinates":[[[-79.539097,8.954858],[-79.539138,8.954944],[-79.539458,8.954827],[-79.539456,8.954783],[-79.539742,8.954773],[-79.539738,8.954701],[-79.539419,8.954746],[-79.539416,8.954738],[-79.539097,8.954858]]]}},{"type":"Feature","properties":{"name":null},"geometry":{"type":"Polygon","coordinates":[[[-79.54006,8.95486],[-79.540053,8.95476],[-79.53992,8.954769],[-79.539915,8.954688],[-79.5398,8.954696],[-79.539813,8.954877],[-79.54006,8.95486]]]}},{"type":"Feature","properties":{"name":"Casa Máximo Molina S."},"geometry":{"type":"Polygon","coordinates":[[[-79.540241,8.954532],[-79.540233,8.954446],[-79.540144,8.954453],[-79.540093,8.954457],[-79.540103,8.954544],[-79.540241,8.954532]]]}},{"type":"Feature","properties":{"name":"Casa Vilma"},"geometry":{"type":"Polygon","coordinates":[[[-79.540075,8.954226],[-79.53987,8.954238],[-79.539878,8.95437],[-79.540082,8.954359],[-79.540075,8.954226]]]}},{"type":"Feature","properties":{"name":"Casa Débora"},"geometry":{"type":"Polygon","coordinates":[[[-79.539878,8.95437],[-79.53977,8.954377],[-79.539763,8.954266],[-79.539786,8.954243],[-79.53987,8.954238],[-79.539878,8.95437]]]}},{"type":"Feature","properties":{"name":null},"geometry":{"type":"Polygon","coordinates":[[[-79.540478,8.954477],[-79.540481,8.954413],[-79.540631,8.95442],[-79.540628,8.954484],[-79.540478,8.954477]]]}},{"type":"Feature","properties":{"name":"Fundacion Paz de Dios al Manesteroso"},"geometry":{"type":"Polygon","coordinates":[[[-79.541531,8.954124],[-79.541536,8.954202],[-79.541394,8.95421],[-79.54139,8.954131],[-79.541531,8.954124]]]}},{"type":"Feature","properties":{"name":"Edificio El Buen Pastor"},"geometry":{"type":"Polygon","coordinates":[[[-79.541054,8.954003],[-79.541041,8.953864],[-79.541312,8.953838],[-79.541325,8.953978],[-79.541054,8.954003]]]}},{"type":"Feature","properties":{"name":null},"geometry":{"type":"Polygon","coordinates":[[[-79.540167,8.953953],[-79.540089,8.953964],[-79.540049,8.953968],[-79.540038,8.953892],[-79.540059,8.953889],[-79.540157,8.953876],[-79.540167,8.953953]]]}},{"type":"Feature","properties":{"name":null},"geometry":{"type":"Polygon","coordinates":[[[-79.539747,8.953942],[-79.539741,8.953846],[-79.539861,8.953837],[-79.539868,8.953933],[-79.539747,8.953942]]]}},{"type":"Feature","properties":{"name":null},"geometry":{"type":"Polygon","coordinates":[[[-79.538327,8.954949],[-79.538235,8.954713],[-79.5383,8.954694],[-79.538392,8.95493],[-79.538327,8.954949]]]}},{"type":"Feature","properties":{"name":null},"geometry":{"type":"Polygon","coordinates":[[[-79.538235,8.954713],[-79.538185,8.954728],[-79.538222,8.954833],[-79.538268,8.954965],[-79.538295,8.954957],[-79.538327,8.954949],[-79.538235,8.954713]]]}},{"type":"Feature","properties":{"name":null},"geometry":{"type":"Polygon","coordinates":[[[-79.53822,8.954943],[-79.538193,8.954951],[-79.538155,8.954825],[-79.538182,8.954818],[-79.538189,8.954843],[-79.538222,8.954833],[-79.538185,8.954728],[-79.538032,8.954776],[-79.538105,8.955011],[-79.538229,8.954976],[-79.53822,8.954943]]]}},{"type":"Feature","properties":{"name":null},"geometry":{"type":"Polygon","coordinates":[[[-79.538105,8.955011],[-79.53816,8.955185],[-79.538353,8.955123],[-79.538295,8.954957],[-79.538268,8.954965],[-79.538229,8.954976],[-79.538105,8.955011]]]}},{"type":"Feature","properties":{"name":null},"geometry":{"type":"Polygon","coordinates":[[[-79.538194,8.955297],[-79.538222,8.955386],[-79.538436,8.955316],[-79.538408,8.955228],[-79.538194,8.955297]]]}},{"type":"Feature","properties":{"name":null},"geometry":{"type":"Polygon","coordinates":[[[-79.538222,8.955386],[-79.538235,8.955427],[-79.538448,8.955356],[-79.538436,8.955316],[-79.538222,8.955386]]]}},{"type":"Feature","properties":{"name":null},"geometry":{"type":"Polygon","coordinates":[[[-79.538235,8.955427],[-79.538265,8.955525],[-79.538477,8.955448],[-79.538448,8.955356],[-79.538235,8.955427]]]}},{"type":"Feature","properties":{"name":null},"geometry":{"type":"Polygon","coordinates":[[[-79.538265,8.955525],[-79.538281,8.955576],[-79.538493,8.955499],[-79.538477,8.955448],[-79.538265,8.955525]]]}},{"type":"Feature","properties":{"name":null},"geometry":{"type":"Polygon","coordinates":[[[-79.538477,8.955448],[-79.538493,8.955499],[-79.538609,8.955457],[-79.538593,8.955407],[-79.538477,8.955448]]]}},{"type":"Feature","properties":{"name":null},"geometry":{"type":"Polygon","coordinates":[[[-79.538609,8.955457],[-79.538742,8.955409],[-79.538726,8.955358],[-79.538593,8.955407],[-79.538609,8.955457]]]}},{"type":"Feature","properties":{"name":null},"geometry":{"type":"Polygon","coordinates":[[[-79.538791,8.95556],[-79.538774,8.955509],[-79.53859,8.955577],[-79.538595,8.955592],[-79.538605,8.955622],[-79.538791,8.95556]]]}},{"type":"Feature","properties":{"name":null},"geometry":{"type":"Polygon","coordinates":[[[-79.538774,8.955509],[-79.538755,8.955453],[-79.538522,8.955545],[-79.538546,8.955611],[-79.538595,8.955592],[-79.53859,8.955577],[-79.538774,8.955509]]]}},{"type":"Feature","properties":{"name":"Fatima"},"geometry":{"type":"Polygon","coordinates":[[[-79.538819,8.955644],[-79.538848,8.955768],[-79.538713,8.955809],[-79.538722,8.955841],[-79.53873,8.955868],[-79.538649,8.955889],[-79.538584,8.955908],[-79.538571,8.95587],[-79.538536,8.955768],[-79.538524,8.955735],[-79.538633,8.955702],[-79.538819,8.955644]]]}},{"type":"Feature","properties":{"name":null},"geometry":{"type":"Polygon","coordinates":[[[-79.538896,8.955968],[-79.53878,8.955996],[-79.538772,8.955961],[-79.538675,8.955983],[-79.538649,8.955889],[-79.53873,8.955868],[-79.538864,8.955833],[-79.538896,8.955968]]]}},{"type":"Feature","properties":{"name":null},"geometry":{"type":"Polygon","coordinates":[[[-79.538909,8.956025],[-79.538896,8.955968],[-79.53878,8.955996],[-79.538795,8.956056],[-79.538909,8.956025]]]}},{"type":"Feature","properties":{"name":null},"geometry":{"type":"Polygon","coordinates":[[[-79.538909,8.956025],[-79.538919,8.956068],[-79.538805,8.956094],[-79.538795,8.956056],[-79.538909,8.956025]]]}},{"type":"Feature","properties":{"name":null},"geometry":{"type":"Polygon","coordinates":[[[-79.538935,8.956134],[-79.538953,8.956209],[-79.538775,8.956252],[-79.538681,8.956275],[-79.53866,8.956194],[-79.538935,8.956134]]]}},{"type":"Feature","properties":{"name":null},"geometry":{"type":"Polygon","coordinates":[[[-79.538775,8.956252],[-79.538793,8.956319],[-79.538817,8.956313],[-79.538825,8.956346],[-79.538842,8.956342],[-79.538858,8.956417],[-79.538994,8.956384],[-79.538953,8.956209],[-79.538775,8.956252]]]}},{"type":"Feature","properties":{"name":null},"geometry":{"type":"Polygon","coordinates":[[[-79.538994,8.956384],[-79.539015,8.956469],[-79.538851,8.956509],[-79.538715,8.956542],[-79.538701,8.956496],[-79.538867,8.956456],[-79.538858,8.956417],[-79.538994,8.956384]]]}},{"type":"Feature","properties":{"name":null},"geometry":{"type":"Polygon","coordinates":[[[-79.539015,8.956469],[-79.539037,8.956558],[-79.538871,8.956595],[-79.538851,8.956509],[-79.539015,8.956469]]]}},{"type":"Feature","properties":{"name":null},"geometry":{"type":"Polygon","coordinates":[[[-79.538871,8.956595],[-79.538851,8.956509],[-79.538715,8.956542],[-79.538741,8.956624],[-79.538871,8.956595]]]}},{"type":"Feature","properties":{"name":null},"geometry":{"type":"Polygon","coordinates":[[[-79.537923,8.956564],[-79.537927,8.956621],[-79.537765,8.956632],[-79.537761,8.956574],[-79.537923,8.956564]]]}},{"type":"Feature","properties":{"name":null},"geometry":{"type":"Polygon","coordinates":[[[-79.53782,8.955903],[-79.537803,8.955848],[-79.537576,8.955881],[-79.537595,8.955941],[-79.53782,8.955903]]]}},{"type":"Feature","properties":{"name":null},"geometry":{"type":"Polygon","coordinates":[[[-79.537538,8.955894],[-79.537512,8.95581],[-79.537311,8.955873],[-79.537336,8.955956],[-79.537538,8.955894]]]}},{"type":"Feature","properties":{"name":null},"geometry":{"type":"Polygon","coordinates":[[[-79.537512,8.95581],[-79.537485,8.955721],[-79.537282,8.955784],[-79.537311,8.955873],[-79.537512,8.95581]]]}},{"type":"Feature","properties":{"name":null},"geometry":{"type":"Polygon","coordinates":[[[-79.536493,8.955363],[-79.536421,8.955423],[-79.536516,8.955626],[-79.536612,8.955595],[-79.536597,8.955566],[-79.536493,8.955363]]]}},{"type":"Feature","properties":{"name":"P.H. Casa Kito"},"geometry":{"type":"Polygon","coordinates":[[[-79.53674,8.956345],[-79.536698,8.956257],[-79.536986,8.956167],[-79.537018,8.95625],[-79.53674,8.956345]]]}},{"type":"Feature","properties":{"name":null},"geometry":{"type":"Polygon","coordinates":[[[-79.536703,8.955869],[-79.536688,8.955817],[-79.536699,8.955813],[-79.536684,8.955769],[-79.536618,8.955788],[-79.536597,8.955744],[-79.536669,8.95572],[-79.536635,8.955614],[-79.536424,8.955681],[-79.536534,8.955924],[-79.536703,8.955869]]]}},{"type":"Feature","properties":{"name":null},"geometry":{"type":"Polygon","coordinates":[[[-79.536813,8.955731],[-79.536756,8.955578],[-79.536635,8.955614],[-79.536669,8.95572],[-79.536684,8.955769],[-79.536813,8.955731]]]}},{"type":"Feature","properties":{"name":null},"geometry":{"type":"Polygon","coordinates":[[[-79.537498,8.956768],[-79.537428,8.956789],[-79.53741,8.956731],[-79.537387,8.956738],[-79.537365,8.956667],[-79.53746,8.956638],[-79.537498,8.956768]]]}},{"type":"Feature","properties":{"name":null},"geometry":{"type":"Polygon","coordinates":[[[-79.53746,8.956638],[-79.537436,8.956557],[-79.537417,8.956547],[-79.537158,8.956587],[-79.537197,8.956718],[-79.537313,8.956683],[-79.537297,8.956636],[-79.53735,8.956622],[-79.537365,8.956667],[-79.53746,8.956638]]]}},{"type":"Feature","properties":{"name":null},"geometry":{"type":"Polygon","coordinates":[[[-79.53748,8.958115],[-79.537461,8.958183],[-79.537529,8.958202],[-79.53755,8.958134],[-79.53748,8.958115]]]}},{"type":"Feature","properties":{"name":null},"geometry":{"type":"Polygon","coordinates":[[[-79.539654,8.95703],[-79.539626,8.956972],[-79.539506,8.957022],[-79.539567,8.957186],[-79.539591,8.957177],[-79.539696,8.957142],[-79.539689,8.957126],[-79.540083,8.956916],[-79.540136,8.956887],[-79.54002,8.956737],[-79.539994,8.956751],[-79.539806,8.956856],[-79.539838,8.956934],[-79.539654,8.95703]]]}},{"type":"Feature","properties":{"name":null},"geometry":{"type":"Polygon","coordinates":[[[-79.539806,8.956856],[-79.539786,8.956808],[-79.539755,8.956731],[-79.539955,8.956664],[-79.54002,8.956737],[-79.539994,8.956751],[-79.539806,8.956856]]]}},{"type":"Feature","properties":{"name":null},"geometry":{"type":"Polygon","coordinates":[[[-79.539786,8.956808],[-79.539662,8.956846],[-79.53967,8.956867],[-79.539624,8.95689],[-79.539612,8.956862],[-79.539595,8.95687],[-79.539607,8.956899],[-79.539595,8.956905],[-79.539558,8.956924],[-79.539524,8.956798],[-79.539755,8.956731],[-79.539786,8.956808]]]}},{"type":"Feature","properties":{"name":null},"geometry":{"type":"Polygon","coordinates":[[[-79.539595,8.956905],[-79.539626,8.956972],[-79.539654,8.95703],[-79.539838,8.956934],[-79.539806,8.956856],[-79.539786,8.956808],[-79.53967,8.956867],[-79.539624,8.95689],[-79.539607,8.956899],[-79.539595,8.956905]]]}},{"type":"Feature","properties":{"name":null},"geometry":{"type":"Polygon","coordinates":[[[-79.539595,8.956905],[-79.539626,8.956972],[-79.539506,8.957022],[-79.539493,8.956987],[-79.539443,8.957002],[-79.539433,8.956962],[-79.539412,8.956968],[-79.539372,8.956824],[-79.539524,8.956798],[-79.539558,8.956924],[-79.539595,8.956905]]]}},{"type":"Feature","properties":{"name":null},"geometry":{"type":"Polygon","coordinates":[[[-79.539315,8.957507],[-79.539805,8.957341],[-79.539758,8.957237],[-79.539741,8.957246],[-79.539696,8.957142],[-79.539591,8.957177],[-79.539629,8.957283],[-79.539536,8.957319],[-79.539392,8.957368],[-79.539365,8.957375],[-79.539286,8.957402],[-79.539315,8.957507]]]}},{"type":"Feature","properties":{"name":null},"geometry":{"type":"Polygon","coordinates":[[[-79.539536,8.957319],[-79.539487,8.957142],[-79.539344,8.95718],[-79.539392,8.957368],[-79.539536,8.957319]]]}},{"type":"Feature","properties":{"name":null},"geometry":{"type":"Polygon","coordinates":[[[-79.539273,8.957377],[-79.53922,8.957196],[-79.53931,8.957179],[-79.539365,8.957375],[-79.539286,8.957402],[-79.539278,8.957375],[-79.539273,8.957377]]]}},{"type":"Feature","properties":{"name":null},"geometry":{"type":"Polygon","coordinates":[[[-79.540219,8.957017],[-79.540136,8.956887],[-79.540083,8.956916],[-79.539689,8.957126],[-79.539696,8.957142],[-79.539741,8.957246],[-79.539758,8.957237],[-79.540116,8.957051],[-79.54013,8.95707],[-79.540219,8.957017]]]}},{"type":"Feature","properties":{"name":null},"geometry":{"type":"Polygon","coordinates":[[[-79.540925,8.959955],[-79.540891,8.959791],[-79.540871,8.959695],[-79.540811,8.959707],[-79.540865,8.959968],[-79.540925,8.959955]]]}},{"type":"Feature","properties":{"name":null},"geometry":{"type":"Polygon","coordinates":[[[-79.541014,8.959933],[-79.541119,8.959909],[-79.541145,8.959891],[-79.541159,8.959763],[-79.541091,8.95975],[-79.541005,8.959768],[-79.541014,8.959933]]]}},{"type":"Feature","properties":{"name":null},"geometry":{"type":"Polygon","coordinates":[[[-79.541014,8.959933],[-79.540925,8.959955],[-79.540891,8.959791],[-79.541005,8.959768],[-79.541014,8.959933]]]}},{"type":"Feature","properties":{"name":null},"geometry":{"type":"Polygon","coordinates":[[[-79.540611,8.959686],[-79.540598,8.959633],[-79.540946,8.959553],[-79.540959,8.959606],[-79.540611,8.959686]]]}},{"type":"Feature","properties":{"name":null},"geometry":{"type":"Polygon","coordinates":[[[-79.540896,8.95934],[-79.540779,8.959365],[-79.540791,8.959421],[-79.540798,8.95945],[-79.54081,8.959506],[-79.54093,8.959483],[-79.540896,8.95934]]]}},{"type":"Feature","properties":{"name":null},"geometry":{"type":"Polygon","coordinates":[[[-79.54081,8.959506],[-79.54057,8.959559],[-79.540557,8.959502],[-79.540798,8.95945],[-79.54081,8.959506]]]}},{"type":"Feature","properties":{"name":null},"geometry":{"type":"Polygon","coordinates":[[[-79.54057,8.959559],[-79.540579,8.9596],[-79.540939,8.959521],[-79.54093,8.959483],[-79.54081,8.959506],[-79.54057,8.959559]]]}},{"type":"Feature","properties":{"name":null},"geometry":{"type":"Polygon","coordinates":[[[-79.541125,8.959587],[-79.540963,8.959623],[-79.540959,8.959606],[-79.540946,8.959553],[-79.540939,8.959521],[-79.54093,8.959483],[-79.541093,8.959446],[-79.541125,8.959587]]]}},{"type":"Feature","properties":{"name":null},"geometry":{"type":"Polygon","coordinates":[[[-79.540976,8.959052],[-79.540954,8.95897],[-79.540859,8.958996],[-79.5409,8.959146],[-79.540903,8.959157],[-79.540922,8.959152],[-79.540997,8.959132],[-79.540976,8.959052]]]}},{"type":"Feature","properties":{"name":null},"geometry":{"type":"Polygon","coordinates":[[[-79.541202,8.95917],[-79.541194,8.959093],[-79.541108,8.959117],[-79.541107,8.959138],[-79.541036,8.959161],[-79.541028,8.959139],[-79.541001,8.959146],[-79.540997,8.959132],[-79.540922,8.959152],[-79.540931,8.959181],[-79.540945,8.959236],[-79.541202,8.95917]]]}},{"type":"Feature","properties":{"name":null},"geometry":{"type":"Polygon","coordinates":[[[-79.541208,8.959209],[-79.541202,8.95917],[-79.540945,8.959236],[-79.540957,8.959281],[-79.541199,8.95922],[-79.541208,8.959209]]]}},{"type":"Feature","properties":{"name":"Casa Confort"},"geometry":{"type":"Polygon","coordinates":[[[-79.540201,8.959515],[-79.5403,8.959753],[-79.540169,8.959789],[-79.540029,8.959827],[-79.539995,8.959709],[-79.539959,8.959584],[-79.540201,8.959515]]]}},{"type":"Feature","properties":{"name":null},"geometry":{"type":"Polygon","coordinates":[[[-79.540036,8.959878],[-79.539991,8.959896],[-79.539871,8.959938],[-79.539805,8.959764],[-79.539848,8.959751],[-79.539988,8.959711],[-79.540036,8.959878]]]}},{"type":"Feature","properties":{"name":null},"geometry":{"type":"Polygon","coordinates":[[[-79.539956,8.959577],[-79.539912,8.959587],[-79.539908,8.959661],[-79.539883,8.959669],[-79.53988,8.959654],[-79.539825,8.959673],[-79.539848,8.959751],[-79.539988,8.959711],[-79.539995,8.959709],[-79.539956,8.959577]]]}},{"type":"Feature","properties":{"name":null},"geometry":{"type":"Polygon","coordinates":[[[-79.540415,8.960024],[-79.54033,8.959819],[-79.540235,8.959846],[-79.540322,8.960052],[-79.540415,8.960024]]]}},{"type":"Feature","properties":{"name":"City Car Wash 4"},"geometry":{"type":"Polygon","coordinates":[[[-79.544037,8.957146],[-79.544082,8.957179],[-79.544183,8.957051],[-79.544006,8.95692],[-79.543959,8.956883],[-79.543823,8.957057],[-79.543934,8.95714],[-79.543964,8.9571],[-79.543902,8.957053],[-79.543973,8.956959],[-79.544105,8.957059],[-79.544037,8.957146]]]}},{"type":"Feature","properties":{"name":"The Group"},"geometry":{"type":"Polygon","coordinates":[[[-79.534801,8.966214],[-79.534926,8.965997],[-79.535157,8.966126],[-79.535033,8.966344],[-79.534904,8.966272],[-79.534801,8.966214]]]}},{"type":"Feature","properties":{"name":null},"geometry":{"type":"Polygon","coordinates":[[[-79.534777,8.966476],[-79.534684,8.966422],[-79.534798,8.966226],[-79.534892,8.96628],[-79.534777,8.966476]]]}},{"type":"Feature","properties":{"name":"Edificio Daniela"},"geometry":{"type":"Polygon","coordinates":[[[-79.534653,8.966453],[-79.534385,8.966304],[-79.534502,8.966099],[-79.534601,8.966154],[-79.534561,8.966224],[-79.534635,8.966265],[-79.534675,8.966196],[-79.534757,8.966241],[-79.534728,8.966292],[-79.53474,8.966299],[-79.534653,8.966453]]]}},{"type":"Feature","properties":{"name":"Maint. Shop"},"geometry":{"type":"Polygon","coordinates":[[[-79.543745,8.964355],[-79.54358,8.964315],[-79.543758,8.963606],[-79.543922,8.963646],[-79.543745,8.964355]]]}},{"type":"Feature","properties":{"name":"Pastor's House"},"geometry":{"type":"Polygon","coordinates":[[[-79.543869,8.961864],[-79.543634,8.961881],[-79.543627,8.961777],[-79.543861,8.96176],[-79.543869,8.961864]]]}},{"type":"Feature","properties":{"name":"Tupper Library"},"geometry":{"type":"Polygon","coordinates":[[[-79.54353,8.962995],[-79.543349,8.963045],[-79.543282,8.962795],[-79.543459,8.962747],[-79.54353,8.962995]]]}},{"type":"Feature","properties":{"name":"Tupper Library Annex"},"geometry":{"type":"Polygon","coordinates":[[[-79.54353,8.962995],[-79.543349,8.963045],[-79.543378,8.963149],[-79.543559,8.963099],[-79.54353,8.962995]]]}},{"type":"Feature","properties":{"name":"Tivoli BLDG"},"geometry":{"type":"Polygon","coordinates":[[[-79.543447,8.962686],[-79.543299,8.962725],[-79.543219,8.962432],[-79.543308,8.962408],[-79.543333,8.962499],[-79.543391,8.962484],[-79.543447,8.962686]]]}},{"type":"Feature","properties":{"name":"STRI Guardbooth"},"geometry":{"type":"Polygon","coordinates":[[[-79.544322,8.962158],[-79.544255,8.962159],[-79.544254,8.962095],[-79.54432,8.962094],[-79.544322,8.962158]]]}},{"type":"Feature","properties":{"name":"Tupper BLDG"},"geometry":{"type":"Polygon","coordinates":[[[-79.54378,8.962726],[-79.543862,8.962729],[-79.543858,8.962868],[-79.543776,8.962866],[-79.54378,8.962726]]]}},{"type":"Feature","properties":{"name":"Tupper Auditorium"},"geometry":{"type":"Polygon","coordinates":[[[-79.543863,8.963195],[-79.543745,8.963193],[-79.543685,8.963096],[-79.54375,8.962985],[-79.543873,8.962993],[-79.543933,8.963097],[-79.543863,8.963195]]]}},{"type":"Feature","properties":{"name":"Utility BLDG"},"geometry":{"type":"Polygon","coordinates":[[[-79.54394,8.963348],[-79.543881,8.963344],[-79.543888,8.963257],[-79.543947,8.963261],[-79.54394,8.963348]]]}},{"type":"Feature","properties":{"name":"Morgue"},"geometry":{"type":"Polygon","coordinates":[[[-79.54719,8.961338],[-79.547084,8.961467],[-79.546981,8.961384],[-79.547087,8.961256],[-79.54719,8.961338]]]}},{"type":"Feature","properties":{"name":null},"geometry":{"type":"Polygon","coordinates":[[[-79.547123,8.962521],[-79.547357,8.962678],[-79.547453,8.962539],[-79.547218,8.962382],[-79.547123,8.962521]]]}},{"type":"Feature","properties":{"name":"STRI Apartment BLDG"},"geometry":{"type":"Polygon","coordinates":[[[-79.547812,8.962498],[-79.547729,8.962556],[-79.547914,8.962814],[-79.547997,8.962756],[-79.547812,8.962498]]]}},{"type":"Feature","properties":{"name":null},"geometry":{"type":"Polygon","coordinates":[[[-79.543335,8.963204],[-79.543588,8.963144],[-79.543643,8.963117],[-79.543677,8.963078],[-79.543716,8.963026],[-79.543737,8.962983],[-79.543756,8.962927],[-79.543758,8.962853],[-79.543758,8.962818],[-79.543746,8.962771],[-79.54372,8.962727],[-79.543681,8.9627],[-79.543632,8.962689],[-79.543551,8.962709],[-79.543505,8.962732],[-79.54349,8.962768],[-79.543485,8.962815],[-79.543567,8.963102],[-79.543587,8.963092],[-79.543545,8.962893],[-79.543539,8.962831],[-79.543548,8.962791],[-79.543569,8.96277],[-79.543635,8.962756],[-79.543673,8.962771],[-79.543701,8.962822],[-79.543707,8.962851],[-79.543709,8.962923],[-79.54369,8.962972],[-79.543669,8.96304],[-79.543606,8.963084],[-79.543576,8.9631],[-79.543552,8.963108],[-79.543371,8.963155],[-79.543322,8.96317],[-79.543335,8.963204]]]}},{"type":"Feature","properties":{"name":null},"geometry":{"type":"Polygon","coordinates":[[[-79.543432,8.962743],[-79.543502,8.962724],[-79.543601,8.962692],[-79.543641,8.962677],[-79.543683,8.962652],[-79.543716,8.962611],[-79.543733,8.962568],[-79.54374,8.962495],[-79.543734,8.962445],[-79.543715,8.962391],[-79.543683,8.962334],[-79.54366,8.962315],[-79.543648,8.962303],[-79.543643,8.962288],[-79.543648,8.962269],[-79.543659,8.962258],[-79.543691,8.962243],[-79.543712,8.962232],[-79.543733,8.962212],[-79.543745,8.962193],[-79.543756,8.96217],[-79.54376,8.962142],[-79.543756,8.962119],[-79.543747,8.962096],[-79.543725,8.962077],[-79.543696,8.962057],[-79.543681,8.962047],[-79.543671,8.962096],[-79.543692,8.962111],[-79.543711,8.962127],[-79.543718,8.962148],[-79.543715,8.962166],[-79.543708,8.962179],[-79.543692,8.962191],[-79.543664,8.962203],[-79.543641,8.962218],[-79.54361,8.96224],[-79.543593,8.962262],[-79.543578,8.962292],[-79.54358,8.962319],[-79.543592,8.962336],[-79.543621,8.962353],[-79.543648,8.962377],[-79.543666,8.962404],[-79.543673,8.962433],[-79.543679,8.962473],[-79.543679,8.962517],[-79.543673,8.962537],[-79.543661,8.962565],[-79.543646,8.962586],[-79.543624,8.962607],[-79.543587,8.962631],[-79.543552,8.962647],[-79.543516,8.962666],[-79.543482,8.962682],[-79.543419,8.9627],[-79.543432,8.962743]]]}},{"type":"Feature","properties":{"name":"Casa Isan Cristobal"},"geometry":{"type":"Polygon","coordinates":[[[-79.538721,8.953258],[-79.538725,8.953335],[-79.538726,8.95337],[-79.538657,8.953373],[-79.538661,8.953465],[-79.538604,8.953468],[-79.538523,8.953471],[-79.538515,8.953269],[-79.538721,8.953258]]]}},{"type":"Feature","properties":{"name":"Casa Bemajo"},"geometry":{"type":"Polygon","coordinates":[[[-79.538721,8.953111],[-79.538726,8.953184],[-79.538732,8.953257],[-79.538721,8.953258],[-79.538515,8.953269],[-79.538511,8.953132],[-79.538705,8.953112],[-79.538721,8.953111]]]}},{"type":"Feature","properties":{"name":null},"geometry":{"type":"Polygon","coordinates":[[[-79.538608,8.953613],[-79.538605,8.953477],[-79.538604,8.953468],[-79.538523,8.953471],[-79.538527,8.953593],[-79.538549,8.953615],[-79.538608,8.953613]]]}},{"type":"Feature","properties":{"name":null},"geometry":{"type":"Polygon","coordinates":[[[-79.538788,8.953104],[-79.538721,8.953111],[-79.538705,8.953112],[-79.53869,8.952978],[-79.538773,8.952969],[-79.538788,8.953104]]]}},{"type":"Feature","properties":{"name":null},"geometry":{"type":"Polygon","coordinates":[[[-79.538946,8.953166],[-79.538941,8.953089],[-79.538788,8.953104],[-79.538721,8.953111],[-79.538726,8.953184],[-79.53877,8.95318],[-79.538831,8.953175],[-79.538946,8.953166]]]}},{"type":"Feature","properties":{"name":null},"geometry":{"type":"Polygon","coordinates":[[[-79.538951,8.953245],[-79.538946,8.953166],[-79.538831,8.953175],[-79.538832,8.953196],[-79.538771,8.953199],[-79.53877,8.95318],[-79.538726,8.953184],[-79.538732,8.953257],[-79.538951,8.953245]]]}},{"type":"Feature","properties":{"name":null},"geometry":{"type":"Polygon","coordinates":[[[-79.538951,8.953245],[-79.538957,8.953322],[-79.538725,8.953335],[-79.538721,8.953258],[-79.538732,8.953257],[-79.538951,8.953245]]]}},{"type":"Feature","properties":{"name":"Red Plaza"},"geometry":{"type":"Polygon","coordinates":[[[-79.538746,8.953609],[-79.538743,8.953452],[-79.53873,8.953452],[-79.538683,8.953453],[-79.538684,8.953476],[-79.538605,8.953477],[-79.538608,8.953613],[-79.538746,8.953609]]]}},{"type":"Feature","properties":{"name":"Caracas"},"geometry":{"type":"Polygon","coordinates":[[[-79.538961,8.953382],[-79.538957,8.953322],[-79.538725,8.953335],[-79.538726,8.95337],[-79.53873,8.953452],[-79.538743,8.953452],[-79.538746,8.953609],[-79.538889,8.953605],[-79.538878,8.953385],[-79.538961,8.953382]]]}},{"type":"Feature","properties":{"name":null},"geometry":{"type":"Polygon","coordinates":[[[-79.538974,8.953588],[-79.538972,8.953598],[-79.538962,8.953603],[-79.538889,8.953605],[-79.538878,8.953385],[-79.538961,8.953382],[-79.538974,8.953588]]]}},{"type":"Feature","properties":{"name":null},"geometry":{"type":"Polygon","coordinates":[[[-79.539236,8.952801],[-79.539023,8.95281],[-79.53902,8.952762],[-79.539234,8.952753],[-79.539236,8.952801]]]}},{"type":"Feature","properties":{"name":null},"geometry":{"type":"Polygon","coordinates":[[[-79.539387,8.952887],[-79.539401,8.953016],[-79.539405,8.953046],[-79.539355,8.953051],[-79.53935,8.953006],[-79.539275,8.953014],[-79.539265,8.95291],[-79.539264,8.9529],[-79.539387,8.952887]]]}},{"type":"Feature","properties":{"name":null},"geometry":{"type":"Polygon","coordinates":[[[-79.53949,8.953037],[-79.539486,8.953002],[-79.539474,8.952878],[-79.539387,8.952887],[-79.539401,8.953016],[-79.539437,8.953012],[-79.53944,8.953042],[-79.53949,8.953037]]]}},{"type":"Feature","properties":{"name":"Casa Variedades"},"geometry":{"type":"Polygon","coordinates":[[[-79.539227,8.953346],[-79.539229,8.953391],[-79.539176,8.953394],[-79.53906,8.953401],[-79.539048,8.953202],[-79.539313,8.953187],[-79.539314,8.953202],[-79.53932,8.953292],[-79.539322,8.953341],[-79.539227,8.953346]]]}},{"type":"Feature","properties":{"name":null},"geometry":{"type":"Polygon","coordinates":[[[-79.539585,8.952687],[-79.539569,8.952689],[-79.539495,8.952695],[-79.539507,8.952822],[-79.539597,8.952814],[-79.539585,8.952687]]]}},{"type":"Feature","properties":{"name":null},"geometry":{"type":"Polygon","coordinates":[[[-79.540839,8.95285],[-79.540824,8.952743],[-79.541206,8.952701],[-79.541247,8.95282],[-79.540936,8.952857],[-79.540906,8.952861],[-79.5409,8.952844],[-79.540839,8.95285]]]}},{"type":"Feature","properties":{"name":null},"geometry":{"type":"Polygon","coordinates":[[[-79.540824,8.952743],[-79.540839,8.95285],[-79.540646,8.952878],[-79.54063,8.952878],[-79.540615,8.952772],[-79.540824,8.952743]]]}},{"type":"Feature","properties":{"name":"Santa Teresita"},"geometry":{"type":"Polygon","coordinates":[[[-79.540859,8.953395],[-79.540714,8.953413],[-79.540698,8.953281],[-79.540807,8.953268],[-79.540809,8.953282],[-79.540877,8.953274],[-79.540884,8.953342],[-79.540853,8.953346],[-79.540859,8.953395]]]}},{"type":"Feature","properties":{"name":null},"geometry":{"type":"Polygon","coordinates":[[[-79.540598,8.953523],[-79.540601,8.953563],[-79.540567,8.95358],[-79.540518,8.95358],[-79.540519,8.953524],[-79.540598,8.953523]]]}},{"type":"Feature","properties":{"name":null},"geometry":{"type":"Polygon","coordinates":[[[-79.540334,8.952792],[-79.54026,8.952801],[-79.540313,8.953273],[-79.540379,8.953266],[-79.540379,8.953259],[-79.540334,8.952792]]]}},{"type":"Feature","properties":{"name":null},"geometry":{"type":"Polygon","coordinates":[[[-79.53963,8.953274],[-79.539635,8.953352],[-79.539555,8.953357],[-79.539475,8.953362],[-79.539361,8.953368],[-79.539357,8.95329],[-79.53963,8.953274]]]}},{"type":"Feature","properties":{"name":"Casa Zaldo"},"geometry":{"type":"Polygon","coordinates":[[[-79.539133,8.95433],[-79.539095,8.954228],[-79.538838,8.954281],[-79.53895,8.954519],[-79.539064,8.954491],[-79.539004,8.954363],[-79.539133,8.95433]]]}},{"type":"Feature","properties":{"name":"Casa Quijano"},"geometry":{"type":"Polygon","coordinates":[[[-79.540105,8.953553],[-79.540091,8.953572],[-79.54002,8.953572],[-79.539994,8.953402],[-79.540075,8.95339],[-79.540105,8.953553]]]}},{"type":"Feature","properties":{"name":null},"geometry":{"type":"Polygon","coordinates":[[[-79.540006,8.952931],[-79.539928,8.952941],[-79.539925,8.95292],[-79.539848,8.95293],[-79.539852,8.952959],[-79.539816,8.952963],[-79.539801,8.952843],[-79.539966,8.952822],[-79.539994,8.952843],[-79.540006,8.952931]]]}},{"type":"Feature","properties":{"name":null},"geometry":{"type":"Polygon","coordinates":[[[-79.540576,8.953234],[-79.540524,8.953238],[-79.540481,8.953238],[-79.540481,8.953252],[-79.540379,8.953259],[-79.540334,8.952792],[-79.54054,8.952766],[-79.540576,8.953234]]]}},{"type":"Feature","properties":{"name":null},"geometry":{"type":"Polygon","coordinates":[[[-79.540598,8.953523],[-79.540519,8.953524],[-79.540521,8.953417],[-79.54059,8.953414],[-79.540598,8.953523]]]}},{"type":"Feature","properties":{"name":"Santana"},"geometry":{"type":"Polygon","coordinates":[[[-79.540518,8.95358],[-79.540392,8.953578],[-79.540401,8.953273],[-79.540523,8.953276],[-79.540522,8.953335],[-79.540521,8.953417],[-79.540519,8.953524],[-79.540518,8.95358]]]}},{"type":"Feature","properties":{"name":null},"geometry":{"type":"Polygon","coordinates":[[[-79.539635,8.953352],[-79.539641,8.953451],[-79.539561,8.953456],[-79.539555,8.953357],[-79.539635,8.953352]]]}},{"type":"Feature","properties":{"name":null},"geometry":{"type":"Polygon","coordinates":[[[-79.539489,8.95359],[-79.539475,8.953362],[-79.539555,8.953357],[-79.539561,8.953456],[-79.539569,8.953586],[-79.539489,8.95359]]]}},{"type":"Feature","properties":{"name":null},"geometry":{"type":"Polygon","coordinates":[[[-79.539181,8.95349],[-79.539187,8.95359],[-79.539087,8.953595],[-79.539071,8.953578],[-79.539066,8.953496],[-79.539181,8.95349]]]}},{"type":"Feature","properties":{"name":null},"geometry":{"type":"Polygon","coordinates":[[[-79.539361,8.953368],[-79.539374,8.953597],[-79.539375,8.953611],[-79.539189,8.953621],[-79.539187,8.95359],[-79.539181,8.95349],[-79.539176,8.953394],[-79.539229,8.953391],[-79.539227,8.953346],[-79.539322,8.953341],[-79.53932,8.953292],[-79.539357,8.95329],[-79.539361,8.953368]]]}},{"type":"Feature","properties":{"name":null},"geometry":{"type":"Polygon","coordinates":[[[-79.53906,8.953401],[-79.539066,8.953496],[-79.539181,8.95349],[-79.539176,8.953394],[-79.53906,8.953401]]]}},{"type":"Feature","properties":{"name":null},"geometry":{"type":"Polygon","coordinates":[[[-79.539561,8.953456],[-79.539569,8.953586],[-79.539633,8.953582],[-79.539648,8.953561],[-79.539641,8.953451],[-79.539561,8.953456]]]}},{"type":"Feature","properties":{"name":null},"geometry":{"type":"Polygon","coordinates":[[[-79.538501,8.952652],[-79.538487,8.952653],[-79.538493,8.95276],[-79.538721,8.952749],[-79.538715,8.952642],[-79.538596,8.952648],[-79.538501,8.952652]]]}},{"type":"Feature","properties":{"name":null},"geometry":{"type":"Polygon","coordinates":[[[-79.539689,8.953102],[-79.53979,8.953094],[-79.539781,8.952967],[-79.53968,8.952974],[-79.539689,8.953102]]]}},{"type":"Feature","properties":{"name":null},"geometry":{"type":"Polygon","coordinates":[[[-79.539485,8.954383],[-79.539457,8.954265],[-79.53943,8.954148],[-79.539336,8.954173],[-79.539374,8.954366],[-79.539382,8.954403],[-79.539485,8.954383]]]}},{"type":"Feature","properties":{"name":null},"geometry":{"type":"Polygon","coordinates":[[[-79.539606,8.95299],[-79.539594,8.952866],[-79.539474,8.952878],[-79.539486,8.953002],[-79.539606,8.95299]]]}},{"type":"Feature","properties":{"name":null},"geometry":{"type":"Polygon","coordinates":[[[-79.539257,8.952859],[-79.539257,8.952852],[-79.539253,8.9528],[-79.539236,8.952801],[-79.539023,8.95281],[-79.539027,8.952891],[-79.539257,8.952859]]]}},{"type":"Feature","properties":{"name":null},"geometry":{"type":"Polygon","coordinates":[[[-79.540231,8.953345],[-79.540115,8.953364],[-79.540154,8.953593],[-79.540265,8.953584],[-79.540244,8.953458],[-79.540225,8.953461],[-79.540215,8.953389],[-79.540237,8.953385],[-79.540231,8.953345]]]}},{"type":"Feature","properties":{"name":"Casa Balcones"},"geometry":{"type":"Polygon","coordinates":[[[-79.539855,8.953172],[-79.539691,8.953185],[-79.539707,8.953382],[-79.53987,8.95337],[-79.539868,8.953335],[-79.539926,8.953331],[-79.539924,8.95331],[-79.540051,8.953295],[-79.540032,8.953158],[-79.539869,8.953171],[-79.539876,8.953256],[-79.539862,8.953258],[-79.539855,8.953172]]]}},{"type":"Feature","properties":{"name":"Antigua Domingo"},"geometry":{"type":"Polygon","coordinates":[[[-79.539095,8.954228],[-79.539133,8.95433],[-79.539169,8.954432],[-79.539209,8.954419],[-79.539193,8.95436],[-79.539306,8.954329],[-79.539319,8.954384],[-79.539374,8.954366],[-79.539336,8.954173],[-79.539095,8.954228]]]}},{"type":"Feature","properties":{"name":null},"geometry":{"type":"Polygon","coordinates":[[[-79.539061,8.952935],[-79.539041,8.952944],[-79.539032,8.952965],[-79.539041,8.953099],[-79.539163,8.953092],[-79.539156,8.952996],[-79.53922,8.952991],[-79.53923,8.953088],[-79.539283,8.953084],[-79.53928,8.953058],[-79.539275,8.953014],[-79.539265,8.95291],[-79.539061,8.952935]]]}},{"type":"Feature","properties":{"name":"Casa Patterson"},"geometry":{"type":"Polygon","coordinates":[[[-79.539997,8.952937],[-79.539855,8.95296],[-79.53987,8.953052],[-79.539905,8.953046],[-79.539903,8.953036],[-79.53993,8.953032],[-79.539932,8.953046],[-79.540013,8.953032],[-79.539997,8.952937]]]}},{"type":"Feature","properties":{"name":null},"geometry":{"type":"Polygon","coordinates":[[[-79.539361,8.953368],[-79.539374,8.953597],[-79.539489,8.95359],[-79.539475,8.953362],[-79.539361,8.953368]]]}},{"type":"Feature","properties":{"name":null},"geometry":{"type":"Polygon","coordinates":[[[-79.539045,8.953161],[-79.539287,8.953147],[-79.539283,8.953084],[-79.53923,8.953088],[-79.539163,8.953092],[-79.539041,8.953099],[-79.539045,8.953161]]]}},{"type":"Feature","properties":{"name":null},"geometry":{"type":"Polygon","coordinates":[[[-79.540576,8.953234],[-79.540584,8.953333],[-79.540522,8.953335],[-79.540523,8.953276],[-79.540524,8.953238],[-79.540576,8.953234]]]}},{"type":"Feature","properties":{"name":null},"geometry":{"type":"Polygon","coordinates":[[[-79.539606,8.95299],[-79.53961,8.953025],[-79.53949,8.953037],[-79.539486,8.953002],[-79.539606,8.95299]]]}},{"type":"Feature","properties":{"name":"Miguez Mariño"},"geometry":{"type":"Polygon","coordinates":[[[-79.541657,8.953467],[-79.541655,8.953456],[-79.54165,8.9534],[-79.54164,8.953311],[-79.541711,8.953303],[-79.541713,8.953324],[-79.54179,8.953317],[-79.541834,8.953453],[-79.541657,8.953467]]]}},{"type":"Feature","properties":{"name":"Casa Martínez Crucomagno"},"geometry":{"type":"Polygon","coordinates":[[[-79.540396,8.954022],[-79.540399,8.954067],[-79.540334,8.954071],[-79.540242,8.954078],[-79.540235,8.954027],[-79.540396,8.954022]]]}},{"type":"Feature","properties":{"name":"Casa Isabel Cedeño"},"geometry":{"type":"Polygon","coordinates":[[[-79.540334,8.954071],[-79.540337,8.954117],[-79.540248,8.954123],[-79.540242,8.954078],[-79.540334,8.954071]]]}},{"type":"Feature","properties":{"name":"Casa Cristiana Ayala de Jurado"},"geometry":{"type":"Polygon","coordinates":[[[-79.54037,8.954115],[-79.540375,8.954177],[-79.540256,8.95418],[-79.540248,8.954123],[-79.540337,8.954117],[-79.54037,8.954115]]]}},{"type":"Feature","properties":{"name":null},"geometry":{"type":"Polygon","coordinates":[[[-79.540221,8.954311],[-79.540233,8.954446],[-79.540144,8.954453],[-79.540141,8.954428],[-79.540184,8.954424],[-79.540174,8.954315],[-79.540221,8.954311]]]}},{"type":"Feature","properties":{"name":null},"geometry":{"type":"Polygon","coordinates":[[[-79.540049,8.954018],[-79.540068,8.954183],[-79.54001,8.95419],[-79.539991,8.954024],[-79.540015,8.954022],[-79.540049,8.954018]]]}},{"type":"Feature","properties":{"name":"Casa Mercedez Lozano"},"geometry":{"type":"Polygon","coordinates":[[[-79.540114,8.954178],[-79.540068,8.954183],[-79.540049,8.954018],[-79.540015,8.954022],[-79.54001,8.953973],[-79.540049,8.953968],[-79.540089,8.953964],[-79.540114,8.954178]]]}},{"type":"Feature","properties":{"name":null},"geometry":{"type":"Polygon","coordinates":[[[-79.540174,8.953981],[-79.540198,8.954169],[-79.540122,8.954178],[-79.540098,8.95399],[-79.540174,8.953981]]]}},{"type":"Feature","properties":{"name":"Casa Adriana"},"geometry":{"type":"Polygon","coordinates":[[[-79.540241,8.954532],[-79.540247,8.9546],[-79.540111,8.954612],[-79.540103,8.954544],[-79.540241,8.954532]]]}},{"type":"Feature","properties":{"name":"George Washington"},"geometry":{"type":"Polygon","coordinates":[[[-79.540863,8.954089],[-79.54086,8.954193],[-79.540724,8.954185],[-79.54073,8.954082],[-79.540863,8.954089]]]}},{"type":"Feature","properties":{"name":null},"geometry":{"type":"Polygon","coordinates":[[[-79.541104,8.953291],[-79.541123,8.953506],[-79.540949,8.953521],[-79.540931,8.953306],[-79.541104,8.953291]]]}},{"type":"Feature","properties":{"name":null},"geometry":{"type":"Polygon","coordinates":[[[-79.540907,8.954194],[-79.540914,8.954057],[-79.540946,8.954059],[-79.540944,8.954097],[-79.540955,8.954098],[-79.540958,8.954037],[-79.541011,8.95404],[-79.541003,8.954199],[-79.540907,8.954194]]]}},{"type":"Feature","properties":{"name":null},"geometry":{"type":"Polygon","coordinates":[[[-79.541532,8.954107],[-79.541391,8.954124],[-79.541329,8.953599],[-79.54147,8.953583],[-79.541532,8.954107]]]}},{"type":"Feature","properties":{"name":"Edificio Dos Mares"},"geometry":{"type":"Polygon","coordinates":[[[-79.54136,8.954015],[-79.541359,8.954199],[-79.541093,8.954198],[-79.541094,8.954014],[-79.54136,8.954015]]]}},{"type":"Feature","properties":{"name":null},"geometry":{"type":"Polygon","coordinates":[[[-79.541801,8.952931],[-79.541809,8.953016],[-79.541556,8.953041],[-79.541547,8.952956],[-79.541801,8.952931]]]}},{"type":"Feature","properties":{"name":"Renta 11"},"geometry":{"type":"Polygon","coordinates":[[[-79.542103,8.95342],[-79.542093,8.953317],[-79.54195,8.953331],[-79.541948,8.953312],[-79.54209,8.953298],[-79.542079,8.953182],[-79.541938,8.953195],[-79.541936,8.953178],[-79.542017,8.95317],[-79.542004,8.953049],[-79.541925,8.953057],[-79.541924,8.953044],[-79.541962,8.953041],[-79.541956,8.952978],[-79.541841,8.952988],[-79.541846,8.953051],[-79.54189,8.953047],[-79.541891,8.95306],[-79.541771,8.953072],[-79.541783,8.953193],[-79.541902,8.953181],[-79.541904,8.953198],[-79.541784,8.95321],[-79.541796,8.953326],[-79.541914,8.953315],[-79.541916,8.953334],[-79.541833,8.953342],[-79.541843,8.953445],[-79.542103,8.95342]]]}},{"type":"Feature","properties":{"name":null},"geometry":{"type":"Polygon","coordinates":[[[-79.538254,8.953534],[-79.538316,8.953608],[-79.538306,8.95365],[-79.538105,8.953754],[-79.538063,8.953697],[-79.538254,8.953534]]]}},{"type":"Feature","properties":{"name":null},"geometry":{"type":"Polygon","coordinates":[[[-79.538222,8.953496],[-79.538254,8.953534],[-79.538063,8.953697],[-79.538035,8.95366],[-79.538222,8.953496]]]}},{"type":"Feature","properties":{"name":null},"geometry":{"type":"Polygon","coordinates":[[[-79.538125,8.953383],[-79.538153,8.953415],[-79.537969,8.953572],[-79.53794,8.953533],[-79.538125,8.953383]]]}},{"type":"Feature","properties":{"name":null},"geometry":{"type":"Polygon","coordinates":[[[-79.538153,8.953415],[-79.538222,8.953496],[-79.538035,8.95366],[-79.537969,8.953572],[-79.538153,8.953415]]]}},{"type":"Feature","properties":{"name":null},"geometry":{"type":"Polygon","coordinates":[[[-79.538017,8.952726],[-79.538095,8.952654],[-79.538129,8.952791],[-79.53813,8.952805],[-79.538023,8.952821],[-79.538017,8.952726]]]}},{"type":"Feature","properties":{"name":null},"geometry":{"type":"Polygon","coordinates":[[[-79.53813,8.952805],[-79.538135,8.952948],[-79.53803,8.952952],[-79.538023,8.952821],[-79.53813,8.952805]]]}},{"type":"Feature","properties":{"name":null},"geometry":{"type":"Polygon","coordinates":[[[-79.538019,8.953152],[-79.538196,8.95335],[-79.538274,8.953289],[-79.538137,8.953126],[-79.538113,8.953096],[-79.538019,8.953152]]]}},{"type":"Feature","properties":{"name":null},"geometry":{"type":"Polygon","coordinates":[[[-79.53829,8.95239],[-79.538284,8.952286],[-79.538407,8.952285],[-79.538417,8.952293],[-79.53829,8.95239]]]}},{"type":"Feature","properties":{"name":null},"geometry":{"type":"Polygon","coordinates":[[[-79.538896,8.952232],[-79.538899,8.952285],[-79.538738,8.952294],[-79.538735,8.952241],[-79.538896,8.952232]]]}},{"type":"Feature","properties":{"name":null},"geometry":{"type":"Polygon","coordinates":[[[-79.538677,8.952244],[-79.538679,8.952297],[-79.538681,8.952339],[-79.53874,8.952336],[-79.538738,8.952294],[-79.538735,8.952241],[-79.538677,8.952244]]]}},{"type":"Feature","properties":{"name":null},"geometry":{"type":"Polygon","coordinates":[[[-79.538589,8.952391],[-79.538591,8.952446],[-79.538513,8.952449],[-79.538512,8.952394],[-79.538589,8.952391]]]}},{"type":"Feature","properties":{"name":null},"geometry":{"type":"Polygon","coordinates":[[[-79.538679,8.952297],[-79.538632,8.952298],[-79.538634,8.952339],[-79.538571,8.95234],[-79.53857,8.952252],[-79.538677,8.952244],[-79.538679,8.952297]]]}},{"type":"Feature","properties":{"name":null},"geometry":{"type":"Polygon","coordinates":[[[-79.538589,8.952391],[-79.538512,8.952394],[-79.53851,8.952341],[-79.538571,8.95234],[-79.538634,8.952339],[-79.538652,8.952338],[-79.538653,8.952391],[-79.538589,8.952391]]]}},{"type":"Feature","properties":{"name":null},"geometry":{"type":"Polygon","coordinates":[[[-79.538894,8.95203],[-79.538896,8.952126],[-79.538761,8.952132],[-79.538761,8.952115],[-79.538759,8.952071],[-79.538699,8.952074],[-79.538697,8.952034],[-79.53882,8.952031],[-79.538894,8.95203]]]}},{"type":"Feature","properties":{"name":null},"geometry":{"type":"Polygon","coordinates":[[[-79.538896,8.952126],[-79.538898,8.952192],[-79.538765,8.952198],[-79.538763,8.952156],[-79.538761,8.952132],[-79.538896,8.952126]]]}},{"type":"Feature","properties":{"name":null},"geometry":{"type":"Polygon","coordinates":[[[-79.538663,8.952076],[-79.538662,8.952034],[-79.53866,8.951978],[-79.538568,8.951978],[-79.538549,8.951995],[-79.538553,8.952082],[-79.538663,8.952076]]]}},{"type":"Feature","properties":{"name":null},"geometry":{"type":"Polygon","coordinates":[[[-79.538759,8.952071],[-79.538761,8.952115],[-79.538556,8.952124],[-79.538553,8.952082],[-79.538663,8.952076],[-79.538699,8.952074],[-79.538759,8.952071]]]}},{"type":"Feature","properties":{"name":null},"geometry":{"type":"Polygon","coordinates":[[[-79.538761,8.952115],[-79.538761,8.952132],[-79.538763,8.952156],[-79.538558,8.952165],[-79.538556,8.952124],[-79.538761,8.952115]]]}},{"type":"Feature","properties":{"name":null},"geometry":{"type":"Polygon","coordinates":[[[-79.538765,8.952198],[-79.538763,8.952156],[-79.538558,8.952165],[-79.53856,8.952207],[-79.538765,8.952198]]]}},{"type":"Feature","properties":{"name":null},"geometry":{"type":"Polygon","coordinates":[[[-79.541268,8.951938],[-79.541334,8.952097],[-79.541281,8.952118],[-79.541256,8.952059],[-79.541216,8.951963],[-79.541213,8.951961],[-79.541268,8.951938]]]}},{"type":"Feature","properties":{"name":null},"geometry":{"type":"Polygon","coordinates":[[[-79.54137,8.951895],[-79.541381,8.95192],[-79.541405,8.951976],[-79.541389,8.951983],[-79.541411,8.952035],[-79.541371,8.952052],[-79.541314,8.951918],[-79.54137,8.951895]]]}},{"type":"Feature","properties":{"name":null},"geometry":{"type":"Polygon","coordinates":[[[-79.541509,8.951865],[-79.541566,8.95199],[-79.541528,8.952006],[-79.541473,8.95188],[-79.541509,8.951865]]]}},{"type":"Feature","properties":{"name":null},"geometry":{"type":"Polygon","coordinates":[[[-79.54175,8.952115],[-79.541769,8.95216],[-79.541597,8.952234],[-79.541577,8.952189],[-79.541625,8.952169],[-79.541639,8.952163],[-79.54175,8.952115]]]}},{"type":"Feature","properties":{"name":null},"geometry":{"type":"Polygon","coordinates":[[[-79.541669,8.951951],[-79.541598,8.951981],[-79.541539,8.951851],[-79.541609,8.95182],[-79.541669,8.951951]]]}},{"type":"Feature","properties":{"name":"Casa Leovigilda León"},"geometry":{"type":"Polygon","coordinates":[[[-79.54175,8.952115],[-79.541639,8.952163],[-79.541565,8.951996],[-79.541598,8.951981],[-79.541669,8.951951],[-79.541676,8.951948],[-79.54175,8.952115]]]}},{"type":"Feature","properties":{"name":null},"geometry":{"type":"Polygon","coordinates":[[[-79.540902,8.951968],[-79.54081,8.951991],[-79.540809,8.951986],[-79.540779,8.951844],[-79.540835,8.95183],[-79.540843,8.951828],[-79.540902,8.951968]]]}},{"type":"Feature","properties":{"name":null},"geometry":{"type":"Polygon","coordinates":[[[-79.540796,8.951737],[-79.54081,8.9518],[-79.540812,8.951813],[-79.540477,8.951883],[-79.540461,8.951807],[-79.540796,8.951737]]]}},{"type":"Feature","properties":{"name":null},"geometry":{"type":"Polygon","coordinates":[[[-79.541014,8.952529],[-79.540946,8.952543],[-79.540839,8.95206],[-79.540907,8.952045],[-79.541014,8.952529]]]}},{"type":"Feature","properties":{"name":null},"geometry":{"type":"Polygon","coordinates":[[[-79.540189,8.952432],[-79.540218,8.952553],[-79.540092,8.952582],[-79.540064,8.952461],[-79.540189,8.952432]]]}},{"type":"Feature","properties":{"name":null},"geometry":{"type":"Polygon","coordinates":[[[-79.540289,8.951962],[-79.540317,8.952106],[-79.540171,8.952134],[-79.540143,8.95199],[-79.540289,8.951962]]]}},{"type":"Feature","properties":{"name":null},"geometry":{"type":"Polygon","coordinates":[[[-79.541549,8.952247],[-79.541487,8.952272],[-79.541457,8.9522],[-79.541402,8.95207],[-79.541556,8.952006],[-79.541625,8.952169],[-79.541577,8.952189],[-79.541553,8.952131],[-79.541508,8.95215],[-79.541549,8.952247]]]}},{"type":"Feature","properties":{"name":null},"geometry":{"type":"Polygon","coordinates":[[[-79.542104,8.952078],[-79.542139,8.952162],[-79.542054,8.952197],[-79.542023,8.952123],[-79.542019,8.952113],[-79.542104,8.952078]]]}},{"type":"Feature","properties":{"name":null},"geometry":{"type":"Polygon","coordinates":[[[-79.542294,8.951812],[-79.542337,8.951912],[-79.542156,8.951988],[-79.542113,8.951888],[-79.542294,8.951812]]]}},{"type":"Feature","properties":{"name":"Don Arturo"},"geometry":{"type":"Polygon","coordinates":[[[-79.542854,8.953249],[-79.542723,8.95328],[-79.542718,8.953259],[-79.542647,8.953276],[-79.542652,8.953297],[-79.542523,8.953327],[-79.542506,8.953256],[-79.542544,8.953247],[-79.542541,8.953234],[-79.542613,8.953217],[-79.542609,8.953199],[-79.542537,8.953216],[-79.542534,8.953207],[-79.542496,8.953216],[-79.542479,8.953147],[-79.54261,8.953116],[-79.542614,8.953135],[-79.542685,8.953118],[-79.542681,8.9531],[-79.542811,8.953069],[-79.542827,8.953138],[-79.542795,8.953145],[-79.542798,8.953155],[-79.542717,8.953174],[-79.542722,8.953192],[-79.542802,8.953173],[-79.542805,8.953185],[-79.542837,8.953178],[-79.542854,8.953249]]]}},{"type":"Feature","properties":{"name":null},"geometry":{"type":"Polygon","coordinates":[[[-79.543377,8.953418],[-79.543395,8.953564],[-79.542671,8.953651],[-79.542653,8.953505],[-79.543377,8.953418]]]}},{"type":"Feature","properties":{"name":"Casa Ramos Estripeaut"},"geometry":{"type":"Polygon","coordinates":[[[-79.54302,8.953972],[-79.54303,8.954041],[-79.542839,8.954068],[-79.542841,8.954079],[-79.542691,8.9541],[-79.542679,8.954022],[-79.54302,8.953972]]]}},{"type":"Feature","properties":{"name":"Casa Ricardo Pérez"},"geometry":{"type":"Polygon","coordinates":[[[-79.542884,8.954198],[-79.542895,8.95428],[-79.542869,8.954284],[-79.542871,8.954298],[-79.542742,8.954313],[-79.542731,8.954225],[-79.54282,8.954215],[-79.542819,8.954207],[-79.542884,8.954198]]]}},{"type":"Feature","properties":{"name":"Casa Caballero Pérez"},"geometry":{"type":"Polygon","coordinates":[[[-79.543015,8.954078],[-79.543022,8.95412],[-79.543053,8.954115],[-79.543061,8.954165],[-79.542987,8.954177],[-79.542983,8.954149],[-79.542911,8.954161],[-79.542914,8.954177],[-79.542851,8.954187],[-79.542848,8.954172],[-79.542808,8.954178],[-79.542812,8.9542],[-79.542711,8.954216],[-79.542696,8.954127],[-79.543015,8.954078]]]}},{"type":"Feature","properties":{"name":null},"geometry":{"type":"Polygon","coordinates":[[[-79.542334,8.953472],[-79.542344,8.953522],[-79.542331,8.953525],[-79.542341,8.953579],[-79.54228,8.95359],[-79.54226,8.953485],[-79.542334,8.953472]]]}},{"type":"Feature","properties":{"name":null},"geometry":{"type":"Polygon","coordinates":[[[-79.542288,8.953761],[-79.542216,8.953778],[-79.542295,8.954099],[-79.542367,8.954082],[-79.542288,8.953761]]]}},{"type":"Feature","properties":{"name":null},"geometry":{"type":"Polygon","coordinates":[[[-79.542553,8.953876],[-79.542564,8.953923],[-79.542351,8.953974],[-79.542339,8.953927],[-79.542553,8.953876]]]}},{"type":"Feature","properties":{"name":"Ministerio Cristiano"},"geometry":{"type":"Polygon","coordinates":[[[-79.542542,8.95383],[-79.542553,8.953876],[-79.542339,8.953927],[-79.542327,8.953881],[-79.542542,8.95383]]]}},{"type":"Feature","properties":{"name":null},"geometry":{"type":"Polygon","coordinates":[[[-79.542958,8.953818],[-79.543605,8.953739],[-79.543578,8.953631],[-79.543509,8.953567],[-79.542861,8.953652],[-79.542871,8.953722],[-79.543506,8.953638],[-79.543525,8.95368],[-79.54295,8.953759],[-79.542958,8.953818]]]}},{"type":"Feature","properties":{"name":null},"geometry":{"type":"Polygon","coordinates":[[[-79.5421,8.954806],[-79.542105,8.954961],[-79.542108,8.955064],[-79.541805,8.955068],[-79.541796,8.954816],[-79.5421,8.954806]]]}},{"type":"Feature","properties":{"name":"Capilla Oratorio Don Bosco"},"geometry":{"type":"Polygon","coordinates":[[[-79.542775,8.954824],[-79.542782,8.954871],[-79.542608,8.954896],[-79.542601,8.954849],[-79.542775,8.954824]]]}},{"type":"Feature","properties":{"name":null},"geometry":{"type":"Polygon","coordinates":[[[-79.542756,8.954707],[-79.542747,8.954709],[-79.542563,8.95475],[-79.542523,8.95457],[-79.542714,8.954527],[-79.542756,8.954707]]]}},{"type":"Feature","properties":{"name":null},"geometry":{"type":"Polygon","coordinates":[[[-79.542473,8.954364],[-79.542517,8.954354],[-79.54266,8.954322],[-79.542667,8.95432],[-79.542714,8.954527],[-79.542523,8.95457],[-79.542512,8.954521],[-79.54256,8.95451],[-79.542536,8.954404],[-79.542484,8.954416],[-79.542473,8.954364]]]}},{"type":"Feature","properties":{"name":null},"geometry":{"type":"Polygon","coordinates":[[[-79.542644,8.954253],[-79.54266,8.954322],[-79.542517,8.954354],[-79.542501,8.954285],[-79.542644,8.954253]]]}},{"type":"Feature","properties":{"name":null},"geometry":{"type":"Polygon","coordinates":[[[-79.542887,8.955524],[-79.542882,8.955331],[-79.542705,8.955359],[-79.542697,8.95536],[-79.542684,8.955362],[-79.5427,8.955464],[-79.542683,8.955467],[-79.542684,8.95548],[-79.54269,8.955543],[-79.542887,8.955524]]]}},{"type":"Feature","properties":{"name":null},"geometry":{"type":"Polygon","coordinates":[[[-79.54288,8.955281],[-79.542882,8.955331],[-79.542705,8.955359],[-79.542688,8.955309],[-79.54288,8.955281]]]}},{"type":"Feature","properties":{"name":null},"geometry":{"type":"Polygon","coordinates":[[[-79.542821,8.955004],[-79.542835,8.955086],[-79.542642,8.955117],[-79.542628,8.955035],[-79.542821,8.955004]]]}},{"type":"Feature","properties":{"name":"Edificio Don Costa"},"geometry":{"type":"Polygon","coordinates":[[[-79.542859,8.955104],[-79.542886,8.955279],[-79.542688,8.955309],[-79.54266,8.955134],[-79.542859,8.955104]]]}},{"type":"Feature","properties":{"name":"Gelabert II"},"geometry":{"type":"Polygon","coordinates":[[[-79.543763,8.954279],[-79.543853,8.954257],[-79.543984,8.95479],[-79.543893,8.954812],[-79.543763,8.954279]]]}},{"type":"Feature","properties":{"name":null},"geometry":{"type":"Polygon","coordinates":[[[-79.543897,8.954955],[-79.54377,8.954967],[-79.543761,8.954871],[-79.543888,8.954859],[-79.543897,8.954955]]]}},{"type":"Feature","properties":{"name":null},"geometry":{"type":"Polygon","coordinates":[[[-79.543749,8.954845],[-79.543581,8.954867],[-79.54357,8.954788],[-79.543738,8.954766],[-79.543749,8.954845]]]}},{"type":"Feature","properties":{"name":null},"geometry":{"type":"Polygon","coordinates":[[[-79.543658,8.954867],[-79.543677,8.954996],[-79.543603,8.955006],[-79.543585,8.954877],[-79.543658,8.954867]]]}},{"type":"Feature","properties":{"name":null},"geometry":{"type":"Polygon","coordinates":[[[-79.543771,8.954981],[-79.54369,8.954993],[-79.543671,8.954865],[-79.543752,8.954853],[-79.543771,8.954981]]]}},{"type":"Feature","properties":{"name":null},"geometry":{"type":"Polygon","coordinates":[[[-79.543568,8.954869],[-79.543557,8.954789],[-79.543382,8.954811],[-79.543393,8.954892],[-79.543568,8.954869]]]}},{"type":"Feature","properties":{"name":null},"geometry":{"type":"Polygon","coordinates":[[[-79.543536,8.954767],[-79.543515,8.954628],[-79.543619,8.954612],[-79.543641,8.954752],[-79.543536,8.954767]]]}},{"type":"Feature","properties":{"name":null},"geometry":{"type":"Polygon","coordinates":[[[-79.543437,8.954781],[-79.543415,8.954647],[-79.543508,8.954632],[-79.54353,8.954766],[-79.543437,8.954781]]]}},{"type":"Feature","properties":{"name":null},"geometry":{"type":"Polygon","coordinates":[[[-79.543332,8.954797],[-79.543313,8.954653],[-79.543404,8.954642],[-79.543423,8.954785],[-79.543332,8.954797]]]}},{"type":"Feature","properties":{"name":null},"geometry":{"type":"Polygon","coordinates":[[[-79.543231,8.954808],[-79.543213,8.954664],[-79.543304,8.954653],[-79.543321,8.954798],[-79.543231,8.954808]]]}},{"type":"Feature","properties":{"name":null},"geometry":{"type":"Polygon","coordinates":[[[-79.54312,8.954821],[-79.543101,8.954677],[-79.543202,8.954664],[-79.54322,8.954808],[-79.54312,8.954821]]]}},{"type":"Feature","properties":{"name":null},"geometry":{"type":"Polygon","coordinates":[[[-79.543115,8.954824],[-79.543013,8.954838],[-79.542992,8.954692],[-79.543094,8.954678],[-79.543115,8.954824]]]}},{"type":"Feature","properties":{"name":null},"geometry":{"type":"Polygon","coordinates":[[[-79.543167,8.955022],[-79.543158,8.95494],[-79.543388,8.954914],[-79.543397,8.954996],[-79.543167,8.955022]]]}},{"type":"Feature","properties":{"name":null},"geometry":{"type":"Polygon","coordinates":[[[-79.543055,8.954939],[-79.543044,8.954859],[-79.543363,8.954816],[-79.543374,8.954897],[-79.543055,8.954939]]]}},{"type":"Feature","properties":{"name":"Mercado Ancon"},"geometry":{"type":"Polygon","coordinates":[[[-79.54316,8.955021],[-79.543028,8.955034],[-79.542949,8.955041],[-79.542906,8.954873],[-79.543021,8.954857],[-79.543041,8.954945],[-79.543075,8.954962],[-79.54315,8.954954],[-79.54316,8.955021]]]}},{"type":"Feature","properties":{"name":null},"geometry":{"type":"Polygon","coordinates":[[[-79.543042,8.955129],[-79.542946,8.95514],[-79.542935,8.955043],[-79.542949,8.955041],[-79.543028,8.955034],[-79.543042,8.955129]]]}},{"type":"Feature","properties":{"name":null},"geometry":{"type":"Polygon","coordinates":[[[-79.543078,8.95522],[-79.543055,8.955222],[-79.543034,8.955225],[-79.54295,8.955235],[-79.542946,8.95514],[-79.543042,8.955129],[-79.54315,8.955117],[-79.543156,8.955211],[-79.543118,8.955214],[-79.543116,8.955176],[-79.543075,8.955178],[-79.543078,8.95522]]]}},{"type":"Feature","properties":{"name":"Chato Lombardo"},"geometry":{"type":"Polygon","coordinates":[[[-79.541924,8.955188],[-79.54176,8.955202],[-79.541749,8.955095],[-79.541915,8.95508],[-79.541924,8.955188]]]}},{"type":"Feature","properties":{"name":null},"geometry":{"type":"Polygon","coordinates":[[[-79.542089,8.955186],[-79.54203,8.955191],[-79.542021,8.955083],[-79.542079,8.955078],[-79.542089,8.955186]]]}},{"type":"Feature","properties":{"name":null},"geometry":{"type":"Polygon","coordinates":[[[-79.542252,8.95514],[-79.542183,8.955145],[-79.542178,8.955083],[-79.542247,8.955078],[-79.542252,8.95514]]]}},{"type":"Feature","properties":{"name":null},"geometry":{"type":"Polygon","coordinates":[[[-79.542258,8.955207],[-79.542188,8.955213],[-79.542183,8.955145],[-79.542252,8.95514],[-79.542258,8.955207]]]}},{"type":"Feature","properties":{"name":null},"geometry":{"type":"Polygon","coordinates":[[[-79.542267,8.955302],[-79.542197,8.955308],[-79.542188,8.955213],[-79.542258,8.955207],[-79.542267,8.955302]]]}},{"type":"Feature","properties":{"name":null},"geometry":{"type":"Polygon","coordinates":[[[-79.542295,8.955581],[-79.542179,8.955594],[-79.542156,8.955395],[-79.542176,8.955393],[-79.542167,8.955319],[-79.542275,8.955306],[-79.542286,8.955395],[-79.542273,8.955396],[-79.542295,8.955581]]]}},{"type":"Feature","properties":{"name":null},"geometry":{"type":"Polygon","coordinates":[[[-79.542684,8.95548],[-79.542683,8.955467],[-79.5427,8.955464],[-79.542684,8.955362],[-79.542697,8.95536],[-79.542661,8.955246],[-79.542653,8.955248],[-79.542641,8.955133],[-79.542576,8.955137],[-79.542569,8.955079],[-79.542476,8.95509],[-79.542488,8.955205],[-79.542462,8.955208],[-79.54246,8.955187],[-79.542315,8.955202],[-79.542328,8.955322],[-79.542304,8.955324],[-79.542329,8.955573],[-79.542413,8.955564],[-79.542415,8.955578],[-79.542533,8.955565],[-79.542531,8.955549],[-79.54257,8.955545],[-79.542564,8.955496],[-79.54266,8.955483],[-79.542684,8.95548]]]}},{"type":"Feature","properties":{"name":null},"geometry":{"type":"Polygon","coordinates":[[[-79.541991,8.955286],[-79.541877,8.955296],[-79.541875,8.955267],[-79.541846,8.95527],[-79.541849,8.955299],[-79.541769,8.955306],[-79.54176,8.955202],[-79.541924,8.955188],[-79.541982,8.955183],[-79.541991,8.955286]]]}},{"type":"Feature","properties":{"name":"Jaime Ventura"},"geometry":{"type":"Polygon","coordinates":[[[-79.541905,8.955341],[-79.54191,8.955394],[-79.541779,8.955406],[-79.541769,8.955306],[-79.541849,8.955299],[-79.541877,8.955296],[-79.541991,8.955286],[-79.541995,8.955333],[-79.541905,8.955341]]]}},{"type":"Feature","properties":{"name":"Luis Gengifo S."},"geometry":{"type":"Polygon","coordinates":[[[-79.541955,8.95549],[-79.541895,8.955496],[-79.54179,8.955507],[-79.541779,8.955406],[-79.54191,8.955394],[-79.541946,8.955391],[-79.54195,8.95544],[-79.541918,8.955443],[-79.54192,8.955466],[-79.541952,8.955463],[-79.541955,8.95549]]]}},{"type":"Feature","properties":{"name":null},"geometry":{"type":"Polygon","coordinates":[[[-79.5421,8.955258],[-79.542037,8.955263],[-79.54203,8.955191],[-79.542089,8.955186],[-79.542091,8.955205],[-79.542096,8.955204],[-79.5421,8.955258]]]}},{"type":"Feature","properties":{"name":null},"geometry":{"type":"Polygon","coordinates":[[[-79.541709,8.955402],[-79.541718,8.955487],[-79.541623,8.955499],[-79.541611,8.955411],[-79.541709,8.955402]]]}},{"type":"Feature","properties":{"name":"Semeaj"},"geometry":{"type":"Polygon","coordinates":[[[-79.541701,8.955299],[-79.54171,8.955402],[-79.541709,8.955402],[-79.541611,8.955411],[-79.541328,8.955435],[-79.541319,8.955333],[-79.541417,8.955324],[-79.541421,8.955374],[-79.541589,8.955359],[-79.541585,8.955309],[-79.541701,8.955299]]]}},{"type":"Feature","properties":{"name":"Aristides Malo"},"geometry":{"type":"Polygon","coordinates":[[[-79.541693,8.955217],[-79.541701,8.955299],[-79.541585,8.955309],[-79.541417,8.955324],[-79.541319,8.955333],[-79.541312,8.955251],[-79.541466,8.955238],[-79.541469,8.95527],[-79.541581,8.95526],[-79.541579,8.955227],[-79.541693,8.955217]]]}},{"type":"Feature","properties":{"name":"Gerardo de León"},"geometry":{"type":"Polygon","coordinates":[[[-79.541685,8.955125],[-79.541693,8.955217],[-79.541579,8.955227],[-79.541466,8.955238],[-79.541312,8.955251],[-79.541303,8.955159],[-79.54151,8.955141],[-79.541666,8.955127],[-79.541685,8.955125]]]}},{"type":"Feature","properties":{"name":null},"geometry":{"type":"Polygon","coordinates":[[[-79.541468,8.955623],[-79.541423,8.95578],[-79.54131,8.955748],[-79.541356,8.955591],[-79.541468,8.955623]]]}},{"type":"Feature","properties":{"name":null},"geometry":{"type":"Polygon","coordinates":[[[-79.541618,8.955688],[-79.541602,8.955724],[-79.54162,8.955734],[-79.541585,8.95581],[-79.541549,8.955832],[-79.541461,8.955789],[-79.54147,8.95576],[-79.541439,8.955749],[-79.541477,8.955618],[-79.541535,8.955636],[-79.541519,8.955696],[-79.541618,8.955688]]]}},{"type":"Feature","properties":{"name":null},"geometry":{"type":"Polygon","coordinates":[[[-79.541785,8.95594],[-79.54166,8.955957],[-79.541654,8.955959],[-79.541562,8.955901],[-79.541767,8.955873],[-79.541775,8.955872],[-79.541785,8.95594]]]}},{"type":"Feature","properties":{"name":"Compañía Internacional de Seguros"},"geometry":{"type":"Polygon","coordinates":[[[-79.541806,8.956091],[-79.541713,8.956104],[-79.541678,8.956085],[-79.54166,8.955957],[-79.541785,8.95594],[-79.541806,8.956091]]]}},{"type":"Feature","properties":{"name":null},"geometry":{"type":"Polygon","coordinates":[[[-79.542469,8.956398],[-79.542499,8.956288],[-79.542674,8.956324],[-79.542659,8.956372],[-79.542613,8.956378],[-79.542609,8.956445],[-79.542534,8.956452],[-79.542509,8.956425],[-79.542469,8.956398]]]}},{"type":"Feature","properties":{"name":"Loty"},"geometry":{"type":"Polygon","coordinates":[[[-79.542514,8.956217],[-79.542453,8.956426],[-79.542275,8.956376],[-79.542282,8.956351],[-79.542335,8.956167],[-79.542514,8.956217]]]}},{"type":"Feature","properties":{"name":null},"geometry":{"type":"Polygon","coordinates":[[[-79.542282,8.956351],[-79.542119,8.956305],[-79.542231,8.955918],[-79.542383,8.955961],[-79.542356,8.956066],[-79.542364,8.956068],[-79.542335,8.956167],[-79.542282,8.956351]]]}},{"type":"Feature","properties":{"name":null},"geometry":{"type":"Polygon","coordinates":[[[-79.54209,8.956318],[-79.541931,8.956275],[-79.541959,8.956175],[-79.542037,8.956196],[-79.542043,8.956173],[-79.542016,8.956166],[-79.542042,8.956072],[-79.542017,8.956065],[-79.542042,8.955974],[-79.542176,8.95601],[-79.54209,8.956318]]]}},{"type":"Feature","properties":{"name":null},"geometry":{"type":"Polygon","coordinates":[[[-79.542148,8.955964],[-79.542035,8.955933],[-79.542056,8.955859],[-79.542116,8.955875],[-79.54211,8.955895],[-79.542164,8.95591],[-79.542148,8.955964]]]}},{"type":"Feature","properties":{"name":null},"geometry":{"type":"Polygon","coordinates":[[[-79.542111,8.955667],[-79.542242,8.955655],[-79.542181,8.955884],[-79.542174,8.955909],[-79.542114,8.955893],[-79.54215,8.955758],[-79.54212,8.95576],[-79.542111,8.955667]]]}},{"type":"Feature","properties":{"name":"K"},"geometry":{"type":"Polygon","coordinates":[[[-79.541975,8.955788],[-79.541982,8.955865],[-79.541847,8.955878],[-79.541832,8.955715],[-79.541854,8.95569],[-79.542111,8.955667],[-79.54212,8.95576],[-79.542121,8.955774],[-79.542096,8.955777],[-79.542102,8.955845],[-79.541995,8.955855],[-79.541989,8.955787],[-79.541975,8.955788]]]}},{"type":"Feature","properties":{"name":null},"geometry":{"type":"Polygon","coordinates":[[[-79.542838,8.955693],[-79.542664,8.9557],[-79.542687,8.955609],[-79.542859,8.955598],[-79.542838,8.955693]]]}},{"type":"Feature","properties":{"name":null},"geometry":{"type":"Polygon","coordinates":[[[-79.543714,8.954158],[-79.543635,8.953841],[-79.543707,8.953824],[-79.543785,8.954141],[-79.543714,8.954158]]]}},{"type":"Feature","properties":{"name":null},"geometry":{"type":"Polygon","coordinates":[[[-79.544107,8.954827],[-79.544109,8.954905],[-79.543915,8.954912],[-79.543912,8.954834],[-79.544107,8.954827]]]}},{"type":"Feature","properties":{"name":null},"geometry":{"type":"Polygon","coordinates":[[[-79.544203,8.954824],[-79.544142,8.954826],[-79.544107,8.954827],[-79.544109,8.954905],[-79.54411,8.954936],[-79.544166,8.954935],[-79.54418,8.954935],[-79.544203,8.954824]]]}},{"type":"Feature","properties":{"name":null},"geometry":{"type":"Polygon","coordinates":[[[-79.544104,8.954654],[-79.544131,8.954803],[-79.544046,8.954818],[-79.544018,8.954669],[-79.544104,8.954654]]]}},{"type":"Feature","properties":{"name":null},"geometry":{"type":"Polygon","coordinates":[[[-79.544209,8.954637],[-79.54412,8.95466],[-79.544142,8.954826],[-79.544203,8.954824],[-79.544213,8.954731],[-79.544209,8.954637]]]}},{"type":"Feature","properties":{"name":null},"geometry":{"type":"Polygon","coordinates":[[[-79.554151,8.96516],[-79.554167,8.96506],[-79.553732,8.965226],[-79.553726,8.965329],[-79.554151,8.96516]]]}},{"type":"Feature","properties":{"name":"Edificio de la ACP"},"geometry":{"type":"Polygon","coordinates":[[[-79.553779,8.959426],[-79.553738,8.959307],[-79.553619,8.95934],[-79.553605,8.959302],[-79.553511,8.959335],[-79.553527,8.95937],[-79.553471,8.959391],[-79.553513,8.959501],[-79.553779,8.959426]]]}},{"type":"Feature","properties":{"name":"Palacio Alianza"},"geometry":{"type":"Polygon","coordinates":[[[-79.534642,8.953125],[-79.534562,8.953118],[-79.534504,8.953112],[-79.534424,8.953104],[-79.534435,8.95299],[-79.53444,8.952941],[-79.534451,8.952828],[-79.534531,8.952836],[-79.53459,8.952841],[-79.534669,8.952849],[-79.534658,8.952962],[-79.534653,8.953011],[-79.534642,8.953125]]]}},{"type":"Feature","properties":{"name":"Amarla Boutique Hotel"},"geometry":{"type":"Polygon","coordinates":[[[-79.533697,8.952481],[-79.533665,8.952477],[-79.533617,8.952473],[-79.533635,8.952258],[-79.533718,8.952265],[-79.533697,8.952481]]]}},{"type":"Feature","properties":{"name":null},"geometry":{"type":"Polygon","coordinates":[[[-79.554667,8.942551],[-79.554705,8.942674],[-79.554946,8.942602],[-79.554908,8.942478],[-79.554667,8.942551]]]}},{"type":"Feature","properties":{"name":null},"geometry":{"type":"Polygon","coordinates":[[[-79.55107,8.940885],[-79.550957,8.940913],[-79.551016,8.941146],[-79.551129,8.941118],[-79.55107,8.940885]]]}},{"type":"Feature","properties":{"name":null},"geometry":{"type":"Polygon","coordinates":[[[-79.551107,8.941323],[-79.55099,8.94129],[-79.550942,8.941458],[-79.551058,8.941491],[-79.551107,8.941323]]]}},{"type":"Feature","properties":{"name":null},"geometry":{"type":"Polygon","coordinates":[[[-79.550996,8.941662],[-79.550794,8.941713],[-79.550819,8.941812],[-79.551022,8.94176],[-79.550996,8.941662]]]}},{"type":"Feature","properties":{"name":null},"geometry":{"type":"Polygon","coordinates":[[[-79.549712,8.941602],[-79.549612,8.941616],[-79.549656,8.941911],[-79.549756,8.941896],[-79.549712,8.941602]]]}},{"type":"Feature","properties":{"name":null},"geometry":{"type":"Polygon","coordinates":[[[-79.549733,8.94123],[-79.549638,8.94122],[-79.549608,8.941502],[-79.549702,8.941512],[-79.549733,8.94123]]]}},{"type":"Feature","properties":{"name":null},"geometry":{"type":"Polygon","coordinates":[[[-79.543879,8.962201],[-79.543852,8.962167],[-79.543836,8.962148],[-79.543813,8.962142],[-79.543791,8.962151],[-79.543777,8.962167],[-79.543735,8.962226],[-79.543799,8.962215],[-79.543792,8.962174],[-79.543839,8.962166],[-79.543848,8.962207],[-79.543879,8.962201]]]}},{"type":"Feature","properties":{"name":null},"geometry":{"type":"Polygon","coordinates":[[[-79.543835,8.962966],[-79.543834,8.962889],[-79.543797,8.96289],[-79.543766,8.962897],[-79.54375,8.962909],[-79.543745,8.962929],[-79.543755,8.96295],[-79.543772,8.962962],[-79.543801,8.962966],[-79.543835,8.962966]]]}},{"type":"Feature","properties":{"name":null},"geometry":{"type":"Polygon","coordinates":[[[-79.543771,8.962558],[-79.543777,8.962617],[-79.543755,8.962615],[-79.543736,8.962613],[-79.543722,8.962605],[-79.543713,8.962589],[-79.543721,8.962573],[-79.54373,8.962565],[-79.543747,8.96256],[-79.543771,8.962558]]]}},{"type":"Feature","properties":{"name":null},"geometry":{"type":"Polygon","coordinates":[[[-79.544328,8.962186],[-79.544327,8.962036],[-79.54424,8.962037],[-79.544241,8.962186],[-79.544328,8.962186]]]}},{"type":"Feature","properties":{"name":null},"geometry":{"type":"Polygon","coordinates":[[[-79.546193,8.940678],[-79.546083,8.940586],[-79.545902,8.940795],[-79.546012,8.940887],[-79.546193,8.940678]]]}},{"type":"Feature","properties":{"name":null},"geometry":{"type":"Polygon","coordinates":[[[-79.545833,8.941048],[-79.545723,8.940925],[-79.545874,8.940792],[-79.545985,8.940916],[-79.545833,8.941048]]]}},{"type":"Feature","properties":{"name":null},"geometry":{"type":"Polygon","coordinates":[[[-79.550106,8.94182],[-79.550061,8.941544],[-79.549966,8.941559],[-79.550011,8.941836],[-79.550106,8.94182]]]}},{"type":"Feature","properties":{"name":null},"geometry":{"type":"Polygon","coordinates":[[[-79.550733,8.941604],[-79.55077,8.941489],[-79.550543,8.941419],[-79.550507,8.941534],[-79.550733,8.941604]]]}},{"type":"Feature","properties":{"name":null},"geometry":{"type":"Polygon","coordinates":[[[-79.55053,8.941918],[-79.550631,8.941662],[-79.550546,8.94163],[-79.550446,8.941886],[-79.55053,8.941918]]]}},{"type":"Feature","properties":{"name":null},"geometry":{"type":"Polygon","coordinates":[[[-79.55202,8.941122],[-79.552048,8.94102],[-79.551772,8.940948],[-79.551744,8.940904],[-79.551695,8.940934],[-79.551718,8.94097],[-79.551678,8.941119],[-79.551749,8.941138],[-79.551735,8.941189],[-79.551887,8.941228],[-79.551899,8.941185],[-79.552062,8.941227],[-79.552085,8.941139],[-79.55202,8.941122]]]}},{"type":"Feature","properties":{"name":null},"geometry":{"type":"Polygon","coordinates":[[[-79.552064,8.941806],[-79.551995,8.94169],[-79.551865,8.941765],[-79.551933,8.941881],[-79.552064,8.941806]]]}},{"type":"Feature","properties":{"name":null},"geometry":{"type":"Polygon","coordinates":[[[-79.552753,8.94333],[-79.552876,8.943257],[-79.552712,8.942987],[-79.552589,8.94306],[-79.552753,8.94333]]]}},{"type":"Feature","properties":{"name":null},"geometry":{"type":"Polygon","coordinates":[[[-79.552839,8.942769],[-79.552541,8.942291],[-79.552376,8.942391],[-79.552674,8.942869],[-79.552839,8.942769]]]}},{"type":"Feature","properties":{"name":null},"geometry":{"type":"Polygon","coordinates":[[[-79.552657,8.943336],[-79.552583,8.943379],[-79.552469,8.943187],[-79.552543,8.943144],[-79.552657,8.943336]]]}},{"type":"Feature","properties":{"name":null},"geometry":{"type":"Polygon","coordinates":[[[-79.55314,8.942761],[-79.552992,8.94251],[-79.552842,8.942596],[-79.55299,8.942847],[-79.55314,8.942761]]]}},{"type":"Feature","properties":{"name":null},"geometry":{"type":"Polygon","coordinates":[[[-79.547385,8.961822],[-79.547455,8.961737],[-79.547514,8.961782],[-79.547445,8.961871],[-79.547385,8.961822]]]}},{"type":"Feature","properties":{"name":"AC Building"},"geometry":{"type":"Polygon","coordinates":[[[-79.547257,8.961751],[-79.547178,8.961691],[-79.547143,8.961736],[-79.547223,8.961796],[-79.547257,8.961751]]]}},{"type":"Feature","properties":{"name":null},"geometry":{"type":"Polygon","coordinates":[[[-79.547406,8.961674],[-79.547429,8.961692],[-79.547469,8.961642],[-79.547446,8.961624],[-79.547406,8.961674]]]}},{"type":"Feature","properties":{"name":null},"geometry":{"type":"Polygon","coordinates":[[[-79.543892,8.963586],[-79.543844,8.963576],[-79.543869,8.963461],[-79.543918,8.963471],[-79.543892,8.963586]]]}},{"type":"Feature","properties":{"name":"Instituto Istmeno"},"geometry":{"type":"Polygon","coordinates":[[[-79.534724,8.953031],[-79.534715,8.953154],[-79.534962,8.953173],[-79.534971,8.95305],[-79.5349,8.953044],[-79.534841,8.95304],[-79.534724,8.953031]]]}},{"type":"Feature","properties":{"name":null},"geometry":{"type":"Polygon","coordinates":[[[-79.535737,8.952724],[-79.53572,8.95291],[-79.53558,8.952897],[-79.535585,8.952841],[-79.535613,8.952843],[-79.535616,8.952802],[-79.53562,8.952758],[-79.535623,8.952712],[-79.535737,8.952724]]]}},{"type":"Feature","properties":{"name":null},"geometry":{"type":"Polygon","coordinates":[[[-79.534931,8.951501],[-79.534868,8.951495],[-79.534872,8.951447],[-79.534936,8.951453],[-79.534931,8.951501]]]}},{"type":"Feature","properties":{"name":null},"geometry":{"type":"Polygon","coordinates":[[[-79.534936,8.951453],[-79.534943,8.951376],[-79.53488,8.95137],[-79.534872,8.951447],[-79.534936,8.951453]]]}},{"type":"Feature","properties":{"name":null},"geometry":{"type":"Polygon","coordinates":[[[-79.535002,8.951381],[-79.534943,8.951376],[-79.53488,8.95137],[-79.534893,8.951228],[-79.535017,8.95124],[-79.535002,8.951381]]]}},{"type":"Feature","properties":{"name":null},"geometry":{"type":"Polygon","coordinates":[[[-79.535017,8.95124],[-79.534893,8.951228],[-79.534904,8.951114],[-79.535028,8.951126],[-79.535017,8.95124]]]}},{"type":"Feature","properties":{"name":null},"geometry":{"type":"Polygon","coordinates":[[[-79.535037,8.951126],[-79.535148,8.951138],[-79.535162,8.951003],[-79.53505,8.950992],[-79.535037,8.951126]]]}},{"type":"Feature","properties":{"name":null},"geometry":{"type":"Polygon","coordinates":[[[-79.535017,8.95124],[-79.535136,8.951252],[-79.535148,8.951138],[-79.535037,8.951126],[-79.535028,8.951126],[-79.535017,8.95124]]]}},{"type":"Feature","properties":{"name":null},"geometry":{"type":"Polygon","coordinates":[[[-79.535002,8.951381],[-79.535017,8.95124],[-79.535136,8.951252],[-79.535121,8.951393],[-79.535002,8.951381]]]}},{"type":"Feature","properties":{"name":null},"geometry":{"type":"Polygon","coordinates":[[[-79.534903,8.953009],[-79.5349,8.953044],[-79.534971,8.95305],[-79.534984,8.952891],[-79.534912,8.952885],[-79.534903,8.953009]]]}},{"type":"Feature","properties":{"name":null},"geometry":{"type":"Polygon","coordinates":[[[-79.534415,8.952837],[-79.534426,8.952727],[-79.534156,8.952701],[-79.534145,8.952811],[-79.534415,8.952837]]]}},{"type":"Feature","properties":{"name":null},"geometry":{"type":"Polygon","coordinates":[[[-79.5344,8.952991],[-79.534415,8.952837],[-79.534145,8.952811],[-79.534131,8.952955],[-79.53413,8.952965],[-79.5344,8.952991]]]}},{"type":"Feature","properties":{"name":"Casa Catedral"},"geometry":{"type":"Polygon","coordinates":[[[-79.534511,8.951848],[-79.534522,8.951734],[-79.534286,8.951712],[-79.534281,8.951769],[-79.534404,8.95178],[-79.534399,8.951837],[-79.534511,8.951848]]]}},{"type":"Feature","properties":{"name":"Mercado Artesanal Catedral"},"geometry":{"type":"Polygon","coordinates":[[[-79.534522,8.951734],[-79.534532,8.951632],[-79.534433,8.951623],[-79.53427,8.951608],[-79.534261,8.951709],[-79.534286,8.951712],[-79.534522,8.951734]]]}},{"type":"Feature","properties":{"name":null},"geometry":{"type":"Polygon","coordinates":[[[-79.533525,8.952531],[-79.53343,8.952524],[-79.533439,8.952421],[-79.533534,8.952429],[-79.533525,8.952531]]]}},{"type":"Feature","properties":{"name":"Casa Arze"},"geometry":{"type":"Polygon","coordinates":[[[-79.533439,8.952421],[-79.533454,8.952243],[-79.533549,8.95225],[-79.533534,8.952429],[-79.533439,8.952421]]]}},{"type":"Feature","properties":{"name":null},"geometry":{"type":"Polygon","coordinates":[[[-79.533777,8.952677],[-79.533786,8.952609],[-79.533674,8.952596],[-79.533665,8.952664],[-79.533722,8.952671],[-79.533777,8.952677]]]}},{"type":"Feature","properties":{"name":null},"geometry":{"type":"Polygon","coordinates":[[[-79.533786,8.952609],[-79.533792,8.952556],[-79.533658,8.952541],[-79.53366,8.952525],[-79.533613,8.952519],[-79.533611,8.952538],[-79.533607,8.952588],[-79.533674,8.952596],[-79.533786,8.952609]]]}},{"type":"Feature","properties":{"name":null},"geometry":{"type":"Polygon","coordinates":[[[-79.533763,8.952788],[-79.533777,8.952677],[-79.533722,8.952671],[-79.533665,8.952664],[-79.533601,8.952656],[-79.533593,8.952771],[-79.533763,8.952788]]]}},{"type":"Feature","properties":{"name":null},"geometry":{"type":"Polygon","coordinates":[[[-79.535337,8.953991],[-79.535216,8.953983],[-79.535224,8.95386],[-79.535212,8.953859],[-79.535224,8.953733],[-79.535228,8.953695],[-79.535361,8.953704],[-79.535357,8.953747],[-79.535337,8.953991]]]}},{"type":"Feature","properties":{"name":null},"geometry":{"type":"Polygon","coordinates":[[[-79.535491,8.953871],[-79.535624,8.95387],[-79.535635,8.953762],[-79.535495,8.953754],[-79.535491,8.953871]]]}},{"type":"Feature","properties":{"name":null},"geometry":{"type":"Polygon","coordinates":[[[-79.535651,8.9536],[-79.535662,8.953481],[-79.535552,8.953471],[-79.535379,8.953455],[-79.535371,8.953583],[-79.535651,8.9536]]]}},{"type":"Feature","properties":{"name":null},"geometry":{"type":"Polygon","coordinates":[[[-79.551751,8.942077],[-79.551694,8.942114],[-79.551659,8.942061],[-79.551716,8.942024],[-79.551751,8.942077]]]}},{"type":"Feature","properties":{"name":null},"geometry":{"type":"Polygon","coordinates":[[[-79.551754,8.942083],[-79.551695,8.942118],[-79.551833,8.94234],[-79.551892,8.942305],[-79.551754,8.942083]]]}},{"type":"Feature","properties":{"name":null},"geometry":{"type":"Polygon","coordinates":[[[-79.550303,8.941686],[-79.550403,8.941616],[-79.550265,8.941425],[-79.550166,8.941495],[-79.550303,8.941686]]]}},{"type":"Feature","properties":{"name":null},"geometry":{"type":"Polygon","coordinates":[[[-79.550062,8.941454],[-79.550142,8.941186],[-79.55005,8.941159],[-79.549969,8.941427],[-79.550062,8.941454]]]}},{"type":"Feature","properties":{"name":null},"geometry":{"type":"Polygon","coordinates":[[[-79.550196,8.941068],[-79.550396,8.94087],[-79.550327,8.940802],[-79.550128,8.941001],[-79.550196,8.941068]]]}},{"type":"Feature","properties":{"name":null},"geometry":{"type":"Polygon","coordinates":[[[-79.550282,8.941317],[-79.550397,8.941356],[-79.550473,8.941134],[-79.550358,8.941095],[-79.550282,8.941317]]]}},{"type":"Feature","properties":{"name":null},"geometry":{"type":"Polygon","coordinates":[[[-79.550467,8.940908],[-79.550545,8.941001],[-79.550728,8.940852],[-79.55065,8.940759],[-79.550467,8.940908]]]}},{"type":"Feature","properties":{"name":null},"geometry":{"type":"Polygon","coordinates":[[[-79.55008,8.942103],[-79.550354,8.94206],[-79.55034,8.941972],[-79.550066,8.942015],[-79.55008,8.942103]]]}},{"type":"Feature","properties":{"name":null},"geometry":{"type":"Polygon","coordinates":[[[-79.549733,8.942165],[-79.550008,8.942121],[-79.549993,8.942033],[-79.549719,8.942076],[-79.549733,8.942165]]]}},{"type":"Feature","properties":{"name":null},"geometry":{"type":"Polygon","coordinates":[[[-79.553061,8.942135],[-79.553004,8.942157],[-79.552962,8.942049],[-79.553019,8.942027],[-79.553061,8.942135]]]}},{"type":"Feature","properties":{"name":null},"geometry":{"type":"Polygon","coordinates":[[[-79.535653,8.951436],[-79.535591,8.95143],[-79.535578,8.951563],[-79.535639,8.951568],[-79.535653,8.951436]]]}},{"type":"Feature","properties":{"name":null},"geometry":{"type":"Polygon","coordinates":[[[-79.536919,8.951542],[-79.536919,8.951405],[-79.537076,8.951403],[-79.537079,8.951521],[-79.53708,8.951549],[-79.537052,8.951548],[-79.536919,8.951542]]]}},{"type":"Feature","properties":{"name":null},"geometry":{"type":"Polygon","coordinates":[[[-79.537079,8.951521],[-79.537182,8.951517],[-79.537258,8.951522],[-79.537288,8.951524],[-79.537274,8.951485],[-79.53722,8.951339],[-79.537074,8.951343],[-79.537076,8.951403],[-79.537079,8.951521]]]}},{"type":"Feature","properties":{"name":null},"geometry":{"type":"Polygon","coordinates":[[[-79.53777,8.951245],[-79.537705,8.951251],[-79.537687,8.951049],[-79.537753,8.951043],[-79.537758,8.951106],[-79.53777,8.951245]]]}},{"type":"Feature","properties":{"name":null},"geometry":{"type":"Polygon","coordinates":[[[-79.536856,8.951456],[-79.536857,8.951387],[-79.536647,8.951381],[-79.536646,8.951449],[-79.536757,8.951453],[-79.536856,8.951456]]]}},{"type":"Feature","properties":{"name":null},"geometry":{"type":"Polygon","coordinates":[[[-79.537497,8.951383],[-79.537494,8.951325],[-79.537574,8.951322],[-79.537576,8.95138],[-79.537497,8.951383]]]}},{"type":"Feature","properties":{"name":null},"geometry":{"type":"Polygon","coordinates":[[[-79.537778,8.951449],[-79.537701,8.951453],[-79.537688,8.951315],[-79.537768,8.951309],[-79.537778,8.951449]]]}},{"type":"Feature","properties":{"name":null},"geometry":{"type":"Polygon","coordinates":[[[-79.53823,8.951542],[-79.538231,8.951567],[-79.538321,8.951598],[-79.538324,8.951609],[-79.538415,8.951642],[-79.538459,8.951659],[-79.538453,8.95148],[-79.538245,8.951461],[-79.53823,8.951542]]]}},{"type":"Feature","properties":{"name":null},"geometry":{"type":"Polygon","coordinates":[[[-79.538324,8.951609],[-79.538276,8.951687],[-79.538382,8.95177],[-79.538462,8.951789],[-79.538459,8.951659],[-79.538324,8.951609]]]}},{"type":"Feature","properties":{"name":null},"geometry":{"type":"Polygon","coordinates":[[[-79.538212,8.951637],[-79.537984,8.951491],[-79.537996,8.951647],[-79.538168,8.951665],[-79.538179,8.951668],[-79.538212,8.951637]]]}},{"type":"Feature","properties":{"name":null},"geometry":{"type":"Polygon","coordinates":[[[-79.538002,8.951736],[-79.537996,8.951647],[-79.538168,8.951665],[-79.538179,8.951668],[-79.538226,8.951747],[-79.538002,8.951736]]]}},{"type":"Feature","properties":{"name":null},"geometry":{"type":"Polygon","coordinates":[[[-79.536441,8.951896],[-79.536444,8.951857],[-79.536358,8.951849],[-79.53631,8.951844],[-79.536306,8.951882],[-79.536441,8.951896]]]}},{"type":"Feature","properties":{"name":null},"geometry":{"type":"Polygon","coordinates":[[[-79.536146,8.952266],[-79.536252,8.952276],[-79.536263,8.952162],[-79.536156,8.952153],[-79.536146,8.952266]]]}},{"type":"Feature","properties":{"name":null},"geometry":{"type":"Polygon","coordinates":[[[-79.535872,8.951757],[-79.53596,8.951764],[-79.535957,8.951796],[-79.535986,8.951798],[-79.535977,8.951905],[-79.535858,8.951894],[-79.535872,8.951757]]]}},{"type":"Feature","properties":{"name":null},"geometry":{"type":"Polygon","coordinates":[[[-79.538324,8.957052],[-79.538265,8.956926],[-79.538054,8.957128],[-79.538017,8.957176],[-79.538206,8.957591],[-79.538211,8.957601],[-79.538331,8.957546],[-79.538279,8.957431],[-79.538191,8.957348],[-79.538164,8.957237],[-79.538203,8.957135],[-79.538175,8.957133],[-79.538171,8.957122],[-79.538324,8.957052]]]}},{"type":"Feature","properties":{"name":null},"geometry":{"type":"Polygon","coordinates":[[[-79.534419,8.951439],[-79.53443,8.951305],[-79.534434,8.951259],[-79.534472,8.951263],[-79.534458,8.951443],[-79.534419,8.951439]]]}},{"type":"Feature","properties":{"name":null},"geometry":{"type":"Polygon","coordinates":[[[-79.53443,8.951305],[-79.534389,8.951302],[-79.534377,8.951435],[-79.534419,8.951439],[-79.53443,8.951305]]]}},{"type":"Feature","properties":{"name":null},"geometry":{"type":"Polygon","coordinates":[[[-79.534397,8.950984],[-79.53441,8.950985],[-79.534594,8.950998],[-79.534609,8.950822],[-79.53441,8.950807],[-79.534397,8.950984]]]}},{"type":"Feature","properties":{"name":null},"geometry":{"type":"Polygon","coordinates":[[[-79.533925,8.951253],[-79.533939,8.951114],[-79.533854,8.951108],[-79.533804,8.951104],[-79.5338,8.95119],[-79.533722,8.951185],[-79.533717,8.951237],[-79.533925,8.951253]]]}},{"type":"Feature","properties":{"name":null},"geometry":{"type":"Polygon","coordinates":[[[-79.533722,8.951185],[-79.533726,8.951103],[-79.533646,8.951099],[-79.53364,8.951213],[-79.5337,8.951216],[-79.533701,8.951184],[-79.533722,8.951185]]]}},{"type":"Feature","properties":{"name":null},"geometry":{"type":"Polygon","coordinates":[[[-79.533438,8.951099],[-79.533553,8.951103],[-79.53354,8.951242],[-79.533429,8.951232],[-79.533438,8.951099]]]}},{"type":"Feature","properties":{"name":null},"geometry":{"type":"Polygon","coordinates":[[[-79.533553,8.951103],[-79.533559,8.951021],[-79.533444,8.95102],[-79.533438,8.951099],[-79.533553,8.951103]]]}},{"type":"Feature","properties":{"name":null},"geometry":{"type":"Polygon","coordinates":[[[-79.533376,8.951339],[-79.53339,8.951134],[-79.533338,8.951129],[-79.533333,8.951195],[-79.533323,8.951333],[-79.533376,8.951339]]]}},{"type":"Feature","properties":{"name":null},"geometry":{"type":"Polygon","coordinates":[[[-79.533422,8.951342],[-79.533376,8.951339],[-79.53339,8.951134],[-79.533398,8.951017],[-79.533444,8.95102],[-79.533438,8.951099],[-79.533429,8.951232],[-79.533422,8.951342]]]}},{"type":"Feature","properties":{"name":null},"geometry":{"type":"Polygon","coordinates":[[[-79.5332,8.951154],[-79.533141,8.951152],[-79.533139,8.951043],[-79.533139,8.951024],[-79.533262,8.951018],[-79.533263,8.951118],[-79.5332,8.951116],[-79.5332,8.951154]]]}},{"type":"Feature","properties":{"name":null},"geometry":{"type":"Polygon","coordinates":[[[-79.534478,8.951186],[-79.534394,8.95118],[-79.5344,8.951103],[-79.534584,8.951118],[-79.534577,8.951194],[-79.534478,8.951186]]]}},{"type":"Feature","properties":{"name":null},"geometry":{"type":"Polygon","coordinates":[[[-79.5344,8.951103],[-79.534405,8.951039],[-79.534589,8.951053],[-79.534584,8.951118],[-79.5344,8.951103]]]}},{"type":"Feature","properties":{"name":"PH Sol y Sombra"},"geometry":{"type":"Polygon","coordinates":[[[-79.533946,8.951035],[-79.533851,8.95103],[-79.533848,8.95106],[-79.533856,8.951061],[-79.533854,8.951108],[-79.533939,8.951114],[-79.533946,8.951035]]]}},{"type":"Feature","properties":{"name":null},"geometry":{"type":"Polygon","coordinates":[[[-79.538634,8.950544],[-79.538504,8.950545],[-79.538503,8.950406],[-79.538633,8.950405],[-79.538633,8.950437],[-79.538634,8.950544]]]}},{"type":"Feature","properties":{"name":null},"geometry":{"type":"Polygon","coordinates":[[[-79.5388,8.950375],[-79.538796,8.950246],[-79.538676,8.950268],[-79.538677,8.950384],[-79.5388,8.950375]]]}},{"type":"Feature","properties":{"name":null},"geometry":{"type":"Polygon","coordinates":[[[-79.53882,8.95096],[-79.538825,8.951038],[-79.538664,8.951047],[-79.538659,8.95097],[-79.53882,8.95096]]]}},{"type":"Feature","properties":{"name":null},"geometry":{"type":"Polygon","coordinates":[[[-79.538664,8.951047],[-79.538668,8.951115],[-79.538829,8.951106],[-79.538825,8.951038],[-79.538664,8.951047]]]}},{"type":"Feature","properties":{"name":null},"geometry":{"type":"Polygon","coordinates":[[[-79.538834,8.951184],[-79.538836,8.951228],[-79.538677,8.951237],[-79.538675,8.951193],[-79.538834,8.951184]]]}},{"type":"Feature","properties":{"name":null},"geometry":{"type":"Polygon","coordinates":[[[-79.538649,8.95189],[-79.538524,8.951895],[-79.538518,8.951743],[-79.538611,8.951739],[-79.538708,8.951735],[-79.538712,8.951826],[-79.538647,8.951828],[-79.538649,8.95189]]]}},{"type":"Feature","properties":{"name":null},"geometry":{"type":"Polygon","coordinates":[[[-79.538614,8.951195],[-79.538494,8.951201],[-79.53849,8.951124],[-79.53861,8.951118],[-79.538614,8.951195]]]}},{"type":"Feature","properties":{"name":null},"geometry":{"type":"Polygon","coordinates":[[[-79.538494,8.951201],[-79.538496,8.951246],[-79.538617,8.95124],[-79.538614,8.951195],[-79.538494,8.951201]]]}},{"type":"Feature","properties":{"name":null},"geometry":{"type":"Polygon","coordinates":[[[-79.538496,8.951246],[-79.538498,8.951277],[-79.538645,8.95127],[-79.538643,8.951238],[-79.538617,8.95124],[-79.538496,8.951246]]]}},{"type":"Feature","properties":{"name":null},"geometry":{"type":"Polygon","coordinates":[[[-79.538649,8.951335],[-79.538629,8.951336],[-79.538501,8.951343],[-79.538498,8.951277],[-79.538645,8.95127],[-79.538649,8.951335]]]}},{"type":"Feature","properties":{"name":null},"geometry":{"type":"Polygon","coordinates":[[[-79.538842,8.951325],[-79.538844,8.951371],[-79.538631,8.951382],[-79.538629,8.951336],[-79.538649,8.951335],[-79.538842,8.951325]]]}},{"type":"Feature","properties":{"name":null},"geometry":{"type":"Polygon","coordinates":[[[-79.538857,8.951627],[-79.538606,8.951639],[-79.538601,8.951537],[-79.538638,8.951535],[-79.538852,8.951525],[-79.538857,8.951627]]]}},{"type":"Feature","properties":{"name":null},"geometry":{"type":"Polygon","coordinates":[[[-79.538601,8.951537],[-79.538511,8.951541],[-79.538515,8.951643],[-79.538606,8.951639],[-79.538601,8.951537]]]}},{"type":"Feature","properties":{"name":null},"geometry":{"type":"Polygon","coordinates":[[[-79.538506,8.951432],[-79.538504,8.951389],[-79.538631,8.951382],[-79.538633,8.951425],[-79.538506,8.951432]]]}},{"type":"Feature","properties":{"name":null},"geometry":{"type":"Polygon","coordinates":[[[-79.538504,8.951389],[-79.538501,8.951343],[-79.538629,8.951336],[-79.538631,8.951382],[-79.538504,8.951389]]]}},{"type":"Feature","properties":{"name":null},"geometry":{"type":"Polygon","coordinates":[[[-79.538633,8.951425],[-79.538846,8.951415],[-79.538844,8.951371],[-79.538631,8.951382],[-79.538633,8.951425]]]}},{"type":"Feature","properties":{"name":null},"geometry":{"type":"Polygon","coordinates":[[[-79.538863,8.951729],[-79.538708,8.951735],[-79.538611,8.951739],[-79.538606,8.951639],[-79.538857,8.951627],[-79.538863,8.951729]]]}},{"type":"Feature","properties":{"name":null},"geometry":{"type":"Polygon","coordinates":[[[-79.538867,8.95182],[-79.538863,8.951729],[-79.538708,8.951735],[-79.538712,8.951826],[-79.538867,8.95182]]]}},{"type":"Feature","properties":{"name":null},"geometry":{"type":"Polygon","coordinates":[[[-79.538518,8.951743],[-79.538515,8.951643],[-79.538606,8.951639],[-79.538611,8.951739],[-79.538518,8.951743]]]}},{"type":"Feature","properties":{"name":null},"geometry":{"type":"Polygon","coordinates":[[[-79.53741,8.952705],[-79.537295,8.952638],[-79.537312,8.952442],[-79.537473,8.952574],[-79.53741,8.952705]]]}},{"type":"Feature","properties":{"name":null},"geometry":{"type":"Polygon","coordinates":[[[-79.537771,8.952628],[-79.537824,8.952581],[-79.537939,8.952708],[-79.537884,8.952754],[-79.537771,8.952628]]]}},{"type":"Feature","properties":{"name":null},"geometry":{"type":"Polygon","coordinates":[[[-79.537824,8.952581],[-79.537878,8.952533],[-79.537994,8.952657],[-79.537939,8.952708],[-79.537824,8.952581]]]}},{"type":"Feature","properties":{"name":null},"geometry":{"type":"Polygon","coordinates":[[[-79.537878,8.952533],[-79.537934,8.952485],[-79.538049,8.952607],[-79.537994,8.952657],[-79.537878,8.952533]]]}},{"type":"Feature","properties":{"name":null},"geometry":{"type":"Polygon","coordinates":[[[-79.533032,8.952082],[-79.53311,8.952089],[-79.53312,8.951969],[-79.533125,8.951891],[-79.533048,8.951886],[-79.533032,8.952082]]]}},{"type":"Feature","properties":{"name":null},"geometry":{"type":"Polygon","coordinates":[[[-79.533116,8.951476],[-79.533021,8.951467],[-79.533033,8.951351],[-79.533129,8.951361],[-79.533116,8.951476]]]}},{"type":"Feature","properties":{"name":null},"geometry":{"type":"Polygon","coordinates":[[[-79.532796,8.95154],[-79.532801,8.951491],[-79.532692,8.95148],[-79.532687,8.95153],[-79.532796,8.95154]]]}},{"type":"Feature","properties":{"name":null},"geometry":{"type":"Polygon","coordinates":[[[-79.546412,8.948999],[-79.546337,8.948993],[-79.546345,8.948887],[-79.54633,8.948886],[-79.546322,8.948992],[-79.546245,8.948986],[-79.546267,8.948705],[-79.546344,8.948711],[-79.546336,8.948815],[-79.546351,8.948816],[-79.546359,8.948712],[-79.546434,8.948717],[-79.546412,8.948999]]]}},{"type":"Feature","properties":{"name":null},"geometry":{"type":"Polygon","coordinates":[[[-79.546805,8.948082],[-79.546325,8.948237],[-79.546299,8.948159],[-79.54678,8.948004],[-79.546805,8.948082]]]}},{"type":"Feature","properties":{"name":null},"geometry":{"type":"Polygon","coordinates":[[[-79.547067,8.948168],[-79.546994,8.948191],[-79.547027,8.948292],[-79.547099,8.948269],[-79.547067,8.948168]]]}},{"type":"Feature","properties":{"name":null},"geometry":{"type":"Polygon","coordinates":[[[-79.546361,8.949159],[-79.545858,8.949121],[-79.545864,8.94904],[-79.546368,8.949078],[-79.546361,8.949159]]]}},{"type":"Feature","properties":{"name":null},"geometry":{"type":"Polygon","coordinates":[[[-79.547097,8.949214],[-79.546593,8.949175],[-79.5466,8.949094],[-79.547103,8.949132],[-79.547097,8.949214]]]}},{"type":"Feature","properties":{"name":null},"geometry":{"type":"Polygon","coordinates":[[[-79.547105,8.949455],[-79.546601,8.949417],[-79.546608,8.949335],[-79.547111,8.949374],[-79.547105,8.949455]]]}},{"type":"Feature","properties":{"name":null},"geometry":{"type":"Polygon","coordinates":[[[-79.543762,8.950507],[-79.543691,8.950506],[-79.543693,8.950402],[-79.543676,8.950402],[-79.543675,8.950506],[-79.543605,8.950505],[-79.543609,8.950223],[-79.543679,8.950224],[-79.543677,8.950331],[-79.543694,8.950332],[-79.543695,8.950224],[-79.543766,8.950225],[-79.543762,8.950507]]]}},{"type":"Feature","properties":{"name":null},"geometry":{"type":"Polygon","coordinates":[[[-79.546346,8.949685],[-79.546343,8.949733],[-79.546365,8.949735],[-79.546359,8.949813],[-79.546338,8.949811],[-79.546335,8.94986],[-79.546173,8.94985],[-79.546177,8.9498],[-79.546153,8.949798],[-79.546159,8.94972],[-79.546182,8.949722],[-79.546185,8.949675],[-79.546346,8.949685]]]}},{"type":"Feature","properties":{"name":null},"geometry":{"type":"Polygon","coordinates":[[[-79.545907,8.949364],[-79.545912,8.949259],[-79.545714,8.949249],[-79.545709,8.949355],[-79.545907,8.949364]]]}},{"type":"Feature","properties":{"name":null},"geometry":{"type":"Polygon","coordinates":[[[-79.545907,8.949364],[-79.545996,8.949368],[-79.546002,8.949264],[-79.545912,8.949259],[-79.545907,8.949364]]]}},{"type":"Feature","properties":{"name":null},"geometry":{"type":"Polygon","coordinates":[[[-79.545996,8.949368],[-79.546151,8.949377],[-79.546157,8.949273],[-79.546002,8.949264],[-79.545996,8.949368]]]}},{"type":"Feature","properties":{"name":null},"geometry":{"type":"Polygon","coordinates":[[[-79.545597,8.949353],[-79.545603,8.949275],[-79.545536,8.949269],[-79.545529,8.949347],[-79.545597,8.949353]]]}},{"type":"Feature","properties":{"name":null},"geometry":{"type":"Polygon","coordinates":[[[-79.545603,8.949275],[-79.545611,8.949193],[-79.545542,8.949187],[-79.545536,8.949269],[-79.545603,8.949275]]]}},{"type":"Feature","properties":{"name":null},"geometry":{"type":"Polygon","coordinates":[[[-79.545611,8.949193],[-79.545616,8.949137],[-79.545547,8.949131],[-79.545542,8.949187],[-79.545611,8.949193]]]}},{"type":"Feature","properties":{"name":null},"geometry":{"type":"Polygon","coordinates":[[[-79.545616,8.949137],[-79.545621,8.949069],[-79.545551,8.949065],[-79.545547,8.949131],[-79.545616,8.949137]]]}},{"type":"Feature","properties":{"name":null},"geometry":{"type":"Polygon","coordinates":[[[-79.54724,8.949462],[-79.547158,8.949455],[-79.547168,8.949334],[-79.54725,8.949341],[-79.54724,8.949462]]]}},{"type":"Feature","properties":{"name":null},"geometry":{"type":"Polygon","coordinates":[[[-79.548288,8.949165],[-79.548068,8.949154],[-79.548078,8.948976],[-79.548297,8.948988],[-79.548288,8.949165]]]}},{"type":"Feature","properties":{"name":null},"geometry":{"type":"Polygon","coordinates":[[[-79.546788,8.950665],[-79.546562,8.950647],[-79.546574,8.950493],[-79.546801,8.95051],[-79.546788,8.950665]]]}},{"type":"Feature","properties":{"name":null},"geometry":{"type":"Polygon","coordinates":[[[-79.546972,8.951082],[-79.546935,8.951081],[-79.546937,8.951053],[-79.546904,8.951052],[-79.546905,8.951024],[-79.547009,8.951029],[-79.547008,8.951058],[-79.546973,8.951056],[-79.546972,8.951082]]]}},{"type":"Feature","properties":{"name":null},"geometry":{"type":"Polygon","coordinates":[[[-79.534316,8.953792],[-79.533999,8.95376],[-79.533976,8.953976],[-79.534294,8.954002],[-79.534316,8.953792]]]}},{"type":"Feature","properties":{"name":null},"geometry":{"type":"Polygon","coordinates":[[[-79.535959,8.95376],[-79.535957,8.953824],[-79.535955,8.953847],[-79.535991,8.95385],[-79.53602,8.953853],[-79.536087,8.95377],[-79.535959,8.95376]]]}},{"type":"Feature","properties":{"name":null},"geometry":{"type":"Polygon","coordinates":[[[-79.535991,8.95385],[-79.535989,8.953888],[-79.535904,8.953944],[-79.535912,8.953821],[-79.535957,8.953824],[-79.535955,8.953847],[-79.535991,8.95385]]]}},{"type":"Feature","properties":{"name":null},"geometry":{"type":"Polygon","coordinates":[[[-79.535904,8.953944],[-79.535885,8.953955],[-79.535789,8.953959],[-79.535801,8.953817],[-79.535912,8.953821],[-79.535904,8.953944]]]}},{"type":"Feature","properties":{"name":null},"geometry":{"type":"Polygon","coordinates":[[[-79.535397,8.953364],[-79.535395,8.953387],[-79.535364,8.953384],[-79.53534,8.953655],[-79.535253,8.953647],[-79.535259,8.953586],[-79.535265,8.953518],[-79.53529,8.953242],[-79.535407,8.953252],[-79.535397,8.953364]]]}},{"type":"Feature","properties":{"name":null},"geometry":{"type":"Polygon","coordinates":[[[-79.535052,8.95357],[-79.535058,8.9535],[-79.535068,8.9535],[-79.535265,8.953518],[-79.535259,8.953586],[-79.535239,8.953584],[-79.535052,8.95357]]]}},{"type":"Feature","properties":{"name":null},"geometry":{"type":"Polygon","coordinates":[[[-79.532589,8.951911],[-79.532623,8.951889],[-79.532638,8.951751],[-79.532547,8.951743],[-79.53253,8.951776],[-79.53247,8.951836],[-79.532589,8.951911]]]}},{"type":"Feature","properties":{"name":null},"geometry":{"type":"Polygon","coordinates":[[[-79.532638,8.951751],[-79.532643,8.951697],[-79.532526,8.951691],[-79.532521,8.95174],[-79.532547,8.951743],[-79.532638,8.951751]]]}},{"type":"Feature","properties":{"name":null},"geometry":{"type":"Polygon","coordinates":[[[-79.53508,8.953186],[-79.535093,8.953045],[-79.535104,8.952917],[-79.535237,8.952929],[-79.535228,8.953027],[-79.535213,8.953198],[-79.53508,8.953186]]]}},{"type":"Feature","properties":{"name":null},"geometry":{"type":"Polygon","coordinates":[[[-79.534805,8.95354],[-79.534815,8.953411],[-79.53482,8.953352],[-79.534795,8.95335],[-79.534687,8.953341],[-79.534672,8.95353],[-79.534805,8.95354]]]}},{"type":"Feature","properties":{"name":"San Juan de Dios"},"geometry":{"type":"Polygon","coordinates":[[[-79.536183,8.953293],[-79.536307,8.953303],[-79.536326,8.953078],[-79.536205,8.953067],[-79.536183,8.953293]]]}},{"type":"Feature","properties":{"name":null},"geometry":{"type":"Polygon","coordinates":[[[-79.533323,8.951333],[-79.533252,8.951327],[-79.533262,8.951189],[-79.533333,8.951195],[-79.533323,8.951333]]]}},{"type":"Feature","properties":{"name":null},"geometry":{"type":"Polygon","coordinates":[[[-79.53405,8.952098],[-79.534039,8.952231],[-79.534109,8.952237],[-79.534134,8.951965],[-79.534063,8.951959],[-79.53405,8.952098]]]}},{"type":"Feature","properties":{"name":null},"geometry":{"type":"Polygon","coordinates":[[[-79.534039,8.952231],[-79.53387,8.952216],[-79.533881,8.952084],[-79.53405,8.952098],[-79.534039,8.952231]]]}},{"type":"Feature","properties":{"name":"Casa Ancon"},"geometry":{"type":"Polygon","coordinates":[[[-79.534502,8.951938],[-79.534511,8.951848],[-79.534399,8.951837],[-79.534396,8.951864],[-79.534298,8.951855],[-79.534292,8.951918],[-79.534356,8.951924],[-79.53439,8.951927],[-79.534502,8.951938]]]}},{"type":"Feature","properties":{"name":null},"geometry":{"type":"Polygon","coordinates":[[[-79.538899,8.950771],[-79.538906,8.950894],[-79.539088,8.950889],[-79.539086,8.950828],[-79.539017,8.95083],[-79.539016,8.950798],[-79.539032,8.950797],[-79.539031,8.950767],[-79.538899,8.950771]]]}},{"type":"Feature","properties":{"name":null},"geometry":{"type":"Polygon","coordinates":[[[-79.538906,8.950894],[-79.53891,8.950966],[-79.53916,8.950955],[-79.539154,8.950888],[-79.539088,8.950889],[-79.538906,8.950894]]]}},{"type":"Feature","properties":{"name":null},"geometry":{"type":"Polygon","coordinates":[[[-79.538932,8.951372],[-79.538929,8.951324],[-79.539181,8.951304],[-79.539187,8.951354],[-79.538932,8.951372]]]}},{"type":"Feature","properties":{"name":null},"geometry":{"type":"Polygon","coordinates":[[[-79.538929,8.951324],[-79.538924,8.951237],[-79.539098,8.951224],[-79.539174,8.951218],[-79.539181,8.951304],[-79.538929,8.951324]]]}},{"type":"Feature","properties":{"name":null},"geometry":{"type":"Polygon","coordinates":[[[-79.538924,8.951237],[-79.53892,8.951163],[-79.539093,8.951156],[-79.539098,8.951224],[-79.538924,8.951237]]]}},{"type":"Feature","properties":{"name":null},"geometry":{"type":"Polygon","coordinates":[[[-79.539158,8.950763],[-79.539148,8.950774],[-79.539154,8.950888],[-79.53916,8.950955],[-79.53927,8.95096],[-79.539308,8.950928],[-79.539158,8.950763]]]}},{"type":"Feature","properties":{"name":null},"geometry":{"type":"Polygon","coordinates":[[[-79.539342,8.951851],[-79.539323,8.951679],[-79.539321,8.951667],[-79.539487,8.951649],[-79.539508,8.951832],[-79.539342,8.951851]]]}},{"type":"Feature","properties":{"name":null},"geometry":{"type":"Polygon","coordinates":[[[-79.539342,8.951851],[-79.539237,8.951863],[-79.539226,8.951765],[-79.539218,8.95169],[-79.539323,8.951679],[-79.539342,8.951851]]]}},{"type":"Feature","properties":{"name":null},"geometry":{"type":"Polygon","coordinates":[[[-79.538955,8.95179],[-79.53895,8.951701],[-79.539091,8.951692],[-79.539094,8.951733],[-79.539136,8.95173],[-79.539141,8.951773],[-79.538955,8.95179]]]}},{"type":"Feature","properties":{"name":null},"geometry":{"type":"Polygon","coordinates":[[[-79.533727,8.951573],[-79.533638,8.951562],[-79.533649,8.95141],[-79.533739,8.951417],[-79.533727,8.951573]]]}},{"type":"Feature","properties":{"name":"Premio Magno"},"geometry":{"type":"Polygon","coordinates":[[[-79.533872,8.951814],[-79.53388,8.951742],[-79.53369,8.951728],[-79.533684,8.951795],[-79.533872,8.951814]]]}},{"type":"Feature","properties":{"name":null},"geometry":{"type":"Polygon","coordinates":[[[-79.533496,8.951828],[-79.5335,8.951778],[-79.53366,8.951792],[-79.533684,8.951795],[-79.53368,8.951846],[-79.533496,8.951828]]]}},{"type":"Feature","properties":{"name":null},"geometry":{"type":"Polygon","coordinates":[[[-79.541478,8.951392],[-79.541539,8.951521],[-79.541667,8.951507],[-79.541627,8.951423],[-79.541604,8.951434],[-79.541565,8.951352],[-79.541478,8.951392]]]}},{"type":"Feature","properties":{"name":null},"geometry":{"type":"Polygon","coordinates":[[[-79.541687,8.951509],[-79.541673,8.951332],[-79.541942,8.951311],[-79.54195,8.951414],[-79.541956,8.951487],[-79.541687,8.951509]]]}},{"type":"Feature","properties":{"name":null},"geometry":{"type":"Polygon","coordinates":[[[-79.547913,8.949207],[-79.547906,8.949305],[-79.547823,8.949299],[-79.547829,8.949216],[-79.54783,8.949201],[-79.547913,8.949207]]]}},{"type":"Feature","properties":{"name":null},"geometry":{"type":"Polygon","coordinates":[[[-79.54762,8.949283],[-79.547696,8.949289],[-79.547705,8.949183],[-79.547705,8.94917],[-79.547629,8.949164],[-79.54762,8.949283]]]}},{"type":"Feature","properties":{"name":null},"geometry":{"type":"Polygon","coordinates":[[[-79.547615,8.949277],[-79.547618,8.949232],[-79.547579,8.94923],[-79.547576,8.949274],[-79.547615,8.949277]]]}},{"type":"Feature","properties":{"name":null},"geometry":{"type":"Polygon","coordinates":[[[-79.547823,8.949299],[-79.547754,8.949294],[-79.54776,8.949211],[-79.547829,8.949216],[-79.547823,8.949299]]]}},{"type":"Feature","properties":{"name":null},"geometry":{"type":"Polygon","coordinates":[[[-79.547696,8.949289],[-79.547754,8.949294],[-79.54776,8.949211],[-79.547762,8.949187],[-79.547705,8.949183],[-79.547696,8.949289]]]}},{"type":"Feature","properties":{"name":null},"geometry":{"type":"Polygon","coordinates":[[[-79.547569,8.949274],[-79.547521,8.949271],[-79.547525,8.949219],[-79.547529,8.949156],[-79.547576,8.949159],[-79.547569,8.949274]]]}},{"type":"Feature","properties":{"name":null},"geometry":{"type":"Polygon","coordinates":[[[-79.547521,8.949271],[-79.547433,8.949265],[-79.547436,8.949223],[-79.547436,8.949213],[-79.547525,8.949219],[-79.547521,8.949271]]]}},{"type":"Feature","properties":{"name":null},"geometry":{"type":"Polygon","coordinates":[[[-79.547433,8.949265],[-79.547365,8.949262],[-79.547367,8.949219],[-79.547436,8.949223],[-79.547433,8.949265]]]}},{"type":"Feature","properties":{"name":null},"geometry":{"type":"Polygon","coordinates":[[[-79.548983,8.949178],[-79.548907,8.949175],[-79.548906,8.949195],[-79.548809,8.949191],[-79.54881,8.949173],[-79.5487,8.949168],[-79.548697,8.949224],[-79.548724,8.949225],[-79.548721,8.949279],[-79.548694,8.949278],[-79.548692,8.949338],[-79.548796,8.949343],[-79.548796,8.949327],[-79.548881,8.94933],[-79.54888,8.94935],[-79.548974,8.949354],[-79.548977,8.949289],[-79.548943,8.949287],[-79.548945,8.949243],[-79.54898,8.949245],[-79.548983,8.949178]]]}},{"type":"Feature","properties":{"name":null},"geometry":{"type":"Polygon","coordinates":[[[-79.548705,8.949112],[-79.548709,8.949028],[-79.549106,8.949049],[-79.549102,8.949133],[-79.548705,8.949112]]]}},{"type":"Feature","properties":{"name":null},"geometry":{"type":"Polygon","coordinates":[[[-79.548717,8.948904],[-79.548723,8.948822],[-79.548955,8.948837],[-79.549023,8.948842],[-79.549134,8.948849],[-79.549128,8.948932],[-79.548717,8.948904]]]}},{"type":"Feature","properties":{"name":null},"geometry":{"type":"Polygon","coordinates":[[[-79.54871,8.949004],[-79.548715,8.948923],[-79.549057,8.948942],[-79.549053,8.949023],[-79.54871,8.949004]]]}},{"type":"Feature","properties":{"name":null},"geometry":{"type":"Polygon","coordinates":[[[-79.548844,8.94822],[-79.548773,8.948217],[-79.548761,8.948343],[-79.548778,8.948343],[-79.548772,8.948422],[-79.548758,8.948422],[-79.548752,8.948547],[-79.548824,8.948549],[-79.548824,8.948523],[-79.548853,8.948522],[-79.548851,8.948549],[-79.548934,8.94855],[-79.548941,8.948435],[-79.548926,8.948434],[-79.54893,8.948353],[-79.548945,8.948353],[-79.548954,8.948225],[-79.548877,8.948223],[-79.548877,8.948257],[-79.548845,8.948256],[-79.548844,8.94822]]]}},{"type":"Feature","properties":{"name":null},"geometry":{"type":"Polygon","coordinates":[[[-79.548924,8.947802],[-79.549014,8.947808],[-79.549004,8.94796],[-79.549027,8.947961],[-79.54902,8.948067],[-79.548998,8.948066],[-79.548989,8.948216],[-79.5489,8.94821],[-79.54891,8.948046],[-79.548938,8.948047],[-79.548944,8.947959],[-79.548914,8.947958],[-79.548924,8.947802]]]}},{"type":"Feature","properties":{"name":null},"geometry":{"type":"Polygon","coordinates":[[[-79.548795,8.947793],[-79.548885,8.947798],[-79.548875,8.94795],[-79.548898,8.947952],[-79.548891,8.948058],[-79.548869,8.948056],[-79.54886,8.948207],[-79.548771,8.948201],[-79.548782,8.948036],[-79.548809,8.948038],[-79.548815,8.94795],[-79.548785,8.947948],[-79.548795,8.947793]]]}},{"type":"Feature","properties":{"name":null},"geometry":{"type":"Polygon","coordinates":[[[-79.549109,8.948411],[-79.549194,8.948381],[-79.549245,8.948525],[-79.549267,8.948518],[-79.549302,8.948618],[-79.549282,8.948625],[-79.549332,8.948767],[-79.549248,8.948796],[-79.549193,8.94864],[-79.549219,8.948631],[-79.54919,8.948548],[-79.549161,8.948558],[-79.549109,8.948411]]]}},{"type":"Feature","properties":{"name":null},"geometry":{"type":"Polygon","coordinates":[[[-79.549183,8.947849],[-79.549268,8.947879],[-79.549216,8.948023],[-79.549237,8.94803],[-79.549201,8.94813],[-79.54918,8.948123],[-79.549128,8.948264],[-79.549045,8.948235],[-79.549102,8.948079],[-79.549128,8.948089],[-79.549158,8.948006],[-79.54913,8.947996],[-79.549183,8.947849]]]}},{"type":"Feature","properties":{"name":null},"geometry":{"type":"Polygon","coordinates":[[[-79.549301,8.948357],[-79.54948,8.947878],[-79.549418,8.947851],[-79.549406,8.94788],[-79.549371,8.947864],[-79.54924,8.948219],[-79.549263,8.948287],[-79.549254,8.948336],[-79.549301,8.948357]]]}},{"type":"Feature","properties":{"name":null},"geometry":{"type":"Polygon","coordinates":[[[-79.549841,8.947867],[-79.549756,8.947837],[-79.549806,8.947693],[-79.549785,8.947686],[-79.54982,8.947586],[-79.549841,8.947593],[-79.549891,8.947451],[-79.549975,8.94748],[-79.54992,8.947636],[-79.549894,8.947627],[-79.549864,8.94771],[-79.549893,8.94772],[-79.549841,8.947867]]]}},{"type":"Feature","properties":{"name":null},"geometry":{"type":"Polygon","coordinates":[[[-79.549725,8.947751],[-79.54964,8.947721],[-79.54969,8.947578],[-79.549669,8.94757],[-79.549704,8.94747],[-79.549725,8.947477],[-79.549775,8.947335],[-79.549859,8.947364],[-79.549804,8.94752],[-79.549778,8.947511],[-79.549748,8.947594],[-79.549777,8.947604],[-79.549725,8.947751]]]}},{"type":"Feature","properties":{"name":null},"geometry":{"type":"Polygon","coordinates":[[[-79.549126,8.947441],[-79.549185,8.947351],[-79.549535,8.947575],[-79.549476,8.947665],[-79.549126,8.947441]]]}},{"type":"Feature","properties":{"name":null},"geometry":{"type":"Polygon","coordinates":[[[-79.549551,8.947567],[-79.549227,8.947341],[-79.549329,8.947198],[-79.549397,8.947245],[-79.549384,8.947264],[-79.549412,8.947284],[-79.54943,8.947258],[-79.549481,8.947293],[-79.549516,8.947245],[-79.549693,8.947368],[-79.549551,8.947567]]]}},{"type":"Feature","properties":{"name":null},"geometry":{"type":"Polygon","coordinates":[[[-79.549194,8.947319],[-79.549093,8.947258],[-79.549103,8.947241],[-79.549119,8.947201],[-79.549182,8.947211],[-79.549202,8.947229],[-79.549239,8.947185],[-79.549276,8.94721],[-79.549194,8.947319]]]}},{"type":"Feature","properties":{"name":null},"geometry":{"type":"Polygon","coordinates":[[[-79.549103,8.947241],[-79.549011,8.947239],[-79.549012,8.947153],[-79.549105,8.947155],[-79.549103,8.947241]]]}},{"type":"Feature","properties":{"name":null},"geometry":{"type":"Polygon","coordinates":[[[-79.548841,8.948774],[-79.548843,8.948745],[-79.548847,8.948676],[-79.548805,8.948673],[-79.548729,8.948668],[-79.548723,8.948767],[-79.548841,8.948774]]]}},{"type":"Feature","properties":{"name":null},"geometry":{"type":"Polygon","coordinates":[[[-79.549023,8.948842],[-79.549025,8.948814],[-79.549146,8.948822],[-79.54915,8.948753],[-79.54903,8.948745],[-79.549033,8.948697],[-79.548965,8.948692],[-79.54896,8.948776],[-79.548955,8.948837],[-79.549023,8.948842]]]}},{"type":"Feature","properties":{"name":null},"geometry":{"type":"Polygon","coordinates":[[[-79.548812,8.948558],[-79.54888,8.948562],[-79.548878,8.948587],[-79.548996,8.948593],[-79.548992,8.948653],[-79.548968,8.948652],[-79.548901,8.948648],[-79.548872,8.948647],[-79.54887,8.948677],[-79.548847,8.948676],[-79.548805,8.948673],[-79.548812,8.948558]]]}},{"type":"Feature","properties":{"name":null},"geometry":{"type":"Polygon","coordinates":[[[-79.54896,8.948776],[-79.548895,8.948771],[-79.548897,8.948749],[-79.548843,8.948745],[-79.548847,8.948676],[-79.54887,8.948677],[-79.548899,8.948679],[-79.548901,8.948648],[-79.548968,8.948652],[-79.548965,8.948692],[-79.54896,8.948776]]]}},{"type":"Feature","properties":{"name":null},"geometry":{"type":"Polygon","coordinates":[[[-79.548494,8.950672],[-79.548415,8.950644],[-79.548372,8.950764],[-79.548451,8.950792],[-79.548494,8.950672]]]}},{"type":"Feature","properties":{"name":null},"geometry":{"type":"Polygon","coordinates":[[[-79.546506,8.948677],[-79.546507,8.94862],[-79.546428,8.948616],[-79.546426,8.948675],[-79.546506,8.948677]]]}},{"type":"Feature","properties":{"name":null},"geometry":{"type":"Polygon","coordinates":[[[-79.546428,8.948616],[-79.54632,8.948654],[-79.54632,8.948672],[-79.546426,8.948675],[-79.546428,8.948616]]]}},{"type":"Feature","properties":{"name":null},"geometry":{"type":"Polygon","coordinates":[[[-79.547669,8.95185],[-79.54749,8.951835],[-79.547511,8.951575],[-79.54769,8.951589],[-79.547669,8.95185]]]}},{"type":"Feature","properties":{"name":null},"geometry":{"type":"Polygon","coordinates":[[[-79.54769,8.951589],[-79.547511,8.951575],[-79.547533,8.951307],[-79.547712,8.951322],[-79.54769,8.951589]]]}},{"type":"Feature","properties":{"name":null},"geometry":{"type":"Polygon","coordinates":[[[-79.547202,8.952198],[-79.547161,8.952061],[-79.547416,8.951985],[-79.547458,8.952122],[-79.547202,8.952198]]]}},{"type":"Feature","properties":{"name":null},"geometry":{"type":"Polygon","coordinates":[[[-79.547458,8.952122],[-79.547416,8.951985],[-79.547644,8.951917],[-79.547686,8.952054],[-79.547458,8.952122]]]}},{"type":"Feature","properties":{"name":null},"geometry":{"type":"Polygon","coordinates":[[[-79.547266,8.950865],[-79.54727,8.950807],[-79.547289,8.950808],[-79.54729,8.950787],[-79.547502,8.950802],[-79.547497,8.950881],[-79.547266,8.950865]]]}},{"type":"Feature","properties":{"name":null},"geometry":{"type":"Polygon","coordinates":[[[-79.547524,8.950805],[-79.547518,8.950913],[-79.547687,8.950923],[-79.547765,8.950928],[-79.547793,8.950929],[-79.547799,8.95082],[-79.547524,8.950805]]]}},{"type":"Feature","properties":{"name":null},"geometry":{"type":"Polygon","coordinates":[[[-79.546754,8.950697],[-79.546719,8.95071],[-79.546701,8.950743],[-79.546724,8.950784],[-79.546768,8.950786],[-79.546798,8.950744],[-79.546782,8.950715],[-79.546754,8.950697]]]}},{"type":"Feature","properties":{"name":null},"geometry":{"type":"Polygon","coordinates":[[[-79.536635,8.95524],[-79.53672,8.955183],[-79.536808,8.955391],[-79.536724,8.955418],[-79.536635,8.95524]]]}},{"type":"Feature","properties":{"name":null},"geometry":{"type":"Polygon","coordinates":[[[-79.53672,8.955183],[-79.536812,8.95511],[-79.53684,8.955212],[-79.536884,8.955367],[-79.536808,8.955391],[-79.53672,8.955183]]]}},{"type":"Feature","properties":{"name":null},"geometry":{"type":"Polygon","coordinates":[[[-79.545386,8.948455],[-79.545362,8.94838],[-79.545136,8.94845],[-79.545197,8.948642],[-79.545277,8.948617],[-79.54524,8.9485],[-79.545386,8.948455]]]}},{"type":"Feature","properties":{"name":null},"geometry":{"type":"Polygon","coordinates":[[[-79.54526,8.94854],[-79.545284,8.948615],[-79.545509,8.948545],[-79.545448,8.948353],[-79.545368,8.948378],[-79.545406,8.948495],[-79.54526,8.94854]]]}},{"type":"Feature","properties":{"name":null},"geometry":{"type":"Polygon","coordinates":[[[-79.537807,8.965425],[-79.537873,8.965312],[-79.537371,8.965029],[-79.53711,8.965483],[-79.537291,8.965585],[-79.537327,8.965522],[-79.537258,8.965483],[-79.537418,8.965205],[-79.537557,8.965284],[-79.537507,8.96537],[-79.537623,8.965436],[-79.537673,8.96535],[-79.537807,8.965425]]]}},{"type":"Feature","properties":{"name":null},"geometry":{"type":"Polygon","coordinates":[[[-79.537676,8.965471],[-79.537442,8.965341],[-79.537304,8.965585],[-79.537539,8.965714],[-79.537676,8.965471]]]}},{"type":"Feature","properties":{"name":null},"geometry":{"type":"Polygon","coordinates":[[[-79.538435,8.965934],[-79.538368,8.966047],[-79.53834,8.966031],[-79.538161,8.965927],[-79.538228,8.965814],[-79.538435,8.965934]]]}},{"type":"Feature","properties":{"name":null},"geometry":{"type":"Polygon","coordinates":[[[-79.537767,8.963135],[-79.537722,8.963167],[-79.537736,8.963186],[-79.537714,8.963201],[-79.537701,8.963183],[-79.537655,8.963216],[-79.537802,8.963416],[-79.537849,8.963383],[-79.537836,8.963365],[-79.537855,8.963352],[-79.537868,8.963369],[-79.537915,8.963336],[-79.537767,8.963135]]]}},{"type":"Feature","properties":{"name":null},"geometry":{"type":"Polygon","coordinates":[[[-79.537903,8.963037],[-79.537858,8.963069],[-79.537872,8.963088],[-79.53785,8.963103],[-79.537837,8.963085],[-79.537791,8.963118],[-79.537939,8.963318],[-79.537985,8.963285],[-79.537972,8.963267],[-79.537991,8.963254],[-79.538004,8.963271],[-79.538051,8.963238],[-79.537903,8.963037]]]}},{"type":"Feature","properties":{"name":null},"geometry":{"type":"Polygon","coordinates":[[[-79.538041,8.962937],[-79.537997,8.962969],[-79.53801,8.962988],[-79.537989,8.963003],[-79.537975,8.962985],[-79.537929,8.963018],[-79.538077,8.963218],[-79.538123,8.963185],[-79.53811,8.963167],[-79.538129,8.963154],[-79.538142,8.963171],[-79.538189,8.963138],[-79.538041,8.962937]]]}},{"type":"Feature","properties":{"name":null},"geometry":{"type":"Polygon","coordinates":[[[-79.538177,8.96284],[-79.538132,8.962872],[-79.538145,8.96289],[-79.538124,8.962906],[-79.538111,8.962887],[-79.538064,8.96292],[-79.538212,8.963121],[-79.538259,8.963087],[-79.538246,8.96307],[-79.538264,8.963056],[-79.538278,8.963074],[-79.538324,8.96304],[-79.538177,8.96284]]]}},{"type":"Feature","properties":{"name":null},"geometry":{"type":"Polygon","coordinates":[[[-79.53763,8.963232],[-79.537584,8.963264],[-79.537597,8.963283],[-79.537578,8.963297],[-79.537564,8.963278],[-79.537516,8.963313],[-79.537543,8.963351],[-79.537551,8.963345],[-79.537578,8.963383],[-79.537616,8.963357],[-79.537662,8.963421],[-79.537675,8.963413],[-79.537695,8.96344],[-79.537707,8.963432],[-79.537732,8.963465],[-79.537777,8.963433],[-79.53763,8.963232]]]}},{"type":"Feature","properties":{"name":"Edificio Arraiján"},"geometry":{"type":"Polygon","coordinates":[[[-79.537891,8.963581],[-79.537844,8.963517],[-79.537837,8.963522],[-79.537807,8.963482],[-79.538069,8.963292],[-79.538112,8.96335],[-79.538121,8.963343],[-79.538155,8.963389],[-79.537891,8.963581]]]}},{"type":"Feature","properties":{"name":null},"geometry":{"type":"Polygon","coordinates":[[[-79.536337,8.96504],[-79.536119,8.964916],[-79.536381,8.964469],[-79.536486,8.964529],[-79.536293,8.964858],[-79.536406,8.964922],[-79.536337,8.96504]]]}},{"type":"Feature","properties":{"name":"Signs"},"geometry":{"type":"Polygon","coordinates":[[[-79.536415,8.964905],[-79.536312,8.964847],[-79.536489,8.964538],[-79.536592,8.964596],[-79.536415,8.964905]]]}},{"type":"Feature","properties":{"name":"The Sands Apartments & Mall"},"geometry":{"type":"Polygon","coordinates":[[[-79.537262,8.961587],[-79.537028,8.96127],[-79.536983,8.961221],[-79.536946,8.961281],[-79.536495,8.962029],[-79.536584,8.962064],[-79.537231,8.961608],[-79.537262,8.961587]]]}},{"type":"Feature","properties":{"name":null},"geometry":{"type":"Polygon","coordinates":[[[-79.537231,8.961608],[-79.536584,8.962064],[-79.53654,8.962014],[-79.536581,8.961948],[-79.537106,8.961583],[-79.536921,8.96133],[-79.536949,8.961283],[-79.536976,8.961275],[-79.536997,8.96128],[-79.537231,8.961608]]]}},{"type":"Feature","properties":{"name":null},"geometry":{"type":"Polygon","coordinates":[[[-79.539616,8.962361],[-79.539602,8.962344],[-79.539684,8.962284],[-79.539697,8.962301],[-79.539616,8.962361]]]}},{"type":"Feature","properties":{"name":null},"geometry":{"type":"Polygon","coordinates":[[[-79.539504,8.962443],[-79.539491,8.962426],[-79.539572,8.962366],[-79.539585,8.962383],[-79.539504,8.962443]]]}},{"type":"Feature","properties":{"name":null},"geometry":{"type":"Polygon","coordinates":[[[-79.539718,8.961866],[-79.539757,8.961836],[-79.539705,8.961767],[-79.539665,8.961796],[-79.539718,8.961866]]]}},{"type":"Feature","properties":{"name":"Almacen, Organo Judicial"},"geometry":{"type":"Polygon","coordinates":[[[-79.53627,8.965367],[-79.536433,8.965459],[-79.53651,8.965503],[-79.536558,8.96553],[-79.536635,8.965398],[-79.536346,8.965235],[-79.53627,8.965367]]]}},{"type":"Feature","properties":{"name":null},"geometry":{"type":"Polygon","coordinates":[[[-79.53651,8.965503],[-79.536412,8.965671],[-79.536564,8.965756],[-79.536647,8.965804],[-79.536828,8.965494],[-79.536641,8.965387],[-79.536635,8.965398],[-79.536558,8.96553],[-79.53651,8.965503]]]}},{"type":"Feature","properties":{"name":null},"geometry":{"type":"Polygon","coordinates":[[[-79.536564,8.965756],[-79.536489,8.965885],[-79.536261,8.965758],[-79.536336,8.965628],[-79.536412,8.965671],[-79.536564,8.965756]]]}},{"type":"Feature","properties":{"name":"Servicios Miva"},"geometry":{"type":"Polygon","coordinates":[[[-79.536261,8.965758],[-79.536097,8.965665],[-79.53627,8.965367],[-79.536433,8.965459],[-79.536336,8.965628],[-79.536261,8.965758]]]}},{"type":"Feature","properties":{"name":"Irama Beach Club"},"geometry":{"type":"Polygon","coordinates":[[[-79.534685,8.965577],[-79.534624,8.965544],[-79.534674,8.965452],[-79.534735,8.965485],[-79.534685,8.965577]]]}},{"type":"Feature","properties":{"name":null},"geometry":{"type":"Polygon","coordinates":[[[-79.534769,8.965598],[-79.534707,8.965566],[-79.534654,8.965661],[-79.534714,8.965694],[-79.534769,8.965598]]]}},{"type":"Feature","properties":{"name":"Ya-Voy"},"geometry":{"type":"Polygon","coordinates":[[[-79.534752,8.965402],[-79.534668,8.96536],[-79.534713,8.965273],[-79.534734,8.965284],[-79.534767,8.96522],[-79.534814,8.965243],[-79.534781,8.965307],[-79.534819,8.965326],[-79.534795,8.965373],[-79.534773,8.965362],[-79.534752,8.965402]]]}},{"type":"Feature","properties":{"name":null},"geometry":{"type":"Polygon","coordinates":[[[-79.536303,8.965989],[-79.536466,8.96608],[-79.536222,8.966514],[-79.535797,8.966281],[-79.535915,8.966073],[-79.536174,8.966216],[-79.536303,8.965989]]]}},{"type":"Feature","properties":{"name":"Edificio La Alianza"},"geometry":{"type":"Polygon","coordinates":[[[-79.545344,8.952326],[-79.545337,8.95239],[-79.545319,8.952388],[-79.545316,8.952413],[-79.54556,8.952437],[-79.545562,8.952412],[-79.545525,8.952408],[-79.545528,8.952383],[-79.545508,8.95238],[-79.545514,8.952317],[-79.545651,8.952331],[-79.545644,8.952392],[-79.545627,8.95239],[-79.545612,8.952541],[-79.545245,8.952504],[-79.545264,8.952318],[-79.545344,8.952326]]]}},{"type":"Feature","properties":{"name":null},"geometry":{"type":"Polygon","coordinates":[[[-79.546126,8.95301],[-79.546104,8.953111],[-79.545715,8.953073],[-79.545716,8.952965],[-79.54584,8.952983],[-79.545843,8.952947],[-79.54588,8.952951],[-79.545876,8.952986],[-79.545966,8.952996],[-79.545969,8.952962],[-79.546007,8.952964],[-79.546003,8.952999],[-79.546126,8.95301]]]}},{"type":"Feature","properties":{"name":"Edificio C-3"},"geometry":{"type":"Polygon","coordinates":[[[-79.545566,8.953108],[-79.545543,8.953208],[-79.545154,8.95317],[-79.545155,8.953062],[-79.545279,8.95308],[-79.545282,8.953044],[-79.545319,8.953048],[-79.545315,8.953083],[-79.545405,8.953093],[-79.545408,8.953059],[-79.545446,8.953062],[-79.545442,8.953097],[-79.545566,8.953108]]]}},{"type":"Feature","properties":{"name":"Edificio 3D"},"geometry":{"type":"Polygon","coordinates":[[[-79.545528,8.953393],[-79.545506,8.953493],[-79.545117,8.953455],[-79.545117,8.953347],[-79.545242,8.953365],[-79.545244,8.953329],[-79.545281,8.953333],[-79.545278,8.953368],[-79.545368,8.953378],[-79.545371,8.953344],[-79.545409,8.953347],[-79.545405,8.953382],[-79.545528,8.953393]]]}},{"type":"Feature","properties":{"name":null},"geometry":{"type":"Polygon","coordinates":[[[-79.546066,8.953725],[-79.546045,8.953825],[-79.545655,8.953792],[-79.545655,8.953684],[-79.545779,8.9537],[-79.545781,8.953665],[-79.545819,8.953668],[-79.545816,8.953703],[-79.545906,8.953712],[-79.545908,8.953678],[-79.545946,8.95368],[-79.545943,8.953715],[-79.546066,8.953725]]]}},{"type":"Feature","properties":{"name":"Capilla Nuestra Senora de la Merced"},"geometry":{"type":"Polygon","coordinates":[[[-79.545576,8.95303],[-79.545585,8.952956],[-79.54544,8.952937],[-79.54543,8.953012],[-79.545576,8.95303]]]}},{"type":"Feature","properties":{"name":null},"geometry":{"type":"Polygon","coordinates":[[[-79.548559,8.949073],[-79.54834,8.949061],[-79.548352,8.948866],[-79.548571,8.948879],[-79.548559,8.949073]]]}},{"type":"Feature","properties":{"name":null},"geometry":{"type":"Polygon","coordinates":[[[-79.549627,8.948123],[-79.549584,8.948107],[-79.549611,8.948033],[-79.549655,8.94805],[-79.549627,8.948123]]]}},{"type":"Feature","properties":{"name":null},"geometry":{"type":"Polygon","coordinates":[[[-79.54943,8.948513],[-79.54936,8.94847],[-79.549391,8.94842],[-79.549407,8.94843],[-79.549456,8.948459],[-79.549462,8.948463],[-79.54943,8.948513]]]}},{"type":"Feature","properties":{"name":null},"geometry":{"type":"Polygon","coordinates":[[[-79.549456,8.948459],[-79.549482,8.948416],[-79.549433,8.948387],[-79.549407,8.94843],[-79.549456,8.948459]]]}},{"type":"Feature","properties":{"name":null},"geometry":{"type":"Polygon","coordinates":[[[-79.54943,8.948513],[-79.549437,8.948519],[-79.54939,8.94859],[-79.549308,8.948537],[-79.549355,8.948466],[-79.54936,8.94847],[-79.54943,8.948513]]]}},{"type":"Feature","properties":{"name":null},"geometry":{"type":"Polygon","coordinates":[[[-79.548429,8.949686],[-79.548434,8.949616],[-79.548275,8.949604],[-79.548269,8.949675],[-79.548429,8.949686]]]}},{"type":"Feature","properties":{"name":null},"geometry":{"type":"Polygon","coordinates":[[[-79.548138,8.94968],[-79.548045,8.949674],[-79.547967,8.949666],[-79.547973,8.949597],[-79.548144,8.949611],[-79.548138,8.94968]]]}},{"type":"Feature","properties":{"name":"Iglesia Adventista del Septimo Dia"},"geometry":{"type":"Polygon","coordinates":[[[-79.548161,8.949859],[-79.548163,8.949827],[-79.548167,8.949751],[-79.548171,8.949702],[-79.548172,8.949682],[-79.548138,8.94968],[-79.548045,8.949674],[-79.548041,8.949743],[-79.547987,8.94974],[-79.54798,8.949848],[-79.548161,8.949859]]]}},{"type":"Feature","properties":{"name":null},"geometry":{"type":"Polygon","coordinates":[[[-79.548171,8.949702],[-79.548422,8.949714],[-79.548415,8.94984],[-79.548163,8.949827],[-79.548167,8.949751],[-79.548171,8.949702]]]}},{"type":"Feature","properties":{"name":null},"geometry":{"type":"Polygon","coordinates":[[[-79.546507,8.950181],[-79.546291,8.950168],[-79.546303,8.949968],[-79.546519,8.949981],[-79.546507,8.950181]]]}},{"type":"Feature","properties":{"name":"Junta Comunal de El Chorrillo"},"geometry":{"type":"Polygon","coordinates":[[[-79.546079,8.950998],[-79.545777,8.950948],[-79.545795,8.950842],[-79.546097,8.950893],[-79.546079,8.950998]]]}},{"type":"Feature","properties":{"name":null},"geometry":{"type":"Polygon","coordinates":[[[-79.546054,8.950822],[-79.545967,8.950817],[-79.545975,8.950688],[-79.546062,8.950693],[-79.546054,8.950822]]]}},{"type":"Feature","properties":{"name":null},"geometry":{"type":"Polygon","coordinates":[[[-79.546009,8.950684],[-79.545975,8.950667],[-79.545964,8.950636],[-79.545984,8.950594],[-79.546011,8.950587],[-79.546049,8.950606],[-79.546058,8.950638],[-79.546038,8.950679],[-79.546009,8.950684]]]}},{"type":"Feature","properties":{"name":null},"geometry":{"type":"Polygon","coordinates":[[[-79.545838,8.95064],[-79.545748,8.950634],[-79.545751,8.950594],[-79.545841,8.950601],[-79.545838,8.95064]]]}},{"type":"Feature","properties":{"name":null},"geometry":{"type":"Polygon","coordinates":[[[-79.546205,8.950837],[-79.546094,8.950831],[-79.546104,8.950635],[-79.546215,8.950641],[-79.546205,8.950837]]]}},{"type":"Feature","properties":{"name":null},"geometry":{"type":"Polygon","coordinates":[[[-79.543764,8.95199],[-79.543767,8.951835],[-79.54382,8.951836],[-79.543816,8.951994],[-79.543764,8.95199]]]}},{"type":"Feature","properties":{"name":null},"geometry":{"type":"Polygon","coordinates":[[[-79.543635,8.951924],[-79.543618,8.951923],[-79.543605,8.951935],[-79.543605,8.951961],[-79.543615,8.951977],[-79.543634,8.951977],[-79.543647,8.951962],[-79.543647,8.951937],[-79.543635,8.951924]]]}},{"type":"Feature","properties":{"name":null},"geometry":{"type":"Polygon","coordinates":[[[-79.543045,8.950837],[-79.542994,8.950728],[-79.54281,8.950812],[-79.542861,8.950921],[-79.543045,8.950837]]]}},{"type":"Feature","properties":{"name":null},"geometry":{"type":"Polygon","coordinates":[[[-79.543391,8.950912],[-79.543339,8.950935],[-79.543322,8.950897],[-79.543281,8.950915],[-79.543298,8.950953],[-79.543244,8.950977],[-79.543193,8.950864],[-79.543247,8.95084],[-79.543257,8.950861],[-79.543298,8.950843],[-79.543288,8.950822],[-79.54334,8.950799],[-79.543391,8.950912]]]}},{"type":"Feature","properties":{"name":null},"geometry":{"type":"Polygon","coordinates":[[[-79.542827,8.951212],[-79.54275,8.951051],[-79.542666,8.95109],[-79.542743,8.951251],[-79.542827,8.951212]]]}},{"type":"Feature","properties":{"name":null},"geometry":{"type":"Polygon","coordinates":[[[-79.541953,8.950854],[-79.542096,8.950791],[-79.542,8.95058],[-79.541857,8.950643],[-79.541953,8.950854]]]}},{"type":"Feature","properties":{"name":null},"geometry":{"type":"Polygon","coordinates":[[[-79.542338,8.950834],[-79.542288,8.950731],[-79.542428,8.950665],[-79.542477,8.950769],[-79.542338,8.950834]]]}},{"type":"Feature","properties":{"name":null},"geometry":{"type":"Polygon","coordinates":[[[-79.542434,8.950624],[-79.542293,8.950682],[-79.542248,8.950575],[-79.542389,8.950517],[-79.542434,8.950624]]]}},{"type":"Feature","properties":{"name":null},"geometry":{"type":"Polygon","coordinates":[[[-79.542323,8.951011],[-79.542237,8.950794],[-79.542157,8.950826],[-79.542245,8.951042],[-79.542323,8.951011]]]}},{"type":"Feature","properties":{"name":null},"geometry":{"type":"Polygon","coordinates":[[[-79.544436,8.955262],[-79.544489,8.955193],[-79.544423,8.955143],[-79.54437,8.955212],[-79.544436,8.955262]]]}},{"type":"Feature","properties":{"name":null},"geometry":{"type":"Polygon","coordinates":[[[-79.54453,8.95516],[-79.544558,8.955123],[-79.544489,8.955072],[-79.544461,8.955109],[-79.54453,8.95516]]]}},{"type":"Feature","properties":{"name":null},"geometry":{"type":"Polygon","coordinates":[[[-79.544428,8.95508],[-79.544449,8.955036],[-79.544373,8.955001],[-79.544352,8.955045],[-79.544428,8.95508]]]}},{"type":"Feature","properties":{"name":null},"geometry":{"type":"Polygon","coordinates":[[[-79.541678,8.965225],[-79.541515,8.965276],[-79.54147,8.965136],[-79.541633,8.965085],[-79.541678,8.965225]]]}},{"type":"Feature","properties":{"name":null},"geometry":{"type":"Polygon","coordinates":[[[-79.541648,8.965399],[-79.541486,8.96545],[-79.541441,8.965309],[-79.541603,8.965258],[-79.541648,8.965399]]]}},{"type":"Feature","properties":{"name":null},"geometry":{"type":"Polygon","coordinates":[[[-79.54162,8.96557],[-79.541457,8.965621],[-79.541412,8.965481],[-79.541575,8.96543],[-79.54162,8.96557]]]}},{"type":"Feature","properties":{"name":null},"geometry":{"type":"Polygon","coordinates":[[[-79.541412,8.96525],[-79.541296,8.965205],[-79.541357,8.965054],[-79.541472,8.965099],[-79.541412,8.96525]]]}},{"type":"Feature","properties":{"name":null},"geometry":{"type":"Polygon","coordinates":[[[-79.541347,8.965444],[-79.541239,8.965402],[-79.541314,8.965215],[-79.541422,8.965257],[-79.541347,8.965444]]]}},{"type":"Feature","properties":{"name":null},"geometry":{"type":"Polygon","coordinates":[[[-79.541315,8.965648],[-79.541313,8.96561],[-79.541337,8.965609],[-79.541339,8.965647],[-79.541423,8.965644],[-79.541419,8.965527],[-79.541335,8.96553],[-79.541335,8.965544],[-79.541311,8.965545],[-79.54131,8.965531],[-79.541222,8.965534],[-79.541226,8.965651],[-79.541315,8.965648]]]}},{"type":"Feature","properties":{"name":null},"geometry":{"type":"Polygon","coordinates":[[[-79.541754,8.964495],[-79.541911,8.96463],[-79.541801,8.964754],[-79.541644,8.964619],[-79.541754,8.964495]]]}},{"type":"Feature","properties":{"name":null},"geometry":{"type":"Polygon","coordinates":[[[-79.54234,8.96515],[-79.542524,8.965309],[-79.542408,8.96544],[-79.542224,8.965281],[-79.54234,8.96515]]]}},{"type":"Feature","properties":{"name":null},"geometry":{"type":"Polygon","coordinates":[[[-79.542636,8.965218],[-79.542417,8.965033],[-79.542511,8.964924],[-79.542731,8.965109],[-79.542636,8.965218]]]}},{"type":"Feature","properties":{"name":"Edificio San Judas Tadeo"},"geometry":{"type":"Polygon","coordinates":[[[-79.542635,8.964698],[-79.542448,8.964914],[-79.542392,8.964868],[-79.542462,8.964787],[-79.542449,8.964776],[-79.542379,8.964856],[-79.542322,8.964808],[-79.542509,8.964591],[-79.542567,8.96464],[-79.542498,8.96472],[-79.542511,8.964731],[-79.54258,8.964651],[-79.542635,8.964698]]]}},{"type":"Feature","properties":{"name":null},"geometry":{"type":"Polygon","coordinates":[[[-79.542054,8.965458],[-79.54185,8.965285],[-79.541942,8.96518],[-79.542146,8.965352],[-79.542054,8.965458]]]}},{"type":"Feature","properties":{"name":null},"geometry":{"type":"Polygon","coordinates":[[[-79.542525,8.965292],[-79.542381,8.965167],[-79.542412,8.965133],[-79.542505,8.965215],[-79.542535,8.965181],[-79.542585,8.965225],[-79.542525,8.965292]]]}},{"type":"Feature","properties":{"name":null},"geometry":{"type":"Polygon","coordinates":[[[-79.542552,8.965157],[-79.542509,8.965206],[-79.542421,8.965129],[-79.542464,8.96508],[-79.542552,8.965157]]]}},{"type":"Feature","properties":{"name":null},"geometry":{"type":"Polygon","coordinates":[[[-79.542367,8.965146],[-79.54232,8.965105],[-79.542394,8.965019],[-79.542442,8.965059],[-79.542367,8.965146]]]}},{"type":"Feature","properties":{"name":null},"geometry":{"type":"Polygon","coordinates":[[[-79.541874,8.965669],[-79.541813,8.965618],[-79.541864,8.965559],[-79.54185,8.965548],[-79.541799,8.965606],[-79.541736,8.965553],[-79.541797,8.965481],[-79.54181,8.965492],[-79.541859,8.965435],[-79.541846,8.965424],[-79.541908,8.965351],[-79.541973,8.965405],[-79.541922,8.965464],[-79.541936,8.965475],[-79.541986,8.965416],[-79.542046,8.965467],[-79.541985,8.965539],[-79.541972,8.965529],[-79.541923,8.965586],[-79.541936,8.965597],[-79.541874,8.965669]]]}},{"type":"Feature","properties":{"name":null},"geometry":{"type":"Polygon","coordinates":[[[-79.541945,8.965594],[-79.541853,8.9657],[-79.541988,8.965814],[-79.542127,8.965655],[-79.542187,8.965705],[-79.542258,8.965622],[-79.542123,8.965508],[-79.542004,8.965645],[-79.541945,8.965594]]]}},{"type":"Feature","properties":{"name":null},"geometry":{"type":"Polygon","coordinates":[[[-79.539102,8.959216],[-79.538855,8.959149],[-79.538871,8.959093],[-79.538895,8.9591],[-79.538903,8.959069],[-79.538877,8.959062],[-79.538894,8.959003],[-79.539143,8.959071],[-79.539125,8.959133],[-79.539102,8.959126],[-79.539094,8.959154],[-79.539117,8.959161],[-79.539102,8.959216]]]}},{"type":"Feature","properties":{"name":null},"geometry":{"type":"Polygon","coordinates":[[[-79.538956,8.959665],[-79.538709,8.959597],[-79.538725,8.959542],[-79.538749,8.959548],[-79.538758,8.959517],[-79.538732,8.95951],[-79.538748,8.959451],[-79.538997,8.95952],[-79.53898,8.959581],[-79.538957,8.959575],[-79.538949,8.959603],[-79.538972,8.959609],[-79.538956,8.959665]]]}},{"type":"Feature","properties":{"name":null},"geometry":{"type":"Polygon","coordinates":[[[-79.539015,8.959544],[-79.539104,8.959236],[-79.539162,8.959253],[-79.539155,8.959277],[-79.539187,8.959286],[-79.539194,8.95926],[-79.539252,8.959277],[-79.539162,8.959587],[-79.539102,8.95957],[-79.539109,8.959546],[-79.539082,8.959539],[-79.539075,8.959561],[-79.539015,8.959544]]]}},{"type":"Feature","properties":{"name":null},"geometry":{"type":"Polygon","coordinates":[[[-79.538575,8.959366],[-79.538664,8.959058],[-79.538722,8.959075],[-79.538715,8.959099],[-79.538747,8.959108],[-79.538754,8.959082],[-79.538812,8.959099],[-79.538722,8.959409],[-79.538662,8.959392],[-79.538669,8.959368],[-79.538642,8.95936],[-79.538635,8.959383],[-79.538575,8.959366]]]}},{"type":"Feature","properties":{"name":null},"geometry":{"type":"Polygon","coordinates":[[[-79.538675,8.959041],[-79.538741,8.958797],[-79.538798,8.958812],[-79.538791,8.958836],[-79.538823,8.958844],[-79.53883,8.958819],[-79.538889,8.958835],[-79.538822,8.959081],[-79.53876,8.959064],[-79.538766,8.959041],[-79.538737,8.959034],[-79.538731,8.959056],[-79.538675,8.959041]]]}},{"type":"Feature","properties":{"name":null},"geometry":{"type":"Polygon","coordinates":[[[-79.538505,8.959629],[-79.538572,8.959385],[-79.538628,8.9594],[-79.538622,8.959424],[-79.538653,8.959432],[-79.53866,8.959406],[-79.53872,8.959422],[-79.538652,8.959669],[-79.53859,8.959652],[-79.538596,8.959629],[-79.538568,8.959621],[-79.538562,8.959644],[-79.538505,8.959629]]]}},{"type":"Feature","properties":{"name":null},"geometry":{"type":"Polygon","coordinates":[[[-79.539349,8.959489],[-79.539394,8.959338],[-79.539266,8.959301],[-79.539221,8.959452],[-79.539349,8.959489]]]}},{"type":"Feature","properties":{"name":null},"geometry":{"type":"Polygon","coordinates":[[[-79.539258,8.959262],[-79.539135,8.959228],[-79.539152,8.959169],[-79.539174,8.959175],[-79.539182,8.959146],[-79.53916,8.95914],[-79.539177,8.959081],[-79.5393,8.959115],[-79.539283,8.959174],[-79.539258,8.959167],[-79.53925,8.959196],[-79.539275,8.959203],[-79.539258,8.959262]]]}},{"type":"Feature","properties":{"name":null},"geometry":{"type":"Polygon","coordinates":[[[-79.541543,8.95044],[-79.541471,8.950268],[-79.541395,8.950298],[-79.541467,8.950471],[-79.541543,8.95044]]]}},{"type":"Feature","properties":{"name":null},"geometry":{"type":"Polygon","coordinates":[[[-79.540911,8.950794],[-79.540746,8.950854],[-79.54072,8.950783],[-79.540884,8.950723],[-79.540911,8.950794]]]}},{"type":"Feature","properties":{"name":null},"geometry":{"type":"Polygon","coordinates":[[[-79.540702,8.950784],[-79.54076,8.950937],[-79.540687,8.950963],[-79.54063,8.950811],[-79.540702,8.950784]]]}},{"type":"Feature","properties":{"name":null},"geometry":{"type":"Polygon","coordinates":[[[-79.54094,8.951034],[-79.540898,8.950897],[-79.540945,8.950883],[-79.540955,8.950918],[-79.541076,8.950882],[-79.541108,8.950985],[-79.54094,8.951034]]]}},{"type":"Feature","properties":{"name":null},"geometry":{"type":"Polygon","coordinates":[[[-79.54076,8.951023],[-79.540912,8.950972],[-79.540931,8.951039],[-79.540769,8.951091],[-79.54076,8.951023]]]}},{"type":"Feature","properties":{"name":null},"geometry":{"type":"Polygon","coordinates":[[[-79.540493,8.950433],[-79.540426,8.950454],[-79.540402,8.95038],[-79.540469,8.950359],[-79.540493,8.950433]]]}},{"type":"Feature","properties":{"name":"Mini Super Max"},"geometry":{"type":"Polygon","coordinates":[[[-79.541887,8.950326],[-79.541843,8.950191],[-79.542017,8.950135],[-79.542024,8.950157],[-79.542039,8.950153],[-79.542076,8.950266],[-79.541887,8.950326]]]}},{"type":"Feature","properties":{"name":null},"geometry":{"type":"Polygon","coordinates":[[[-79.54174,8.950377],[-79.541673,8.950196],[-79.541812,8.950146],[-79.541839,8.950219],[-79.54183,8.950233],[-79.541866,8.950331],[-79.54174,8.950377]]]}},{"type":"Feature","properties":{"name":null},"geometry":{"type":"Polygon","coordinates":[[[-79.544054,8.950251],[-79.543822,8.950255],[-79.543817,8.950021],[-79.543897,8.950022],[-79.543901,8.950169],[-79.543968,8.950169],[-79.543965,8.949968],[-79.544038,8.949965],[-79.544048,8.95],[-79.544048,8.950051],[-79.544063,8.950053],[-79.544065,8.950239],[-79.544054,8.950251]]]}},{"type":"Feature","properties":{"name":null},"geometry":{"type":"Polygon","coordinates":[[[-79.543079,8.953813],[-79.543093,8.953928],[-79.543285,8.953906],[-79.543271,8.953791],[-79.543079,8.953813]]]}},{"type":"Feature","properties":{"name":null},"geometry":{"type":"Polygon","coordinates":[[[-79.542846,8.953843],[-79.54286,8.953958],[-79.543052,8.953936],[-79.543038,8.953821],[-79.542846,8.953843]]]}},{"type":"Feature","properties":{"name":null},"geometry":{"type":"Polygon","coordinates":[[[-79.540893,8.951201],[-79.540955,8.951377],[-79.541105,8.951363],[-79.541083,8.951227],[-79.541011,8.951253],[-79.540984,8.951173],[-79.540893,8.951201]]]}},{"type":"Feature","properties":{"name":null},"geometry":{"type":"Polygon","coordinates":[[[-79.541345,8.951541],[-79.541335,8.951469],[-79.541323,8.951357],[-79.541369,8.951343],[-79.541456,8.951529],[-79.541345,8.951541]]]}},{"type":"Feature","properties":{"name":null},"geometry":{"type":"Polygon","coordinates":[[[-79.541345,8.951541],[-79.540918,8.951593],[-79.540909,8.951521],[-79.541335,8.951469],[-79.541345,8.951541]]]}},{"type":"Feature","properties":{"name":null},"geometry":{"type":"Polygon","coordinates":[[[-79.541293,8.951855],[-79.54126,8.951741],[-79.541204,8.951757],[-79.541237,8.951871],[-79.541293,8.951855]]]}},{"type":"Feature","properties":{"name":null},"geometry":{"type":"Polygon","coordinates":[[[-79.542835,8.951698],[-79.542761,8.951527],[-79.542848,8.95149],[-79.543097,8.951386],[-79.54317,8.951557],[-79.542835,8.951698]]]}},{"type":"Feature","properties":{"name":null},"geometry":{"type":"Polygon","coordinates":[[[-79.5426,8.951804],[-79.542553,8.951694],[-79.542442,8.951741],[-79.542489,8.95185],[-79.5426,8.951804]]]}},{"type":"Feature","properties":{"name":null},"geometry":{"type":"Polygon","coordinates":[[[-79.542482,8.951849],[-79.54246,8.951797],[-79.542435,8.951807],[-79.542417,8.951767],[-79.542442,8.951757],[-79.542432,8.951734],[-79.542344,8.951771],[-79.542394,8.951886],[-79.542482,8.951849]]]}},{"type":"Feature","properties":{"name":null},"geometry":{"type":"Polygon","coordinates":[[[-79.536849,8.955822],[-79.536813,8.955731],[-79.536684,8.955769],[-79.536699,8.955813],[-79.536708,8.95581],[-79.536724,8.955862],[-79.536849,8.955822]]]}},{"type":"Feature","properties":{"name":null},"geometry":{"type":"Polygon","coordinates":[[[-79.536468,8.958819],[-79.536228,8.958763],[-79.53619,8.958754],[-79.536141,8.958743],[-79.53615,8.958705],[-79.536156,8.95868],[-79.536162,8.958653],[-79.536196,8.958511],[-79.536477,8.958577],[-79.536524,8.958588],[-79.536468,8.958819]]]}},{"type":"Feature","properties":{"name":null},"geometry":{"type":"Polygon","coordinates":[[[-79.53619,8.958754],[-79.536185,8.958775],[-79.53534,8.958573],[-79.535354,8.958516],[-79.53615,8.958705],[-79.536141,8.958743],[-79.53619,8.958754]]]}},{"type":"Feature","properties":{"name":null},"geometry":{"type":"Polygon","coordinates":[[[-79.539851,8.952654],[-79.539842,8.952569],[-79.539778,8.952575],[-79.539642,8.952589],[-79.53965,8.952674],[-79.539851,8.952654]]]}},{"type":"Feature","properties":{"name":null},"geometry":{"type":"Polygon","coordinates":[[[-79.539825,8.952511],[-79.539935,8.9525],[-79.53995,8.952646],[-79.539868,8.952654],[-79.539858,8.952554],[-79.539829,8.952556],[-79.539825,8.952511]]]}},{"type":"Feature","properties":{"name":null},"geometry":{"type":"Polygon","coordinates":[[[-79.539588,8.951986],[-79.539707,8.951975],[-79.539781,8.951968],[-79.539789,8.952052],[-79.539892,8.952042],[-79.539875,8.951877],[-79.539582,8.951905],[-79.539588,8.951986]]]}},{"type":"Feature","properties":{"name":null},"geometry":{"type":"Polygon","coordinates":[[[-79.539588,8.951986],[-79.539596,8.952074],[-79.539685,8.952065],[-79.539715,8.952062],[-79.539707,8.951975],[-79.539588,8.951986]]]}},{"type":"Feature","properties":{"name":null},"geometry":{"type":"Polygon","coordinates":[[[-79.539596,8.952074],[-79.539603,8.952157],[-79.539693,8.952149],[-79.539685,8.952065],[-79.539596,8.952074]]]}},{"type":"Feature","properties":{"name":null},"geometry":{"type":"Polygon","coordinates":[[[-79.539603,8.952157],[-79.539607,8.952196],[-79.539726,8.952185],[-79.539722,8.952146],[-79.539693,8.952149],[-79.539603,8.952157]]]}},{"type":"Feature","properties":{"name":null},"geometry":{"type":"Polygon","coordinates":[[[-79.539612,8.95226],[-79.539629,8.952446],[-79.539747,8.952436],[-79.539735,8.952316],[-79.539705,8.952318],[-79.539699,8.952253],[-79.539612,8.95226]]]}},{"type":"Feature","properties":{"name":null},"geometry":{"type":"Polygon","coordinates":[[[-79.539629,8.952446],[-79.539636,8.952527],[-79.539754,8.952516],[-79.539747,8.952436],[-79.539629,8.952446]]]}},{"type":"Feature","properties":{"name":null},"geometry":{"type":"Polygon","coordinates":[[[-79.539636,8.952527],[-79.539642,8.952589],[-79.539778,8.952575],[-79.539772,8.952515],[-79.539754,8.952516],[-79.539636,8.952527]]]}},{"type":"Feature","properties":{"name":null},"geometry":{"type":"Polygon","coordinates":[[[-79.540095,8.952382],[-79.54005,8.952391],[-79.540042,8.952355],[-79.540088,8.952346],[-79.540095,8.952382]]]}},{"type":"Feature","properties":{"name":null},"geometry":{"type":"Polygon","coordinates":[[[-79.539621,8.95086],[-79.539485,8.950873],[-79.539475,8.95077],[-79.539576,8.95076],[-79.539575,8.950744],[-79.53961,8.950741],[-79.539621,8.95086]]]}},{"type":"Feature","properties":{"name":null},"geometry":{"type":"Polygon","coordinates":[[[-79.539621,8.950971],[-79.539491,8.950981],[-79.539484,8.950883],[-79.539613,8.950873],[-79.539621,8.950971]]]}},{"type":"Feature","properties":{"name":null},"geometry":{"type":"Polygon","coordinates":[[[-79.53959,8.951054],[-79.539497,8.951062],[-79.539503,8.951137],[-79.539597,8.95113],[-79.53959,8.951054]]]}},{"type":"Feature","properties":{"name":null},"geometry":{"type":"Polygon","coordinates":[[[-79.539503,8.951137],[-79.539511,8.951228],[-79.539605,8.951219],[-79.539597,8.95113],[-79.539503,8.951137]]]}},{"type":"Feature","properties":{"name":null},"geometry":{"type":"Polygon","coordinates":[[[-79.539514,8.951298],[-79.539522,8.95138],[-79.539637,8.95137],[-79.539664,8.951368],[-79.539657,8.951286],[-79.539514,8.951298]]]}},{"type":"Feature","properties":{"name":null},"geometry":{"type":"Polygon","coordinates":[[[-79.539522,8.95138],[-79.539528,8.95145],[-79.539643,8.951439],[-79.539637,8.95137],[-79.539522,8.95138]]]}},{"type":"Feature","properties":{"name":null},"geometry":{"type":"Polygon","coordinates":[[[-79.539528,8.95145],[-79.539534,8.951521],[-79.539658,8.95151],[-79.539662,8.951509],[-79.539656,8.951438],[-79.539643,8.951439],[-79.539528,8.95145]]]}},{"type":"Feature","properties":{"name":null},"geometry":{"type":"Polygon","coordinates":[[[-79.539534,8.951521],[-79.539537,8.951549],[-79.53966,8.951538],[-79.539658,8.95151],[-79.539534,8.951521]]]}},{"type":"Feature","properties":{"name":null},"geometry":{"type":"Polygon","coordinates":[[[-79.539537,8.951549],[-79.539544,8.951622],[-79.539668,8.95161],[-79.539692,8.951609],[-79.539685,8.951536],[-79.53966,8.951538],[-79.539537,8.951549]]]}},{"type":"Feature","properties":{"name":null},"geometry":{"type":"Polygon","coordinates":[[[-79.539544,8.951622],[-79.53955,8.951681],[-79.539674,8.951669],[-79.539668,8.95161],[-79.539544,8.951622]]]}},{"type":"Feature","properties":{"name":null},"geometry":{"type":"Polygon","coordinates":[[[-79.53955,8.951681],[-79.539555,8.951727],[-79.539629,8.951719],[-79.539679,8.951714],[-79.539674,8.951669],[-79.53955,8.951681]]]}},{"type":"Feature","properties":{"name":null},"geometry":{"type":"Polygon","coordinates":[[[-79.539555,8.951727],[-79.539559,8.951767],[-79.539633,8.951759],[-79.539629,8.951719],[-79.539555,8.951727]]]}},{"type":"Feature","properties":{"name":null},"geometry":{"type":"Polygon","coordinates":[[[-79.539836,8.951597],[-79.539822,8.9515],[-79.539717,8.951509],[-79.539693,8.951512],[-79.539696,8.951536],[-79.539726,8.951533],[-79.539735,8.951608],[-79.539836,8.951597]]]}},{"type":"Feature","properties":{"name":null},"geometry":{"type":"Polygon","coordinates":[[[-79.539836,8.951597],[-79.539844,8.951668],[-79.539728,8.951681],[-79.539704,8.951684],[-79.539695,8.951612],[-79.539735,8.951608],[-79.539836,8.951597]]]}},{"type":"Feature","properties":{"name":null},"geometry":{"type":"Polygon","coordinates":[[[-79.539844,8.951668],[-79.539859,8.951801],[-79.53973,8.951815],[-79.539723,8.951751],[-79.539735,8.951749],[-79.539728,8.951681],[-79.539844,8.951668]]]}},{"type":"Feature","properties":{"name":null},"geometry":{"type":"Polygon","coordinates":[[[-79.539822,8.9515],[-79.539812,8.951436],[-79.53971,8.951448],[-79.539717,8.951509],[-79.539822,8.9515]]]}},{"type":"Feature","properties":{"name":null},"geometry":{"type":"Polygon","coordinates":[[[-79.539812,8.951436],[-79.539802,8.951355],[-79.539678,8.95137],[-79.539688,8.951451],[-79.53971,8.951448],[-79.539812,8.951436]]]}},{"type":"Feature","properties":{"name":null},"geometry":{"type":"Polygon","coordinates":[[[-79.539793,8.951276],[-79.539783,8.951192],[-79.539658,8.951207],[-79.539668,8.95129],[-79.539793,8.951276]]]}},{"type":"Feature","properties":{"name":null},"geometry":{"type":"Polygon","coordinates":[[[-79.539476,8.951547],[-79.539355,8.951559],[-79.539359,8.951598],[-79.539479,8.951586],[-79.539476,8.951547]]]}},{"type":"Feature","properties":{"name":null},"geometry":{"type":"Polygon","coordinates":[[[-79.539476,8.951547],[-79.539472,8.951507],[-79.539351,8.951518],[-79.539355,8.951559],[-79.539476,8.951547]]]}},{"type":"Feature","properties":{"name":"Capilla San Miguel Arcangel"},"geometry":{"type":"Polygon","coordinates":[[[-79.553749,8.965699],[-79.553555,8.965735],[-79.553604,8.965996],[-79.553799,8.96596],[-79.553749,8.965699]]]}},{"type":"Feature","properties":{"name":null},"geometry":{"type":"Polygon","coordinates":[[[-79.553514,8.966212],[-79.553517,8.966108],[-79.553828,8.966116],[-79.553825,8.96622],[-79.553514,8.966212]]]}},{"type":"Feature","properties":{"name":null},"geometry":{"type":"Polygon","coordinates":[[[-79.552076,8.96586],[-79.551943,8.965907],[-79.551962,8.96596],[-79.552095,8.965913],[-79.552076,8.96586]]]}},{"type":"Feature","properties":{"name":null},"geometry":{"type":"Polygon","coordinates":[[[-79.551533,8.966127],[-79.551441,8.966146],[-79.551436,8.966123],[-79.551529,8.966104],[-79.551533,8.966127]]]}},{"type":"Feature","properties":{"name":null},"geometry":{"type":"Polygon","coordinates":[[[-79.550961,8.966288],[-79.550904,8.966313],[-79.550922,8.966353],[-79.550979,8.966328],[-79.550961,8.966288]]]}},{"type":"Feature","properties":{"name":null},"geometry":{"type":"Polygon","coordinates":[[[-79.552258,8.965817],[-79.552215,8.965831],[-79.552233,8.965883],[-79.552276,8.965868],[-79.552258,8.965817]]]}},{"type":"Feature","properties":{"name":null},"geometry":{"type":"Polygon","coordinates":[[[-79.552826,8.966597],[-79.552887,8.966527],[-79.553001,8.966622],[-79.553279,8.966283],[-79.553374,8.966358],[-79.553322,8.966424],[-79.553366,8.96646],[-79.553073,8.966799],[-79.553033,8.966766],[-79.552826,8.966597]]]}},{"type":"Feature","properties":{"name":null},"geometry":{"type":"Polygon","coordinates":[[[-79.553221,8.966036],[-79.553152,8.966034],[-79.553081,8.966033],[-79.553087,8.965779],[-79.553226,8.96583],[-79.553221,8.966036]]]}},{"type":"Feature","properties":{"name":null},"geometry":{"type":"Polygon","coordinates":[[[-79.547345,8.966331],[-79.54736,8.966288],[-79.547394,8.966299],[-79.547379,8.966342],[-79.547345,8.966331]]]}},{"type":"Feature","properties":{"name":null},"geometry":{"type":"Polygon","coordinates":[[[-79.544821,8.966109],[-79.544911,8.966185],[-79.544898,8.966203],[-79.545225,8.966491],[-79.545234,8.966498],[-79.545169,8.966566],[-79.544751,8.966204],[-79.544821,8.966109]]]}},{"type":"Feature","properties":{"name":null},"geometry":{"type":"Polygon","coordinates":[[[-79.544997,8.966091],[-79.544911,8.966185],[-79.544898,8.966203],[-79.545225,8.966491],[-79.54522,8.96632],[-79.545204,8.966305],[-79.54522,8.966281],[-79.544997,8.966091]]]}},{"type":"Feature","properties":{"name":null},"geometry":{"type":"Polygon","coordinates":[[[-79.54313,8.965439],[-79.543189,8.965491],[-79.543346,8.965316],[-79.543194,8.965182],[-79.543138,8.965244],[-79.543231,8.965326],[-79.54313,8.965439]]]}},{"type":"Feature","properties":{"name":null},"geometry":{"type":"Polygon","coordinates":[[[-79.543192,8.965302],[-79.543132,8.96525],[-79.542975,8.965425],[-79.543127,8.965558],[-79.543183,8.965497],[-79.54309,8.965415],[-79.543192,8.965302]]]}},{"type":"Feature","properties":{"name":null},"geometry":{"type":"Polygon","coordinates":[[[-79.543961,8.966345],[-79.543849,8.966463],[-79.543641,8.96627],[-79.543752,8.966153],[-79.543961,8.966345]]]}},{"type":"Feature","properties":{"name":null},"geometry":{"type":"Polygon","coordinates":[[[-79.543986,8.96591],[-79.543785,8.966114],[-79.543905,8.966229],[-79.544105,8.966025],[-79.543986,8.96591]]]}},{"type":"Feature","properties":{"name":null},"geometry":{"type":"Polygon","coordinates":[[[-79.548315,8.948954],[-79.548048,8.948936],[-79.548063,8.948725],[-79.54833,8.948742],[-79.548323,8.948842],[-79.548315,8.948954]]]}},{"type":"Feature","properties":{"name":null},"geometry":{"type":"Polygon","coordinates":[[[-79.547979,8.947888],[-79.547954,8.947896],[-79.547789,8.947948],[-79.547095,8.94817],[-79.54713,8.948277],[-79.548014,8.947996],[-79.547979,8.947888]]]}},{"type":"Feature","properties":{"name":null},"geometry":{"type":"Polygon","coordinates":[[[-79.548047,8.947614],[-79.54801,8.947504],[-79.547375,8.947711],[-79.547412,8.947821],[-79.547714,8.947722],[-79.547879,8.947669],[-79.548047,8.947614]]]}},{"type":"Feature","properties":{"name":null},"geometry":{"type":"Polygon","coordinates":[[[-79.547789,8.947948],[-79.547714,8.947722],[-79.547879,8.947669],[-79.547954,8.947896],[-79.547789,8.947948]]]}},{"type":"Feature","properties":{"name":null},"geometry":{"type":"Polygon","coordinates":[[[-79.547777,8.948212],[-79.547773,8.948285],[-79.547663,8.948278],[-79.547662,8.948309],[-79.547771,8.948315],[-79.547766,8.948384],[-79.547485,8.948367],[-79.547489,8.948298],[-79.547591,8.948304],[-79.547593,8.948274],[-79.547491,8.948268],[-79.547495,8.948195],[-79.547777,8.948212]]]}},{"type":"Feature","properties":{"name":null},"geometry":{"type":"Polygon","coordinates":[[[-79.538053,8.950825],[-79.53793,8.950831],[-79.537909,8.950831],[-79.5379,8.950741],[-79.537974,8.950575],[-79.537976,8.950518],[-79.538042,8.950515],[-79.538053,8.950825]]]}},{"type":"Feature","properties":{"name":null},"geometry":{"type":"Polygon","coordinates":[[[-79.541626,8.952592],[-79.541558,8.952418],[-79.541615,8.952407],[-79.541626,8.952431],[-79.541686,8.952575],[-79.541688,8.95258],[-79.541626,8.952592]]]}},{"type":"Feature","properties":{"name":null},"geometry":{"type":"Polygon","coordinates":[[[-79.541626,8.952431],[-79.541666,8.95242],[-79.541728,8.952566],[-79.541686,8.952575],[-79.541626,8.952431]]]}},{"type":"Feature","properties":{"name":"Restaurante Copacabana"},"geometry":{"type":"Polygon","coordinates":[[[-79.541854,8.952356],[-79.541794,8.952379],[-79.541855,8.952533],[-79.541915,8.95251],[-79.541854,8.952356]]]}},{"type":"Feature","properties":{"name":null},"geometry":{"type":"Polygon","coordinates":[[[-79.541894,8.952824],[-79.542067,8.952954],[-79.542117,8.952889],[-79.54207,8.952853],[-79.542076,8.952845],[-79.542123,8.952881],[-79.54217,8.95282],[-79.541997,8.95269],[-79.54195,8.952751],[-79.542025,8.952807],[-79.542019,8.952815],[-79.541944,8.952759],[-79.541894,8.952824]]]}},{"type":"Feature","properties":{"name":null},"geometry":{"type":"Polygon","coordinates":[[[-79.542774,8.952974],[-79.542651,8.953029],[-79.542642,8.953009],[-79.542576,8.953039],[-79.542584,8.953058],[-79.542463,8.953112],[-79.542433,8.953045],[-79.542469,8.953029],[-79.542463,8.953017],[-79.542531,8.952987],[-79.542524,8.952971],[-79.542456,8.953001],[-79.542452,8.952992],[-79.542416,8.953008],[-79.542386,8.952944],[-79.542508,8.952889],[-79.542516,8.952907],[-79.542583,8.952877],[-79.542575,8.95286],[-79.542697,8.952805],[-79.542726,8.952869],[-79.542696,8.952883],[-79.542701,8.952892],[-79.542625,8.952926],[-79.542633,8.952942],[-79.542708,8.952909],[-79.542713,8.95292],[-79.542744,8.952907],[-79.542774,8.952974]]]}},{"type":"Feature","properties":{"name":null},"geometry":{"type":"Polygon","coordinates":[[[-79.542301,8.953038],[-79.542322,8.95317],[-79.5423,8.953173],[-79.542311,8.953245],[-79.542332,8.953242],[-79.542352,8.953371],[-79.542279,8.953382],[-79.542273,8.953344],[-79.54226,8.953346],[-79.542249,8.953273],[-79.54223,8.953276],[-79.542241,8.953348],[-79.542232,8.95335],[-79.542238,8.953388],[-79.542167,8.953399],[-79.542147,8.953268],[-79.542166,8.953265],[-79.542155,8.953194],[-79.542137,8.953197],[-79.542116,8.953066],[-79.542187,8.953055],[-79.542192,8.953088],[-79.542202,8.953086],[-79.542214,8.953167],[-79.542233,8.953164],[-79.542221,8.953083],[-79.542233,8.953082],[-79.542228,8.953049],[-79.542301,8.953038]]]}},{"type":"Feature","properties":{"name":null},"geometry":{"type":"Polygon","coordinates":[[[-79.542529,8.95249],[-79.542502,8.952427],[-79.542471,8.95244],[-79.542498,8.952503],[-79.542529,8.95249]]]}},{"type":"Feature","properties":{"name":"Capilla San Jose Obrero"},"geometry":{"type":"Polygon","coordinates":[[[-79.543001,8.953191],[-79.542959,8.953152],[-79.542912,8.953201],[-79.542954,8.95324],[-79.543001,8.953191]]]}},{"type":"Feature","properties":{"name":null},"geometry":{"type":"Polygon","coordinates":[[[-79.544249,8.949723],[-79.544159,8.949739],[-79.544169,8.94979],[-79.544259,8.949773],[-79.544249,8.949723]]]}},{"type":"Feature","properties":{"name":null},"geometry":{"type":"Polygon","coordinates":[[[-79.545935,8.949653],[-79.545932,8.949701],[-79.545954,8.949703],[-79.545948,8.949781],[-79.545927,8.94978],[-79.545924,8.949828],[-79.545762,8.949818],[-79.545766,8.949768],[-79.545742,8.949767],[-79.545748,8.949688],[-79.545771,8.94969],[-79.545774,8.949643],[-79.545935,8.949653]]]}},{"type":"Feature","properties":{"name":null},"geometry":{"type":"Polygon","coordinates":[[[-79.546137,8.949825],[-79.546088,8.949822],[-79.546087,8.949843],[-79.546007,8.949838],[-79.546009,8.949817],[-79.54596,8.949814],[-79.54597,8.949654],[-79.54602,8.949658],[-79.546022,8.949634],[-79.546101,8.94964],[-79.546099,8.949663],[-79.546147,8.949665],[-79.546137,8.949825]]]}},{"type":"Feature","properties":{"name":null},"geometry":{"type":"Polygon","coordinates":[[[-79.545893,8.949621],[-79.545844,8.949618],[-79.545842,8.94964],[-79.545763,8.949634],[-79.545765,8.949613],[-79.545715,8.94961],[-79.545726,8.949451],[-79.545776,8.949454],[-79.545778,8.949431],[-79.545857,8.949436],[-79.545855,8.949459],[-79.545903,8.949462],[-79.545893,8.949621]]]}},{"type":"Feature","properties":{"name":null},"geometry":{"type":"Polygon","coordinates":[[[-79.546702,8.949709],[-79.546699,8.949757],[-79.546721,8.949759],[-79.546715,8.949837],[-79.546694,8.949835],[-79.546691,8.949884],[-79.54653,8.949874],[-79.546533,8.949824],[-79.546509,8.949822],[-79.546515,8.949744],[-79.546538,8.949746],[-79.546541,8.949699],[-79.546702,8.949709]]]}},{"type":"Feature","properties":{"name":null},"geometry":{"type":"Polygon","coordinates":[[[-79.547112,8.949746],[-79.547109,8.949794],[-79.547131,8.949795],[-79.547125,8.949874],[-79.547104,8.949872],[-79.5471,8.949921],[-79.546939,8.94991],[-79.546942,8.949861],[-79.546919,8.949859],[-79.546925,8.949781],[-79.546948,8.949783],[-79.546951,8.949735],[-79.547112,8.949746]]]}},{"type":"Feature","properties":{"name":null},"geometry":{"type":"Polygon","coordinates":[[[-79.546906,8.94988],[-79.546857,8.949877],[-79.546856,8.949899],[-79.546777,8.949893],[-79.546778,8.949872],[-79.546729,8.949869],[-79.546739,8.94971],[-79.546789,8.949713],[-79.546791,8.94969],[-79.54687,8.949695],[-79.546868,8.949718],[-79.546916,8.949721],[-79.546906,8.94988]]]}},{"type":"Feature","properties":{"name":null},"geometry":{"type":"Polygon","coordinates":[[[-79.54666,8.94968],[-79.546611,8.949677],[-79.546609,8.949699],[-79.54653,8.949693],[-79.546532,8.949672],[-79.546482,8.949669],[-79.546492,8.949509],[-79.546543,8.949513],[-79.546544,8.94949],[-79.546624,8.949495],[-79.546622,8.949518],[-79.54667,8.949521],[-79.54666,8.94968]]]}},{"type":"Feature","properties":{"name":null},"geometry":{"type":"Polygon","coordinates":[[[-79.547167,8.94972],[-79.547118,8.949717],[-79.547117,8.949739],[-79.547038,8.949733],[-79.547039,8.949712],[-79.54699,8.949709],[-79.547,8.94955],[-79.54705,8.949553],[-79.547052,8.94953],[-79.547131,8.949535],[-79.54713,8.949558],[-79.547177,8.949561],[-79.547167,8.94972]]]}},{"type":"Feature","properties":{"name":null},"geometry":{"type":"Polygon","coordinates":[[[-79.547921,8.948973],[-79.547918,8.949021],[-79.54794,8.949023],[-79.547935,8.949101],[-79.547913,8.9491],[-79.54791,8.949148],[-79.547749,8.949138],[-79.547752,8.949088],[-79.547728,8.949087],[-79.547734,8.949008],[-79.547757,8.94901],[-79.54776,8.948963],[-79.547921,8.948973]]]}},{"type":"Feature","properties":{"name":null},"geometry":{"type":"Polygon","coordinates":[[[-79.547592,8.948954],[-79.547589,8.949002],[-79.547611,8.949004],[-79.547605,8.949082],[-79.547584,8.94908],[-79.547581,8.949129],[-79.547419,8.949119],[-79.547423,8.949069],[-79.547399,8.949067],[-79.547405,8.948989],[-79.547428,8.948991],[-79.547431,8.948944],[-79.547592,8.948954]]]}},{"type":"Feature","properties":{"name":null},"geometry":{"type":"Polygon","coordinates":[[[-79.547672,8.948748],[-79.547669,8.948796],[-79.547691,8.948797],[-79.547685,8.948876],[-79.547664,8.948874],[-79.54766,8.948923],[-79.547499,8.948913],[-79.547502,8.948863],[-79.547479,8.948861],[-79.547485,8.948783],[-79.547507,8.948785],[-79.547511,8.948737],[-79.547672,8.948748]]]}},{"type":"Feature","properties":{"name":null},"geometry":{"type":"Polygon","coordinates":[[[-79.547911,8.948761],[-79.547908,8.948809],[-79.54793,8.948811],[-79.547924,8.948889],[-79.547902,8.948887],[-79.547899,8.948936],[-79.547738,8.948926],[-79.547741,8.948876],[-79.547718,8.948874],[-79.547723,8.948796],[-79.547746,8.948798],[-79.547749,8.948751],[-79.547911,8.948761]]]}},{"type":"Feature","properties":{"name":null},"geometry":{"type":"Polygon","coordinates":[[[-79.547137,8.950214],[-79.546944,8.950201],[-79.546951,8.950088],[-79.547035,8.950094],[-79.547033,8.95013],[-79.547061,8.950132],[-79.547063,8.950095],[-79.547145,8.950101],[-79.547137,8.950214]]]}},{"type":"Feature","properties":{"name":"P.H. H2O on The Ocean"},"geometry":{"type":"Polygon","coordinates":[[[-79.534626,8.96584],[-79.534493,8.965766],[-79.53425,8.966194],[-79.534383,8.966267],[-79.534626,8.96584]]]}},{"type":"Feature","properties":{"name":null},"geometry":{"type":"Polygon","coordinates":[[[-79.537262,8.961587],[-79.537028,8.96127],[-79.536983,8.961221],[-79.536495,8.962029],[-79.536584,8.962064],[-79.537262,8.961587]]]}},{"type":"Feature","properties":{"name":null},"geometry":{"type":"Polygon","coordinates":[[[-79.534654,8.965809],[-79.534639,8.965835],[-79.534515,8.966053],[-79.534385,8.966281],[-79.534133,8.966141],[-79.534402,8.965669],[-79.534654,8.965809]]]}},{"type":"Feature","properties":{"name":null},"geometry":{"type":"Polygon","coordinates":[[[-79.545202,8.94962],[-79.545197,8.949679],[-79.54537,8.949695],[-79.545376,8.949636],[-79.545202,8.94962]]]}},{"type":"Feature","properties":{"name":null},"geometry":{"type":"Polygon","coordinates":[[[-79.545409,8.949643],[-79.545484,8.949647],[-79.54548,8.949708],[-79.545405,8.949703],[-79.545409,8.949643]]]}},{"type":"Feature","properties":{"name":null},"geometry":{"type":"Polygon","coordinates":[[[-79.545546,8.949556],[-79.545492,8.949551],[-79.545485,8.94963],[-79.545539,8.949635],[-79.545546,8.949556]]]}},{"type":"Feature","properties":{"name":null},"geometry":{"type":"Polygon","coordinates":[[[-79.545563,8.949503],[-79.54556,8.949544],[-79.545458,8.949536],[-79.545461,8.949494],[-79.545563,8.949503]]]}},{"type":"Feature","properties":{"name":null},"geometry":{"type":"Polygon","coordinates":[[[-79.545356,8.949511],[-79.545358,8.949473],[-79.545427,8.949476],[-79.545425,8.949514],[-79.545356,8.949511]]]}},{"type":"Feature","properties":{"name":null},"geometry":{"type":"Polygon","coordinates":[[[-79.545266,8.949508],[-79.545267,8.949466],[-79.545177,8.949464],[-79.545176,8.949506],[-79.545266,8.949508]]]}},{"type":"Feature","properties":{"name":null},"geometry":{"type":"Polygon","coordinates":[[[-79.545172,8.950546],[-79.54511,8.950543],[-79.545107,8.950604],[-79.545169,8.950607],[-79.545172,8.950546]]]}},{"type":"Feature","properties":{"name":null},"geometry":{"type":"Polygon","coordinates":[[[-79.545043,8.950879],[-79.545048,8.950805],[-79.544983,8.950801],[-79.544978,8.950874],[-79.545043,8.950879]]]}},{"type":"Feature","properties":{"name":"Fonda La Bendicion"},"geometry":{"type":"Polygon","coordinates":[[[-79.545157,8.950818],[-79.545098,8.950814],[-79.545093,8.950883],[-79.545152,8.950887],[-79.545157,8.950818]]]}},{"type":"Feature","properties":{"name":null},"geometry":{"type":"Polygon","coordinates":[[[-79.546315,8.951019],[-79.546227,8.951009],[-79.546224,8.951031],[-79.546312,8.951041],[-79.546315,8.951019]]]}},{"type":"Feature","properties":{"name":"Escuela Bilingue Tomas Alba Edison"},"geometry":{"type":"Polygon","coordinates":[[[-79.54576,8.951961],[-79.545531,8.951949],[-79.545539,8.951805],[-79.545768,8.951817],[-79.54576,8.951961]]]}},{"type":"Feature","properties":{"name":null},"geometry":{"type":"Polygon","coordinates":[[[-79.545604,8.951992],[-79.545523,8.951984],[-79.545508,8.952121],[-79.545516,8.95214],[-79.545537,8.952151],[-79.545579,8.952156],[-79.545576,8.952188],[-79.545709,8.952202],[-79.545722,8.95208],[-79.545596,8.952067],[-79.545604,8.951992]]]}},{"type":"Feature","properties":{"name":null},"geometry":{"type":"Polygon","coordinates":[[[-79.541352,8.953161],[-79.541334,8.953164],[-79.541227,8.953182],[-79.54123,8.953196],[-79.541263,8.953382],[-79.541378,8.953363],[-79.54137,8.953315],[-79.541379,8.953313],[-79.541352,8.953161]]]}},{"type":"Feature","properties":{"name":null},"geometry":{"type":"Polygon","coordinates":[[[-79.54123,8.953196],[-79.541091,8.953209],[-79.541055,8.953017],[-79.541156,8.953009],[-79.541168,8.953067],[-79.54131,8.953038],[-79.541334,8.953164],[-79.541227,8.953182],[-79.54123,8.953196]]]}},{"type":"Feature","properties":{"name":null},"geometry":{"type":"Polygon","coordinates":[[[-79.541237,8.953407],[-79.541203,8.953226],[-79.541113,8.953242],[-79.541146,8.953423],[-79.541237,8.953407]]]}},{"type":"Feature","properties":{"name":null},"geometry":{"type":"Polygon","coordinates":[[[-79.537387,8.966107],[-79.537157,8.965978],[-79.537237,8.965838],[-79.53731,8.965878],[-79.537365,8.965781],[-79.537523,8.96587],[-79.537506,8.965901],[-79.537387,8.966107]]]}},{"type":"Feature","properties":{"name":null},"geometry":{"type":"Polygon","coordinates":[[[-79.537181,8.965682],[-79.537167,8.965674],[-79.537155,8.965695],[-79.537169,8.965703],[-79.537181,8.965682]]]}},{"type":"Feature","properties":{"name":null},"geometry":{"type":"Polygon","coordinates":[[[-79.537646,8.960769],[-79.537636,8.960755],[-79.537655,8.960695],[-79.537667,8.960687],[-79.537658,8.960674],[-79.537795,8.960578],[-79.537831,8.960551],[-79.537838,8.96056],[-79.537852,8.96055],[-79.537903,8.960561],[-79.537914,8.960576],[-79.537923,8.960569],[-79.537982,8.960648],[-79.537973,8.960654],[-79.537982,8.960668],[-79.537978,8.960721],[-79.537964,8.960731],[-79.537972,8.960742],[-79.537799,8.960866],[-79.53779,8.960854],[-79.537778,8.960863],[-79.537712,8.960862],[-79.537703,8.96085],[-79.537694,8.960856],[-79.537636,8.960776],[-79.537646,8.960769]]]}},{"type":"Feature","properties":{"name":null},"geometry":{"type":"Polygon","coordinates":[[[-79.538842,8.960449],[-79.538555,8.960654],[-79.538519,8.960608],[-79.538522,8.960586],[-79.53852,8.960568],[-79.538506,8.960547],[-79.538571,8.960501],[-79.538584,8.96049],[-79.538589,8.960478],[-79.538584,8.960466],[-79.53856,8.960429],[-79.538532,8.960392],[-79.538462,8.960323],[-79.538384,8.960257],[-79.538331,8.960213],[-79.538305,8.960192],[-79.53834,8.960177],[-79.538374,8.960172],[-79.538385,8.960172],[-79.538421,8.960174],[-79.538476,8.960185],[-79.538535,8.96021],[-79.538585,8.960236],[-79.538627,8.960265],[-79.538666,8.960299],[-79.538701,8.960332],[-79.538732,8.960368],[-79.538753,8.960403],[-79.538789,8.960378],[-79.538826,8.960419],[-79.538821,8.960424],[-79.538842,8.960449]]]}},{"type":"Feature","properties":{"name":null},"geometry":{"type":"Polygon","coordinates":[[[-79.538213,8.960899],[-79.538499,8.960694],[-79.538465,8.960646],[-79.53844,8.960641],[-79.538424,8.960631],[-79.538412,8.960616],[-79.53835,8.96066],[-79.538332,8.960668],[-79.538317,8.960666],[-79.538307,8.96066],[-79.538282,8.96063],[-79.538256,8.960591],[-79.538234,8.96055],[-79.538215,8.960509],[-79.53819,8.96045],[-79.538163,8.960382],[-79.538151,8.960343],[-79.538139,8.960309],[-79.538106,8.960349],[-79.538097,8.960368],[-79.538091,8.960387],[-79.538083,8.960423],[-79.538079,8.960476],[-79.538082,8.960538],[-79.538092,8.960593],[-79.538106,8.960642],[-79.538124,8.960687],[-79.538146,8.960729],[-79.538171,8.960769],[-79.538194,8.960802],[-79.538159,8.960828],[-79.538188,8.960875],[-79.538195,8.960872],[-79.538213,8.960899]]]}},{"type":"Feature","properties":{"name":null},"geometry":{"type":"Polygon","coordinates":[[[-79.538397,8.960578],[-79.538368,8.96057],[-79.538341,8.960557],[-79.53832,8.960543],[-79.538297,8.960523],[-79.538281,8.960499],[-79.538271,8.960473],[-79.538265,8.960444],[-79.538264,8.960419],[-79.538266,8.960391],[-79.538275,8.960369],[-79.538292,8.960351],[-79.538319,8.960339],[-79.538352,8.96034],[-79.538383,8.960349],[-79.538415,8.960369],[-79.538444,8.960397],[-79.538462,8.960431],[-79.538477,8.960469],[-79.538479,8.960505],[-79.538471,8.960543],[-79.538451,8.960567],[-79.538424,8.960578],[-79.538397,8.960578]]]}},{"type":"Feature","properties":{"name":null},"geometry":{"type":"Polygon","coordinates":[[[-79.538385,8.960172],[-79.53841,8.960156],[-79.538822,8.960332],[-79.53891,8.960401],[-79.538842,8.960449],[-79.538821,8.960424],[-79.538826,8.960419],[-79.538789,8.960378],[-79.538753,8.960403],[-79.538732,8.960368],[-79.538701,8.960332],[-79.538666,8.960299],[-79.538627,8.960265],[-79.538585,8.960236],[-79.538535,8.96021],[-79.538476,8.960185],[-79.538421,8.960174],[-79.538385,8.960172]]]}},{"type":"Feature","properties":{"name":null},"geometry":{"type":"Polygon","coordinates":[[[-79.538194,8.960912],[-79.537909,8.960516],[-79.538091,8.960387],[-79.538083,8.960423],[-79.538079,8.960476],[-79.538082,8.960538],[-79.538092,8.960593],[-79.538106,8.960642],[-79.538124,8.960687],[-79.538146,8.960729],[-79.538171,8.960769],[-79.538194,8.960802],[-79.538159,8.960828],[-79.538188,8.960875],[-79.538195,8.960872],[-79.538213,8.960899],[-79.538194,8.960912]]]}},{"type":"Feature","properties":{"name":null},"geometry":{"type":"Polygon","coordinates":[[[-79.538499,8.960694],[-79.538555,8.960654],[-79.538519,8.960608],[-79.538522,8.960586],[-79.53852,8.960568],[-79.538506,8.960547],[-79.538571,8.960501],[-79.538584,8.96049],[-79.538589,8.960478],[-79.538584,8.960466],[-79.53856,8.960429],[-79.538532,8.960392],[-79.538462,8.960323],[-79.538384,8.960257],[-79.538331,8.960213],[-79.538314,8.960225],[-79.538292,8.960263],[-79.53826,8.960296],[-79.538221,8.960315],[-79.538179,8.960322],[-79.538151,8.960343],[-79.538163,8.960382],[-79.53819,8.96045],[-79.538215,8.960509],[-79.538234,8.96055],[-79.538256,8.960591],[-79.538282,8.96063],[-79.538307,8.96066],[-79.538317,8.960666],[-79.538332,8.960668],[-79.53835,8.96066],[-79.538412,8.960616],[-79.538424,8.960631],[-79.53844,8.960641],[-79.538465,8.960646],[-79.538499,8.960694]]]}},{"type":"Feature","properties":{"name":null},"geometry":{"type":"Polygon","coordinates":[[[-79.537632,8.960426],[-79.53756,8.960329],[-79.537614,8.96029],[-79.537685,8.960387],[-79.537632,8.960426]]]}},{"type":"Feature","properties":{"name":null},"geometry":{"type":"Polygon","coordinates":[[[-79.538216,8.960069],[-79.538188,8.960031],[-79.538129,8.960074],[-79.538157,8.960111],[-79.538136,8.960126],[-79.538152,8.960147],[-79.538214,8.960101],[-79.5382,8.960081],[-79.538216,8.960069]]]}},{"type":"Feature","properties":{"name":null},"geometry":{"type":"Polygon","coordinates":[[[-79.538098,8.960152],[-79.537985,8.960239],[-79.537978,8.960229],[-79.537925,8.960162],[-79.53797,8.960094],[-79.538003,8.960105],[-79.538002,8.960117],[-79.538071,8.960122],[-79.53808,8.960132],[-79.538098,8.960152]]]}},{"type":"Feature","properties":{"name":null},"geometry":{"type":"Polygon","coordinates":[[[-79.53797,8.960094],[-79.538047,8.959976],[-79.538116,8.96001],[-79.538088,8.960088],[-79.538105,8.960095],[-79.53808,8.960132],[-79.538071,8.960122],[-79.538002,8.960117],[-79.538003,8.960105],[-79.53797,8.960094]]]}},{"type":"Feature","properties":{"name":null},"geometry":{"type":"Polygon","coordinates":[[[-79.538047,8.959976],[-79.537891,8.959907],[-79.537828,8.960039],[-79.537925,8.960162],[-79.53797,8.960094],[-79.538047,8.959976]]]}},{"type":"Feature","properties":{"name":null},"geometry":{"type":"Polygon","coordinates":[[[-79.538183,8.961561],[-79.538091,8.961626],[-79.537971,8.961462],[-79.538062,8.961397],[-79.538183,8.961561]]]}},{"type":"Feature","properties":{"name":null},"geometry":{"type":"Polygon","coordinates":[[[-79.538183,8.961561],[-79.53821,8.961541],[-79.538168,8.961484],[-79.538221,8.961445],[-79.538264,8.961503],[-79.538415,8.961395],[-79.538479,8.961484],[-79.538156,8.961715],[-79.538091,8.961626],[-79.538183,8.961561]]]}},{"type":"Feature","properties":{"name":null},"geometry":{"type":"Polygon","coordinates":[[[-79.537971,8.961462],[-79.537902,8.961368],[-79.538102,8.961224],[-79.53817,8.961318],[-79.538148,8.961334],[-79.538185,8.961386],[-79.538131,8.961424],[-79.538094,8.961374],[-79.538062,8.961397],[-79.537971,8.961462]]]}},{"type":"Feature","properties":{"name":null},"geometry":{"type":"Polygon","coordinates":[[[-79.537902,8.961368],[-79.537882,8.96134],[-79.538082,8.961197],[-79.538095,8.961215],[-79.538102,8.961224],[-79.537902,8.961368]]]}},{"type":"Feature","properties":{"name":null},"geometry":{"type":"Polygon","coordinates":[[[-79.539366,8.952197],[-79.53953,8.952184],[-79.539541,8.952328],[-79.53938,8.952343],[-79.539366,8.952197]]]}},{"type":"Feature","properties":{"name":null},"geometry":{"type":"Polygon","coordinates":[[[-79.539006,8.95251],[-79.539004,8.952459],[-79.539261,8.952441],[-79.539273,8.95244],[-79.539276,8.95247],[-79.539277,8.95249],[-79.539006,8.95251]]]}},{"type":"Feature","properties":{"name":null},"geometry":{"type":"Polygon","coordinates":[[[-79.539004,8.952459],[-79.538999,8.952379],[-79.539113,8.95237],[-79.539177,8.952365],[-79.539207,8.952362],[-79.539256,8.952359],[-79.539259,8.9524],[-79.539261,8.952441],[-79.539004,8.952459]]]}},{"type":"Feature","properties":{"name":null},"geometry":{"type":"Polygon","coordinates":[[[-79.538999,8.952379],[-79.538997,8.952328],[-79.539109,8.952321],[-79.539113,8.95237],[-79.538999,8.952379]]]}},{"type":"Feature","properties":{"name":null},"geometry":{"type":"Polygon","coordinates":[[[-79.538997,8.952328],[-79.538991,8.952227],[-79.539101,8.952218],[-79.539109,8.952321],[-79.538997,8.952328]]]}},{"type":"Feature","properties":{"name":null},"geometry":{"type":"Polygon","coordinates":[[[-79.539101,8.952218],[-79.539243,8.952207],[-79.539256,8.952359],[-79.539207,8.952362],[-79.539202,8.952292],[-79.539171,8.952295],[-79.539177,8.952365],[-79.539113,8.95237],[-79.539109,8.952321],[-79.539101,8.952218]]]}},{"type":"Feature","properties":{"name":null},"geometry":{"type":"Polygon","coordinates":[[[-79.539246,8.952016],[-79.539119,8.952025],[-79.538982,8.952036],[-79.538979,8.951996],[-79.539243,8.951976],[-79.539246,8.952016]]]}},{"type":"Feature","properties":{"name":null},"geometry":{"type":"Polygon","coordinates":[[[-79.538982,8.952036],[-79.538987,8.952107],[-79.539126,8.952096],[-79.539171,8.952092],[-79.539206,8.95209],[-79.539203,8.952051],[-79.539122,8.952059],[-79.539119,8.952025],[-79.538982,8.952036]]]}},{"type":"Feature","properties":{"name":null},"geometry":{"type":"Polygon","coordinates":[[[-79.539334,8.95204],[-79.539249,8.952047],[-79.539259,8.952164],[-79.539344,8.952157],[-79.539334,8.95204]]]}},{"type":"Feature","properties":{"name":null},"geometry":{"type":"Polygon","coordinates":[[[-79.539259,8.952164],[-79.539214,8.952168],[-79.539206,8.95209],[-79.539203,8.952051],[-79.539249,8.952047],[-79.539259,8.952164]]]}},{"type":"Feature","properties":{"name":null},"geometry":{"type":"Polygon","coordinates":[[[-79.539171,8.952092],[-79.539177,8.952171],[-79.539214,8.952168],[-79.539206,8.95209],[-79.539171,8.952092]]]}},{"type":"Feature","properties":{"name":null},"geometry":{"type":"Polygon","coordinates":[[[-79.539177,8.952171],[-79.539132,8.952175],[-79.539126,8.952096],[-79.539171,8.952092],[-79.539177,8.952171]]]}},{"type":"Feature","properties":{"name":null},"geometry":{"type":"Polygon","coordinates":[[[-79.538065,8.951119],[-79.53806,8.950993],[-79.538013,8.950993],[-79.538007,8.950887],[-79.538055,8.950885],[-79.538054,8.950851],[-79.538053,8.950825],[-79.53793,8.950831],[-79.53795,8.951126],[-79.538065,8.951119]]]}},{"type":"Feature","properties":{"name":null},"geometry":{"type":"Polygon","coordinates":[[[-79.53508,8.952693],[-79.535131,8.952697],[-79.535125,8.952763],[-79.535075,8.952759],[-79.535057,8.952757],[-79.535063,8.952692],[-79.53508,8.952693]]]}},{"type":"Feature","properties":{"name":null},"geometry":{"type":"Polygon","coordinates":[[[-79.535083,8.952447],[-79.5351,8.952449],[-79.53515,8.952453],[-79.535145,8.952515],[-79.535095,8.952511],[-79.535078,8.95251],[-79.535083,8.952447]]]}},{"type":"Feature","properties":{"name":null},"geometry":{"type":"Polygon","coordinates":[[[-79.535613,8.952843],[-79.535585,8.952841],[-79.535524,8.952836],[-79.535525,8.952821],[-79.535527,8.952795],[-79.535531,8.95275],[-79.53562,8.952758],[-79.535616,8.952802],[-79.535613,8.952843]]]}},{"type":"Feature","properties":{"name":null},"geometry":{"type":"Polygon","coordinates":[[[-79.532975,8.953094],[-79.532966,8.953176],[-79.533163,8.953196],[-79.533247,8.953204],[-79.533236,8.953309],[-79.532956,8.95328],[-79.53295,8.95334],[-79.532886,8.953334],[-79.532851,8.95333],[-79.532857,8.95327],[-79.532798,8.953264],[-79.532809,8.953159],[-79.532867,8.953165],[-79.532876,8.953084],[-79.532975,8.953094]]]}},{"type":"Feature","properties":{"name":null},"geometry":{"type":"Polygon","coordinates":[[[-79.533163,8.953196],[-79.533172,8.953113],[-79.533255,8.953122],[-79.533247,8.953204],[-79.533163,8.953196]]]}},{"type":"Feature","properties":{"name":null},"geometry":{"type":"Polygon","coordinates":[[[-79.534964,8.952097],[-79.534971,8.952025],[-79.534906,8.952019],[-79.534899,8.952091],[-79.534964,8.952097]]]}},{"type":"Feature","properties":{"name":null},"geometry":{"type":"Polygon","coordinates":[[[-79.531874,8.950074],[-79.531844,8.950078],[-79.531839,8.950049],[-79.531714,8.950069],[-79.531718,8.950095],[-79.531648,8.950106],[-79.531712,8.949935],[-79.531847,8.949913],[-79.531874,8.950074]]]}},{"type":"Feature","properties":{"name":null},"geometry":{"type":"Polygon","coordinates":[[[-79.532158,8.951766],[-79.532117,8.951766],[-79.532079,8.951765],[-79.532079,8.951791],[-79.531998,8.95179],[-79.531655,8.951785],[-79.531607,8.951784],[-79.531607,8.95182],[-79.531502,8.951819],[-79.531498,8.952045],[-79.531601,8.952046],[-79.5316,8.952062],[-79.532169,8.95207],[-79.532172,8.951854],[-79.532157,8.951854],[-79.532158,8.951766]]]}},{"type":"Feature","properties":{"name":null},"geometry":{"type":"Polygon","coordinates":[[[-79.532079,8.951791],[-79.53208,8.951853],[-79.532157,8.951854],[-79.532158,8.951766],[-79.532117,8.951766],[-79.532079,8.951765],[-79.532079,8.951791]]]}},{"type":"Feature","properties":{"name":null},"geometry":{"type":"Polygon","coordinates":[[[-79.532268,8.951735],[-79.532219,8.951734],[-79.532118,8.951732],[-79.531999,8.95173],[-79.531982,8.951729],[-79.531985,8.95157],[-79.531864,8.951568],[-79.531863,8.951583],[-79.53175,8.951581],[-79.531754,8.951375],[-79.532276,8.951386],[-79.532268,8.951735]]]}},{"type":"Feature","properties":{"name":null},"geometry":{"type":"Polygon","coordinates":[[[-79.531999,8.95173],[-79.531998,8.95179],[-79.532079,8.951791],[-79.532079,8.951765],[-79.532117,8.951766],[-79.532118,8.951732],[-79.531999,8.95173]]]}},{"type":"Feature","properties":{"name":null},"geometry":{"type":"Polygon","coordinates":[[[-79.531998,8.95179],[-79.531655,8.951785],[-79.531662,8.951535],[-79.531673,8.951536],[-79.531675,8.951388],[-79.531736,8.951389],[-79.531738,8.951374],[-79.531754,8.951375],[-79.53175,8.951581],[-79.531863,8.951583],[-79.531864,8.951568],[-79.531985,8.95157],[-79.531982,8.951729],[-79.531999,8.95173],[-79.531998,8.95179]]]}},{"type":"Feature","properties":{"name":null},"geometry":{"type":"Polygon","coordinates":[[[-79.542776,8.961624],[-79.54267,8.961647],[-79.542729,8.961747],[-79.542776,8.96174],[-79.542776,8.961624]]]}},{"type":"Feature","properties":{"name":null},"geometry":{"type":"Polygon","coordinates":[[[-79.542502,8.962113],[-79.542501,8.962014],[-79.542299,8.962016],[-79.5423,8.962056],[-79.542269,8.962056],[-79.54227,8.962115],[-79.542502,8.962113]]]}},{"type":"Feature","properties":{"name":null},"geometry":{"type":"Polygon","coordinates":[[[-79.541923,8.96233],[-79.541925,8.962591],[-79.541863,8.962592],[-79.541853,8.962214],[-79.541913,8.962216],[-79.541914,8.962331],[-79.541923,8.96233]]]}},{"type":"Feature","properties":{"name":null},"geometry":{"type":"Polygon","coordinates":[[[-79.549044,8.966287],[-79.549021,8.966287],[-79.549021,8.966324],[-79.549045,8.966324],[-79.549044,8.966287]]]}},{"type":"Feature","properties":{"name":null},"geometry":{"type":"Polygon","coordinates":[[[-79.536734,8.959289],[-79.536755,8.959226],[-79.536675,8.9592],[-79.536654,8.959263],[-79.536734,8.959289]]]}},{"type":"Feature","properties":{"name":null},"geometry":{"type":"Polygon","coordinates":[[[-79.537832,8.958969],[-79.537715,8.958941],[-79.537743,8.958825],[-79.537756,8.958772],[-79.537873,8.958799],[-79.537832,8.958969]]]}},{"type":"Feature","properties":{"name":null},"geometry":{"type":"Polygon","coordinates":[[[-79.544538,8.963132],[-79.544243,8.963145],[-79.544238,8.963027],[-79.544533,8.963014],[-79.544538,8.963132]]]}},{"type":"Feature","properties":{"name":null},"geometry":{"type":"Polygon","coordinates":[[[-79.544552,8.963395],[-79.544257,8.963407],[-79.544252,8.963289],[-79.544547,8.963277],[-79.544552,8.963395]]]}},{"type":"Feature","properties":{"name":null},"geometry":{"type":"Polygon","coordinates":[[[-79.544563,8.963646],[-79.544212,8.963658],[-79.544207,8.96354],[-79.544558,8.963527],[-79.544563,8.963646]]]}},{"type":"Feature","properties":{"name":"Sección de Homicidios/Femicidios Ministerio Público"},"geometry":{"type":"Polygon","coordinates":[[[-79.545168,8.965429],[-79.54517,8.965593],[-79.54532,8.965592],[-79.545319,8.965428],[-79.545168,8.965429]]]}},{"type":"Feature","properties":{"name":null},"geometry":{"type":"Polygon","coordinates":[[[-79.545004,8.96559],[-79.545002,8.965431],[-79.545168,8.965429],[-79.54517,8.965593],[-79.54517,8.965635],[-79.545004,8.96559]]]}},{"type":"Feature","properties":{"name":null},"geometry":{"type":"Polygon","coordinates":[[[-79.534867,8.950973],[-79.534864,8.951007],[-79.534627,8.950986],[-79.53463,8.950953],[-79.534867,8.950973]]]}},{"type":"Feature","properties":{"name":null},"geometry":{"type":"Polygon","coordinates":[[[-79.543766,8.950166],[-79.543695,8.950165],[-79.543697,8.950061],[-79.54368,8.950061],[-79.543679,8.950165],[-79.543609,8.950164],[-79.543613,8.949882],[-79.543683,8.949883],[-79.543681,8.94999],[-79.543698,8.94999],[-79.543699,8.949883],[-79.543771,8.949884],[-79.543766,8.950166]]]}},{"type":"Feature","properties":{"name":null},"geometry":{"type":"Polygon","coordinates":[[[-79.543916,8.949769],[-79.543795,8.949795],[-79.543813,8.949875],[-79.543779,8.949883],[-79.54381,8.950022],[-79.543905,8.950002],[-79.54396,8.949972],[-79.543916,8.949769]]]}},{"type":"Feature","properties":{"name":null},"geometry":{"type":"Polygon","coordinates":[[[-79.545517,8.949923],[-79.545512,8.949993],[-79.545407,8.949986],[-79.545405,8.950002],[-79.54551,8.950009],[-79.545505,8.950078],[-79.54522,8.950057],[-79.545225,8.949988],[-79.545334,8.949996],[-79.545335,8.94998],[-79.545227,8.949972],[-79.545232,8.949902],[-79.545517,8.949923]]]}},{"type":"Feature","properties":{"name":null},"geometry":{"type":"Polygon","coordinates":[[[-79.545467,8.950537],[-79.545462,8.950607],[-79.545357,8.9506],[-79.545356,8.950616],[-79.545461,8.950623],[-79.545456,8.950692],[-79.545171,8.950671],[-79.545176,8.950602],[-79.545284,8.95061],[-79.545286,8.950594],[-79.545177,8.950586],[-79.545182,8.950516],[-79.545467,8.950537]]]}},{"type":"Feature","properties":{"name":null},"geometry":{"type":"Polygon","coordinates":[[[-79.545452,8.950729],[-79.545446,8.950799],[-79.545341,8.950791],[-79.54534,8.950807],[-79.545445,8.950815],[-79.54544,8.950884],[-79.545155,8.950863],[-79.54516,8.950794],[-79.545269,8.950802],[-79.54527,8.950786],[-79.545162,8.950778],[-79.545167,8.950708],[-79.545452,8.950729]]]}},{"type":"Feature","properties":{"name":null},"geometry":{"type":"Polygon","coordinates":[[[-79.543745,8.951625],[-79.543674,8.951624],[-79.543676,8.95152],[-79.54366,8.95152],[-79.543658,8.951624],[-79.543588,8.951623],[-79.543592,8.95134],[-79.543662,8.951341],[-79.543661,8.951449],[-79.543677,8.951449],[-79.543679,8.951342],[-79.54375,8.951343],[-79.543745,8.951625]]]}},{"type":"Feature","properties":{"name":null},"geometry":{"type":"Polygon","coordinates":[[[-79.543533,8.951305],[-79.543534,8.951235],[-79.54364,8.951237],[-79.54364,8.951222],[-79.543534,8.951221],[-79.543535,8.951148],[-79.543788,8.951151],[-79.543787,8.951224],[-79.543719,8.951223],[-79.543719,8.951238],[-79.543787,8.951239],[-79.543786,8.951308],[-79.543533,8.951305]]]}},{"type":"Feature","properties":{"name":null},"geometry":{"type":"Polygon","coordinates":[[[-79.543167,8.950899],[-79.543196,8.950962],[-79.543099,8.951005],[-79.543105,8.951018],[-79.543202,8.950976],[-79.543232,8.951042],[-79.543001,8.951144],[-79.542971,8.951077],[-79.543033,8.95105],[-79.543027,8.951037],[-79.542965,8.951064],[-79.542936,8.951001],[-79.543167,8.950899]]]}},{"type":"Feature","properties":{"name":null},"geometry":{"type":"Polygon","coordinates":[[[-79.545791,8.951722],[-79.545538,8.951704],[-79.545548,8.951572],[-79.545801,8.951589],[-79.545791,8.951722]]]}},{"type":"Feature","properties":{"name":null},"geometry":{"type":"Polygon","coordinates":[[[-79.54595,8.951596],[-79.545637,8.951571],[-79.545647,8.951437],[-79.545954,8.95149],[-79.54595,8.951596]]]}},{"type":"Feature","properties":{"name":null},"geometry":{"type":"Polygon","coordinates":[[[-79.546,8.951608],[-79.545811,8.951595],[-79.545802,8.951714],[-79.545992,8.951728],[-79.546,8.951608]]]}},{"type":"Feature","properties":{"name":null},"geometry":{"type":"Polygon","coordinates":[[[-79.546754,8.948999],[-79.546679,8.948993],[-79.546687,8.948887],[-79.546672,8.948886],[-79.546664,8.948992],[-79.546587,8.948986],[-79.546609,8.948704],[-79.546686,8.94871],[-79.546678,8.948814],[-79.546693,8.948816],[-79.546701,8.948711],[-79.546776,8.948717],[-79.546754,8.948999]]]}},{"type":"Feature","properties":{"name":null},"geometry":{"type":"Polygon","coordinates":[[[-79.547228,8.949044],[-79.547153,8.949038],[-79.547161,8.948932],[-79.547146,8.948931],[-79.547138,8.949037],[-79.547061,8.949031],[-79.547083,8.94875],[-79.54716,8.948755],[-79.547152,8.94886],[-79.547167,8.948861],[-79.547175,8.948757],[-79.54725,8.948762],[-79.547228,8.949044]]]}},{"type":"Feature","properties":{"name":null},"geometry":{"type":"Polygon","coordinates":[[[-79.547656,8.948691],[-79.547581,8.948685],[-79.547589,8.948579],[-79.547574,8.948578],[-79.547566,8.948684],[-79.547488,8.948678],[-79.547511,8.948396],[-79.547588,8.948402],[-79.547579,8.948506],[-79.547594,8.948508],[-79.547603,8.948403],[-79.547678,8.948409],[-79.547656,8.948691]]]}},{"type":"Feature","properties":{"name":null},"geometry":{"type":"Polygon","coordinates":[[[-79.547911,8.948709],[-79.547835,8.948703],[-79.547844,8.948597],[-79.547829,8.948596],[-79.547821,8.948702],[-79.547743,8.948696],[-79.547765,8.948415],[-79.547843,8.94842],[-79.547834,8.948525],[-79.547849,8.948526],[-79.547857,8.948422],[-79.547933,8.948427],[-79.547911,8.948709]]]}},{"type":"Feature","properties":{"name":null},"geometry":{"type":"Polygon","coordinates":[[[-79.545335,8.949343],[-79.54526,8.949337],[-79.545268,8.949231],[-79.545253,8.94923],[-79.545245,8.949336],[-79.545167,8.94933],[-79.54519,8.949049],[-79.545267,8.949055],[-79.545258,8.949159],[-79.545273,8.94916],[-79.545282,8.949056],[-79.545357,8.949061],[-79.545335,8.949343]]]}},{"type":"Feature","properties":{"name":null},"geometry":{"type":"Polygon","coordinates":[[[-79.545603,8.948872],[-79.545532,8.948896],[-79.545497,8.948795],[-79.545483,8.9488],[-79.545517,8.948901],[-79.545444,8.948925],[-79.545352,8.948658],[-79.545425,8.948633],[-79.545459,8.948732],[-79.545474,8.948727],[-79.54544,8.948628],[-79.545511,8.948604],[-79.545603,8.948872]]]}},{"type":"Feature","properties":{"name":null},"geometry":{"type":"Polygon","coordinates":[[[-79.545392,8.948941],[-79.54532,8.948965],[-79.545286,8.948864],[-79.545272,8.948869],[-79.545306,8.94897],[-79.545233,8.948994],[-79.545141,8.948727],[-79.545214,8.948702],[-79.545248,8.948801],[-79.545263,8.948797],[-79.545228,8.948698],[-79.5453,8.948674],[-79.545392,8.948941]]]}},{"type":"Feature","properties":{"name":"Parroquia Nuestra Señora de Fátima"},"geometry":{"type":"Polygon","coordinates":[[[-79.54811,8.94807],[-79.548096,8.948271],[-79.54822,8.94828],[-79.548408,8.948293],[-79.54841,8.948265],[-79.548461,8.948269],[-79.548465,8.948212],[-79.548452,8.948211],[-79.54846,8.948095],[-79.54811,8.94807]]]}},{"type":"Feature","properties":{"name":null},"geometry":{"type":"Polygon","coordinates":[[[-79.548496,8.948272],[-79.548655,8.948283],[-79.548659,8.948283],[-79.548672,8.948109],[-79.54846,8.948095],[-79.548452,8.948211],[-79.548465,8.948212],[-79.5485,8.948214],[-79.548496,8.948272]]]}},{"type":"Feature","properties":{"name":null},"geometry":{"type":"Polygon","coordinates":[[[-79.548691,8.947927],[-79.548608,8.947921],[-79.548594,8.948091],[-79.548677,8.948098],[-79.548691,8.947927]]]}},{"type":"Feature","properties":{"name":null},"geometry":{"type":"Polygon","coordinates":[[[-79.548589,8.948091],[-79.548596,8.948009],[-79.548191,8.947977],[-79.548184,8.948059],[-79.548589,8.948091]]]}},{"type":"Feature","properties":{"name":null},"geometry":{"type":"Polygon","coordinates":[[[-79.548191,8.947965],[-79.548198,8.947885],[-79.548603,8.947917],[-79.548597,8.947998],[-79.548191,8.947965]]]}},{"type":"Feature","properties":{"name":null},"geometry":{"type":"Polygon","coordinates":[[[-79.548179,8.948056],[-79.548102,8.94805],[-79.548116,8.947879],[-79.548193,8.947886],[-79.548179,8.948056]]]}},{"type":"Feature","properties":{"name":null},"geometry":{"type":"Polygon","coordinates":[[[-79.54869,8.947913],[-79.548406,8.947893],[-79.548412,8.94781],[-79.548505,8.947817],[-79.548505,8.947829],[-79.548695,8.947842],[-79.54869,8.947913]]]}},{"type":"Feature","properties":{"name":null},"geometry":{"type":"Polygon","coordinates":[[[-79.548124,8.947868],[-79.548129,8.947793],[-79.548379,8.947812],[-79.548373,8.947886],[-79.548124,8.947868]]]}},{"type":"Feature","properties":{"name":null},"geometry":{"type":"Polygon","coordinates":[[[-79.548396,8.947801],[-79.548127,8.947781],[-79.548134,8.947694],[-79.548403,8.947715],[-79.548396,8.947801]]]}},{"type":"Feature","properties":{"name":null},"geometry":{"type":"Polygon","coordinates":[[[-79.548096,8.948271],[-79.548083,8.948445],[-79.548208,8.948454],[-79.548208,8.948446],[-79.54822,8.94828],[-79.548096,8.948271]]]}},{"type":"Feature","properties":{"name":null},"geometry":{"type":"Polygon","coordinates":[[[-79.548208,8.948446],[-79.548305,8.948453],[-79.548299,8.94853],[-79.548435,8.948539],[-79.548483,8.948542],[-79.548494,8.94839],[-79.54854,8.948393],[-79.548543,8.948354],[-79.548405,8.948345],[-79.548408,8.948293],[-79.54822,8.94828],[-79.548208,8.948446]]]}},{"type":"Feature","properties":{"name":null},"geometry":{"type":"Polygon","coordinates":[[[-79.548483,8.948542],[-79.548605,8.948549],[-79.548586,8.948813],[-79.548418,8.948802],[-79.548435,8.948539],[-79.548483,8.948542]]]}},{"type":"Feature","properties":{"name":null},"geometry":{"type":"Polygon","coordinates":[[[-79.548605,8.948549],[-79.548636,8.948552],[-79.548647,8.9484],[-79.54854,8.948393],[-79.548494,8.94839],[-79.548483,8.948542],[-79.548605,8.948549]]]}},{"type":"Feature","properties":{"name":null},"geometry":{"type":"Polygon","coordinates":[[[-79.548647,8.9484],[-79.548655,8.948283],[-79.548496,8.948272],[-79.5485,8.948214],[-79.548465,8.948212],[-79.548461,8.948269],[-79.54841,8.948265],[-79.548408,8.948293],[-79.548405,8.948345],[-79.548543,8.948354],[-79.54854,8.948393],[-79.548647,8.9484]]]}},{"type":"Feature","properties":{"name":null},"geometry":{"type":"Polygon","coordinates":[[[-79.548041,8.949743],[-79.548167,8.949751],[-79.548171,8.949702],[-79.548172,8.949682],[-79.548138,8.94968],[-79.548045,8.949674],[-79.548041,8.949743]]]}},{"type":"Feature","properties":{"name":null},"geometry":{"type":"Polygon","coordinates":[[[-79.545059,8.954425],[-79.544919,8.954412],[-79.5449,8.954616],[-79.54504,8.954629],[-79.545059,8.954425]]]}},{"type":"Feature","properties":{"name":null},"geometry":{"type":"Polygon","coordinates":[[[-79.545038,8.954664],[-79.544833,8.954643],[-79.544819,8.954781],[-79.545024,8.954802],[-79.545038,8.954664]]]}},{"type":"Feature","properties":{"name":null},"geometry":{"type":"Polygon","coordinates":[[[-79.544883,8.954527],[-79.544885,8.954492],[-79.544852,8.95447],[-79.544818,8.954488],[-79.544816,8.954524],[-79.544849,8.954545],[-79.544883,8.954527]]]}},{"type":"Feature","properties":{"name":null},"geometry":{"type":"Polygon","coordinates":[[[-79.545263,8.954831],[-79.545286,8.95465],[-79.545073,8.954635],[-79.545051,8.95483],[-79.545058,8.954831],[-79.545262,8.954844],[-79.545263,8.954831]]]}},{"type":"Feature","properties":{"name":null},"geometry":{"type":"Polygon","coordinates":[[[-79.545438,8.954537],[-79.545413,8.954534],[-79.545406,8.95459],[-79.54543,8.954593],[-79.545438,8.954537]]]}},{"type":"Feature","properties":{"name":null},"geometry":{"type":"Polygon","coordinates":[[[-79.545666,8.954907],[-79.545646,8.954906],[-79.545509,8.954895],[-79.545498,8.95502],[-79.545656,8.955033],[-79.545666,8.954907]]]}},{"type":"Feature","properties":{"name":"Residencia Ancon"},"geometry":{"type":"Polygon","coordinates":[[[-79.545009,8.956044],[-79.544962,8.95601],[-79.544953,8.956013],[-79.544909,8.955981],[-79.544712,8.956246],[-79.544699,8.956237],[-79.544654,8.956297],[-79.544762,8.956376],[-79.545009,8.956044]]]}},{"type":"Feature","properties":{"name":null},"geometry":{"type":"Polygon","coordinates":[[[-79.545902,8.952176],[-79.545913,8.952078],[-79.545959,8.952083],[-79.545948,8.952181],[-79.545902,8.952176]]]}},{"type":"Feature","properties":{"name":null},"geometry":{"type":"Polygon","coordinates":[[[-79.545801,8.952026],[-79.545805,8.95199],[-79.545968,8.952008],[-79.545974,8.951952],[-79.545791,8.951932],[-79.545781,8.952024],[-79.545801,8.952026]]]}},{"type":"Feature","properties":{"name":null},"geometry":{"type":"Polygon","coordinates":[[[-79.546102,8.95457],[-79.545962,8.954443],[-79.546048,8.95435],[-79.546143,8.954436],[-79.546136,8.954444],[-79.546161,8.954467],[-79.546154,8.954474],[-79.546165,8.954483],[-79.546123,8.954528],[-79.546133,8.954537],[-79.546102,8.95457]]]}},{"type":"Feature","properties":{"name":null},"geometry":{"type":"Polygon","coordinates":[[[-79.545955,8.954402],[-79.545851,8.954314],[-79.545911,8.954244],[-79.546015,8.954332],[-79.545955,8.954402]]]}},{"type":"Feature","properties":{"name":null},"geometry":{"type":"Polygon","coordinates":[[[-79.542998,8.955893],[-79.543067,8.955905],[-79.54311,8.955662],[-79.543041,8.95565],[-79.543014,8.955802],[-79.542998,8.955893]]]}},{"type":"Feature","properties":{"name":null},"geometry":{"type":"Polygon","coordinates":[[[-79.543476,8.955938],[-79.543469,8.955933],[-79.543404,8.955885],[-79.543314,8.955818],[-79.543296,8.955926],[-79.543417,8.956016],[-79.543476,8.955938]]]}},{"type":"Feature","properties":{"name":"Casa Arcangel"},"geometry":{"type":"Polygon","coordinates":[[[-79.543406,8.956031],[-79.543229,8.955906],[-79.543182,8.95597],[-79.543182,8.95601],[-79.54334,8.956121],[-79.543406,8.956031]]]}},{"type":"Feature","properties":{"name":null},"geometry":{"type":"Polygon","coordinates":[[[-79.542936,8.956095],[-79.542851,8.956059],[-79.542788,8.956237],[-79.54286,8.956256],[-79.542936,8.956095]]]}},{"type":"Feature","properties":{"name":null},"geometry":{"type":"Polygon","coordinates":[[[-79.544466,8.956301],[-79.544259,8.956151],[-79.544177,8.956262],[-79.544384,8.956411],[-79.544466,8.956301]]]}},{"type":"Feature","properties":{"name":null},"geometry":{"type":"Polygon","coordinates":[[[-79.54417,8.956596],[-79.544021,8.956485],[-79.543961,8.956565],[-79.544109,8.956676],[-79.54417,8.956596]]]}},{"type":"Feature","properties":{"name":null},"geometry":{"type":"Polygon","coordinates":[[[-79.543766,8.956733],[-79.543632,8.956914],[-79.543823,8.957057],[-79.543959,8.956883],[-79.543766,8.956733]]]}},{"type":"Feature","properties":{"name":null},"geometry":{"type":"Polygon","coordinates":[[[-79.544336,8.956795],[-79.544234,8.956932],[-79.544214,8.956918],[-79.544186,8.956956],[-79.544205,8.95697],[-79.544187,8.956995],[-79.544275,8.957059],[-79.544424,8.956859],[-79.544336,8.956795]]]}},{"type":"Feature","properties":{"name":null},"geometry":{"type":"Polygon","coordinates":[[[-79.538234,8.96536],[-79.53851,8.964886],[-79.538175,8.964695],[-79.538138,8.964758],[-79.538085,8.964727],[-79.538121,8.964665],[-79.537704,8.964427],[-79.537428,8.964902],[-79.537845,8.965139],[-79.537882,8.965076],[-79.537935,8.965106],[-79.537899,8.965169],[-79.538234,8.96536]]]}},{"type":"Feature","properties":{"name":null},"geometry":{"type":"Polygon","coordinates":[[[-79.542652,8.952258],[-79.542589,8.952097],[-79.542515,8.952125],[-79.542578,8.952286],[-79.542652,8.952258]]]}},{"type":"Feature","properties":{"name":null},"geometry":{"type":"Polygon","coordinates":[[[-79.543664,8.953707],[-79.543618,8.953625],[-79.543662,8.953601],[-79.543708,8.953683],[-79.543664,8.953707]]]}},{"type":"Feature","properties":{"name":"Iglesia Escuadrones del Ejercito de Dios"},"geometry":{"type":"Polygon","coordinates":[[[-79.542542,8.95383],[-79.542531,8.953787],[-79.542514,8.953791],[-79.542344,8.953831],[-79.542317,8.953838],[-79.542327,8.953881],[-79.542542,8.95383]]]}},{"type":"Feature","properties":{"name":null},"geometry":{"type":"Polygon","coordinates":[[[-79.541579,8.954563],[-79.541411,8.954583],[-79.541409,8.954568],[-79.541333,8.954577],[-79.541335,8.954593],[-79.541167,8.954612],[-79.541158,8.954544],[-79.541194,8.954539],[-79.541193,8.954527],[-79.5413,8.954514],[-79.541298,8.954497],[-79.541419,8.954482],[-79.541422,8.9545],[-79.541531,8.954487],[-79.541533,8.954499],[-79.541571,8.954495],[-79.541579,8.954563]]]}},{"type":"Feature","properties":{"name":null},"geometry":{"type":"Polygon","coordinates":[[[-79.543569,8.954875],[-79.543488,8.954884],[-79.543502,8.955004],[-79.543582,8.954996],[-79.543569,8.954875]]]}},{"type":"Feature","properties":{"name":null},"geometry":{"type":"Polygon","coordinates":[[[-79.543485,8.955004],[-79.543471,8.954888],[-79.543394,8.954896],[-79.543408,8.955013],[-79.543485,8.955004]]]}},{"type":"Feature","properties":{"name":"Sub Estacion Policial De Santa Ana"},"geometry":{"type":"Polygon","coordinates":[[[-79.543726,8.955557],[-79.543607,8.955535],[-79.543594,8.955604],[-79.543714,8.955625],[-79.543726,8.955557]]]}},{"type":"Feature","properties":{"name":null},"geometry":{"type":"Polygon","coordinates":[[[-79.544345,8.95608],[-79.544236,8.956016],[-79.544276,8.955951],[-79.544384,8.956016],[-79.544345,8.95608]]]}},{"type":"Feature","properties":{"name":null},"geometry":{"type":"Polygon","coordinates":[[[-79.540985,8.955196],[-79.540982,8.955267],[-79.540877,8.955262],[-79.540876,8.955278],[-79.540981,8.955283],[-79.540978,8.955352],[-79.540693,8.955339],[-79.540696,8.95527],[-79.540805,8.955275],[-79.540805,8.955259],[-79.540697,8.955254],[-79.5407,8.955184],[-79.540985,8.955196]]]}},{"type":"Feature","properties":{"name":null},"geometry":{"type":"Polygon","coordinates":[[[-79.541278,8.95521],[-79.541274,8.95528],[-79.541169,8.955275],[-79.541168,8.955291],[-79.541274,8.955296],[-79.541271,8.955365],[-79.540985,8.955352],[-79.540988,8.955283],[-79.541097,8.955288],[-79.541098,8.955272],[-79.540989,8.955267],[-79.540992,8.955197],[-79.541278,8.95521]]]}},{"type":"Feature","properties":{"name":null},"geometry":{"type":"Polygon","coordinates":[[[-79.542037,8.955263],[-79.542047,8.955381],[-79.542118,8.955375],[-79.542122,8.955375],[-79.542119,8.955332],[-79.542107,8.955333],[-79.5421,8.955258],[-79.542037,8.955263]]]}},{"type":"Feature","properties":{"name":null},"geometry":{"type":"Polygon","coordinates":[[[-79.542047,8.955381],[-79.542057,8.955489],[-79.542061,8.955488],[-79.542128,8.955482],[-79.542118,8.955375],[-79.542047,8.955381]]]}},{"type":"Feature","properties":{"name":null},"geometry":{"type":"Polygon","coordinates":[[[-79.542061,8.955488],[-79.542071,8.955592],[-79.542137,8.955586],[-79.542128,8.955482],[-79.542061,8.955488]]]}},{"type":"Feature","properties":{"name":null},"geometry":{"type":"Polygon","coordinates":[[[-79.542564,8.955496],[-79.542407,8.955513],[-79.542413,8.955564],[-79.542415,8.955578],[-79.542533,8.955565],[-79.542531,8.955549],[-79.54257,8.955545],[-79.542564,8.955496]]]}},{"type":"Feature","properties":{"name":null},"geometry":{"type":"Polygon","coordinates":[[[-79.54266,8.955483],[-79.542645,8.955367],[-79.542684,8.955362],[-79.5427,8.955464],[-79.542683,8.955467],[-79.542684,8.95548],[-79.54266,8.955483]]]}},{"type":"Feature","properties":{"name":null},"geometry":{"type":"Polygon","coordinates":[[[-79.540283,8.955242],[-79.539867,8.955242],[-79.539872,8.955302],[-79.540081,8.955301],[-79.540083,8.955369],[-79.540092,8.955369],[-79.540285,8.955365],[-79.540283,8.955242]]]}},{"type":"Feature","properties":{"name":"Edificio Chitre"},"geometry":{"type":"Polygon","coordinates":[[[-79.539974,8.955557],[-79.539892,8.955562],[-79.539902,8.955704],[-79.539984,8.955698],[-79.539974,8.955557]]]}},{"type":"Feature","properties":{"name":null},"geometry":{"type":"Polygon","coordinates":[[[-79.539887,8.955499],[-79.539892,8.955562],[-79.539974,8.955557],[-79.540017,8.955553],[-79.540012,8.95549],[-79.539887,8.955499]]]}},{"type":"Feature","properties":{"name":null},"geometry":{"type":"Polygon","coordinates":[[[-79.540118,8.955686],[-79.540117,8.955671],[-79.54011,8.955596],[-79.540106,8.955597],[-79.540102,8.955548],[-79.540096,8.955483],[-79.540012,8.95549],[-79.540017,8.955553],[-79.540049,8.955551],[-79.54006,8.955692],[-79.540118,8.955686]]]}},{"type":"Feature","properties":{"name":null},"geometry":{"type":"Polygon","coordinates":[[[-79.540582,8.955378],[-79.540583,8.955333],[-79.540504,8.955331],[-79.540503,8.955377],[-79.540582,8.955378]]]}},{"type":"Feature","properties":{"name":null},"geometry":{"type":"Polygon","coordinates":[[[-79.541246,8.955063],[-79.54124,8.955178],[-79.54116,8.955175],[-79.541161,8.955153],[-79.541141,8.955152],[-79.54114,8.955174],[-79.541063,8.95517],[-79.541069,8.955054],[-79.541146,8.955058],[-79.541144,8.955087],[-79.541165,8.955088],[-79.541166,8.955059],[-79.541246,8.955063]]]}},{"type":"Feature","properties":{"name":null},"geometry":{"type":"Polygon","coordinates":[[[-79.541124,8.954745],[-79.541068,8.954739],[-79.541068,8.954733],[-79.540958,8.954721],[-79.540957,8.954729],[-79.540901,8.954724],[-79.540885,8.954888],[-79.54094,8.954893],[-79.540939,8.9549],[-79.54105,8.954911],[-79.541051,8.954904],[-79.541109,8.954909],[-79.541124,8.954745]]]}},{"type":"Feature","properties":{"name":null},"geometry":{"type":"Polygon","coordinates":[[[-79.541597,8.954707],[-79.541429,8.954727],[-79.541431,8.954743],[-79.541354,8.954751],[-79.541353,8.954736],[-79.541185,8.954757],[-79.541193,8.954825],[-79.541229,8.954821],[-79.541231,8.954833],[-79.541338,8.95482],[-79.54134,8.954838],[-79.541461,8.954824],[-79.541459,8.954806],[-79.541569,8.954793],[-79.541567,8.95478],[-79.541606,8.954776],[-79.541597,8.954707]]]}},{"type":"Feature","properties":{"name":null},"geometry":{"type":"Polygon","coordinates":[[[-79.541612,8.954841],[-79.541444,8.954862],[-79.541446,8.954877],[-79.54137,8.954886],[-79.541368,8.954871],[-79.5412,8.954891],[-79.541209,8.95496],[-79.541244,8.954956],[-79.541246,8.954968],[-79.541353,8.954955],[-79.541355,8.954973],[-79.541477,8.954958],[-79.541475,8.95494],[-79.541584,8.954927],[-79.541583,8.954915],[-79.541621,8.95491],[-79.541612,8.954841]]]}},{"type":"Feature","properties":{"name":"Alfa Omega"},"geometry":{"type":"Polygon","coordinates":[[[-79.540883,8.954483],[-79.540886,8.954427],[-79.540893,8.954428],[-79.540901,8.954318],[-79.540893,8.954318],[-79.540897,8.954262],[-79.54073,8.954252],[-79.540727,8.954306],[-79.54072,8.954305],[-79.540712,8.954415],[-79.54072,8.954415],[-79.540716,8.954473],[-79.540883,8.954483]]]}},{"type":"Feature","properties":{"name":null},"geometry":{"type":"Polygon","coordinates":[[[-79.541125,8.954457],[-79.541068,8.954454],[-79.541068,8.954447],[-79.540958,8.95444],[-79.540957,8.954447],[-79.540901,8.954444],[-79.540891,8.954609],[-79.540946,8.954612],[-79.540946,8.954619],[-79.541056,8.954626],[-79.541057,8.954618],[-79.541115,8.954622],[-79.541125,8.954457]]]}},{"type":"Feature","properties":{"name":null},"geometry":{"type":"Polygon","coordinates":[[[-79.541444,8.955086],[-79.541439,8.954994],[-79.54127,8.955004],[-79.541265,8.955147],[-79.541389,8.95513],[-79.541387,8.95509],[-79.541444,8.955086]]]}},{"type":"Feature","properties":{"name":"Torre 9"},"geometry":{"type":"Polygon","coordinates":[[[-79.540061,8.950504],[-79.540022,8.950386],[-79.539973,8.950402],[-79.539989,8.950451],[-79.539957,8.950461],[-79.539941,8.950412],[-79.539863,8.950438],[-79.539879,8.950487],[-79.539847,8.950497],[-79.53983,8.950448],[-79.539783,8.950464],[-79.539823,8.950582],[-79.53987,8.950567],[-79.539872,8.950573],[-79.540015,8.950527],[-79.540012,8.95052],[-79.540061,8.950504]]]}},{"type":"Feature","properties":{"name":"Torre 10"},"geometry":{"type":"Polygon","coordinates":[[[-79.53994,8.950142],[-79.539979,8.95026],[-79.53993,8.950276],[-79.539914,8.950227],[-79.539882,8.950237],[-79.539898,8.950286],[-79.53982,8.950312],[-79.539804,8.950263],[-79.539771,8.950273],[-79.539787,8.950322],[-79.53974,8.950338],[-79.539701,8.950219],[-79.539748,8.950204],[-79.539746,8.950197],[-79.539888,8.950151],[-79.539891,8.950158],[-79.53994,8.950142]]]}},{"type":"Feature","properties":{"name":"Torre 8"},"geometry":{"type":"Polygon","coordinates":[[[-79.540055,8.950167],[-79.540175,8.950129],[-79.540191,8.950177],[-79.540141,8.950193],[-79.540151,8.950224],[-79.540201,8.950208],[-79.540227,8.950285],[-79.540177,8.950301],[-79.540188,8.950334],[-79.540237,8.950318],[-79.540253,8.950364],[-79.540133,8.950403],[-79.540118,8.950356],[-79.540111,8.950359],[-79.540064,8.950218],[-79.540071,8.950215],[-79.540055,8.950167]]]}},{"type":"Feature","properties":{"name":"Torre 7"},"geometry":{"type":"Polygon","coordinates":[[[-79.540373,8.950062],[-79.540253,8.950101],[-79.540269,8.950149],[-79.540319,8.950133],[-79.540329,8.950164],[-79.540279,8.95018],[-79.540305,8.950257],[-79.540355,8.950241],[-79.540365,8.950274],[-79.540316,8.95029],[-79.540331,8.950336],[-79.540451,8.950297],[-79.540373,8.950062]]]}},{"type":"Feature","properties":{"name":"Torre 4"},"geometry":{"type":"Polygon","coordinates":[[[-79.540805,8.94992],[-79.540925,8.949881],[-79.540941,8.949929],[-79.540891,8.949945],[-79.540902,8.949977],[-79.540951,8.94996],[-79.540977,8.950037],[-79.540927,8.950054],[-79.540938,8.950086],[-79.540988,8.95007],[-79.541003,8.950116],[-79.540884,8.950155],[-79.540805,8.94992]]]}},{"type":"Feature","properties":{"name":"Torre 1"},"geometry":{"type":"Polygon","coordinates":[[[-79.541516,8.950033],[-79.541477,8.949914],[-79.541428,8.94993],[-79.541445,8.949979],[-79.541413,8.94999],[-79.541396,8.949941],[-79.541318,8.949966],[-79.541335,8.950015],[-79.541302,8.950026],[-79.541286,8.949977],[-79.541238,8.949992],[-79.541278,8.95011],[-79.541325,8.950095],[-79.541327,8.950101],[-79.54147,8.950055],[-79.541468,8.950048],[-79.541516,8.950033]]]}},{"type":"Feature","properties":{"name":"Torre 2"},"geometry":{"type":"Polygon","coordinates":[[[-79.541395,8.94967],[-79.541434,8.949788],[-79.541385,8.949804],[-79.541369,8.949755],[-79.541337,8.949765],[-79.541353,8.949814],[-79.541275,8.94984],[-79.541259,8.949791],[-79.541226,8.949801],[-79.541243,8.94985],[-79.541195,8.949866],[-79.541156,8.949747],[-79.541203,8.949732],[-79.541201,8.949726],[-79.541344,8.949679],[-79.541346,8.949686],[-79.541395,8.94967]]]}},{"type":"Feature","properties":{"name":"Torre 3"},"geometry":{"type":"Polygon","coordinates":[[[-79.541113,8.949826],[-79.540993,8.949865],[-79.541009,8.949913],[-79.541059,8.949897],[-79.541069,8.949928],[-79.541019,8.949944],[-79.541045,8.950021],[-79.541095,8.950005],[-79.541105,8.950038],[-79.541056,8.950054],[-79.541071,8.9501],[-79.541191,8.950062],[-79.541175,8.950015],[-79.541182,8.950013],[-79.541135,8.949872],[-79.541128,8.949874],[-79.541113,8.949826]]]}},{"type":"Feature","properties":{"name":"Torre 6"},"geometry":{"type":"Polygon","coordinates":[[[-79.540719,8.949885],[-79.540758,8.950004],[-79.54071,8.950019],[-79.540693,8.94997],[-79.540661,8.949981],[-79.540678,8.95003],[-79.5406,8.950055],[-79.540583,8.950006],[-79.540551,8.950017],[-79.540567,8.950066],[-79.54052,8.950081],[-79.54048,8.949963],[-79.540719,8.949885]]]}},{"type":"Feature","properties":{"name":"Torre 5"},"geometry":{"type":"Polygon","coordinates":[[[-79.540841,8.950248],[-79.540801,8.95013],[-79.540753,8.950145],[-79.540769,8.950195],[-79.540737,8.950205],[-79.540721,8.950156],[-79.540643,8.950181],[-79.540659,8.95023],[-79.540626,8.950241],[-79.54061,8.950192],[-79.540563,8.950207],[-79.540602,8.950325],[-79.540841,8.950248]]]}},{"type":"Feature","properties":{"name":"Edificio Mara Maria"},"geometry":{"type":"Polygon","coordinates":[[[-79.543476,8.956237],[-79.543523,8.956271],[-79.543513,8.956285],[-79.543632,8.956371],[-79.543642,8.956358],[-79.543662,8.956373],[-79.543589,8.956472],[-79.543489,8.956399],[-79.543491,8.956396],[-79.543451,8.956368],[-79.543443,8.956379],[-79.543396,8.956345],[-79.543416,8.956318],[-79.543431,8.956329],[-79.54347,8.956277],[-79.543455,8.956266],[-79.543476,8.956237]]]}},{"type":"Feature","properties":{"name":"Edificio Carmen Elena"},"geometry":{"type":"Polygon","coordinates":[[[-79.543556,8.95613],[-79.543603,8.956164],[-79.543593,8.956178],[-79.543711,8.956263],[-79.54372,8.956249],[-79.543741,8.956264],[-79.543666,8.956365],[-79.543567,8.956293],[-79.54357,8.956289],[-79.543531,8.956261],[-79.543523,8.956271],[-79.543476,8.956237],[-79.543497,8.956209],[-79.543511,8.956219],[-79.543549,8.956168],[-79.543535,8.956158],[-79.543556,8.95613]]]}},{"type":"Feature","properties":{"name":"Edificio David Ricardo"},"geometry":{"type":"Polygon","coordinates":[[[-79.543635,8.956023],[-79.543682,8.956057],[-79.543673,8.956068],[-79.543717,8.9561],[-79.543712,8.956105],[-79.543788,8.956161],[-79.543803,8.95614],[-79.543826,8.956157],[-79.543748,8.956262],[-79.543645,8.956188],[-79.54365,8.95618],[-79.543612,8.956152],[-79.543603,8.956164],[-79.543556,8.95613],[-79.543578,8.9561],[-79.543594,8.956113],[-79.543633,8.956061],[-79.543616,8.956049],[-79.543635,8.956023]]]}},{"type":"Feature","properties":{"name":"Edificio Ramon Benito"},"geometry":{"type":"Polygon","coordinates":[[[-79.543715,8.955915],[-79.543762,8.955949],[-79.543754,8.955961],[-79.543797,8.955992],[-79.543791,8.955999],[-79.54387,8.956056],[-79.543883,8.95604],[-79.5439,8.956052],[-79.543839,8.956135],[-79.543827,8.956152],[-79.543687,8.95605],[-79.543682,8.956057],[-79.543635,8.956023],[-79.543655,8.955997],[-79.543671,8.956009],[-79.543707,8.95596],[-79.543691,8.955948],[-79.543715,8.955915]]]}},{"type":"Feature","properties":{"name":null},"geometry":{"type":"Polygon","coordinates":[[[-79.543911,8.956036],[-79.543708,8.955891],[-79.543769,8.955809],[-79.543971,8.955956],[-79.543911,8.956036]]]}},{"type":"Feature","properties":{"name":null},"geometry":{"type":"Polygon","coordinates":[[[-79.540871,8.956148],[-79.540885,8.9562],[-79.540699,8.956215],[-79.540687,8.956159],[-79.540871,8.956148]]]}},{"type":"Feature","properties":{"name":null},"geometry":{"type":"Polygon","coordinates":[[[-79.541594,8.956568],[-79.541549,8.956533],[-79.541505,8.9565],[-79.541366,8.956394],[-79.541303,8.956346],[-79.541243,8.956422],[-79.541225,8.956445],[-79.541296,8.956498],[-79.541448,8.956616],[-79.541518,8.956666],[-79.541594,8.956568]]]}},{"type":"Feature","properties":{"name":null},"geometry":{"type":"Polygon","coordinates":[[[-79.541058,8.957004],[-79.541105,8.957126],[-79.540917,8.957206],[-79.540858,8.957163],[-79.540856,8.957037],[-79.540954,8.957021],[-79.540967,8.957062],[-79.541011,8.957042],[-79.541,8.957013],[-79.541034,8.957008],[-79.541058,8.957004]]]}},{"type":"Feature","properties":{"name":null},"geometry":{"type":"Polygon","coordinates":[[[-79.541105,8.957126],[-79.541215,8.957071],[-79.541211,8.956979],[-79.541058,8.957004],[-79.541105,8.957126]]]}},{"type":"Feature","properties":{"name":null},"geometry":{"type":"Polygon","coordinates":[[[-79.541648,8.956457],[-79.54156,8.956406],[-79.541505,8.9565],[-79.541549,8.956533],[-79.541584,8.956471],[-79.541625,8.956495],[-79.541648,8.956457]]]}},{"type":"Feature","properties":{"name":null},"geometry":{"type":"Polygon","coordinates":[[[-79.540951,8.956752],[-79.54088,8.956388],[-79.54074,8.956415],[-79.540811,8.956779],[-79.540951,8.956752]]]}},{"type":"Feature","properties":{"name":null},"geometry":{"type":"Polygon","coordinates":[[[-79.540951,8.956752],[-79.54088,8.956388],[-79.54074,8.956415],[-79.540731,8.956364],[-79.540933,8.956325],[-79.540944,8.95638],[-79.541015,8.95674],[-79.540951,8.956752]]]}},{"type":"Feature","properties":{"name":null},"geometry":{"type":"Polygon","coordinates":[[[-79.54145,8.956131],[-79.541503,8.956159],[-79.541406,8.956317],[-79.54142,8.956325],[-79.541366,8.956394],[-79.541303,8.956346],[-79.541243,8.956422],[-79.541208,8.956426],[-79.541193,8.956294],[-79.541229,8.95629],[-79.541229,8.95628],[-79.541367,8.956262],[-79.54145,8.956131]]]}},{"type":"Feature","properties":{"name":null},"geometry":{"type":"Polygon","coordinates":[[[-79.540699,8.956215],[-79.540715,8.956294],[-79.54092,8.95626],[-79.54096,8.956254],[-79.540958,8.956244],[-79.54095,8.956195],[-79.540941,8.956144],[-79.540871,8.956148],[-79.540885,8.9562],[-79.540699,8.956215]]]}},{"type":"Feature","properties":{"name":null},"geometry":{"type":"Polygon","coordinates":[[[-79.540856,8.957037],[-79.540833,8.956901],[-79.541011,8.95687],[-79.541034,8.957008],[-79.541,8.957013],[-79.540954,8.957021],[-79.540856,8.957037]]]}},{"type":"Feature","properties":{"name":null},"geometry":{"type":"Polygon","coordinates":[[[-79.541034,8.957008],[-79.541058,8.957004],[-79.541211,8.956979],[-79.541209,8.956948],[-79.541204,8.956837],[-79.541119,8.956852],[-79.541069,8.95686],[-79.541011,8.95687],[-79.541034,8.957008]]]}},{"type":"Feature","properties":{"name":null},"geometry":{"type":"Polygon","coordinates":[[[-79.541518,8.956666],[-79.541433,8.956781],[-79.541386,8.956747],[-79.541363,8.95673],[-79.541448,8.956616],[-79.541518,8.956666]]]}},{"type":"Feature","properties":{"name":null},"geometry":{"type":"Polygon","coordinates":[[[-79.541386,8.956747],[-79.541295,8.956858],[-79.541165,8.956757],[-79.541165,8.956728],[-79.541074,8.956664],[-79.541105,8.956625],[-79.54109,8.956613],[-79.541203,8.956471],[-79.541209,8.956535],[-79.541249,8.956563],[-79.541296,8.956498],[-79.541448,8.956616],[-79.541363,8.95673],[-79.541386,8.956747]]]}},{"type":"Feature","properties":{"name":null},"geometry":{"type":"Polygon","coordinates":[[[-79.540628,8.954484],[-79.540626,8.954534],[-79.540476,8.954526],[-79.540478,8.954477],[-79.540628,8.954484]]]}},{"type":"Feature","properties":{"name":null},"geometry":{"type":"Polygon","coordinates":[[[-79.540519,8.953758],[-79.54052,8.953671],[-79.540288,8.953673],[-79.540296,8.953746],[-79.540317,8.953746],[-79.540318,8.95376],[-79.540519,8.953758]]]}},{"type":"Feature","properties":{"name":null},"geometry":{"type":"Polygon","coordinates":[[[-79.54014,8.953749],[-79.540146,8.953788],[-79.540048,8.9538],[-79.540044,8.953759],[-79.54014,8.953749]]]}},{"type":"Feature","properties":{"name":"Edificio 81"},"geometry":{"type":"Polygon","coordinates":[[[-79.542561,8.958415],[-79.542542,8.958411],[-79.542409,8.958368],[-79.542404,8.958458],[-79.542552,8.958505],[-79.542561,8.958415]]]}},{"type":"Feature","properties":{"name":null},"geometry":{"type":"Polygon","coordinates":[[[-79.541351,8.950732],[-79.54122,8.950792],[-79.541213,8.950797],[-79.541155,8.950676],[-79.541368,8.950578],[-79.541395,8.950636],[-79.541322,8.95067],[-79.541351,8.950732]]]}},{"type":"Feature","properties":{"name":null},"geometry":{"type":"Polygon","coordinates":[[[-79.54122,8.950792],[-79.541272,8.950903],[-79.541325,8.950878],[-79.54129,8.950805],[-79.54138,8.950764],[-79.541363,8.950727],[-79.541351,8.950732],[-79.54122,8.950792]]]}},{"type":"Feature","properties":{"name":null},"geometry":{"type":"Polygon","coordinates":[[[-79.540529,8.951218],[-79.540424,8.951244],[-79.540411,8.951226],[-79.540409,8.951179],[-79.540437,8.951154],[-79.540481,8.951174],[-79.540482,8.951158],[-79.540526,8.951154],[-79.540529,8.951218]]]}},{"type":"Feature","properties":{"name":null},"geometry":{"type":"Polygon","coordinates":[[[-79.540424,8.951244],[-79.540345,8.951251],[-79.540365,8.951085],[-79.540507,8.951107],[-79.5405,8.951152],[-79.540408,8.951151],[-79.540409,8.951179],[-79.540411,8.951226],[-79.540424,8.951244]]]}},{"type":"Feature","properties":{"name":null},"geometry":{"type":"Polygon","coordinates":[[[-79.541473,8.95188],[-79.541429,8.951899],[-79.541485,8.952025],[-79.541528,8.952006],[-79.541473,8.95188]]]}},{"type":"Feature","properties":{"name":null},"geometry":{"type":"Polygon","coordinates":[[[-79.541429,8.951899],[-79.541381,8.95192],[-79.541405,8.951976],[-79.541436,8.952046],[-79.541485,8.952025],[-79.541429,8.951899]]]}},{"type":"Feature","properties":{"name":null},"geometry":{"type":"Polygon","coordinates":[[[-79.541281,8.952118],[-79.541197,8.95215],[-79.541173,8.952091],[-79.541256,8.952059],[-79.541281,8.952118]]]}},{"type":"Feature","properties":{"name":null},"geometry":{"type":"Polygon","coordinates":[[[-79.541141,8.95212],[-79.541078,8.952143],[-79.541103,8.952212],[-79.541167,8.952189],[-79.541141,8.95212]]]}},{"type":"Feature","properties":{"name":null},"geometry":{"type":"Polygon","coordinates":[[[-79.541117,8.952227],[-79.541254,8.952179],[-79.541262,8.952203],[-79.541283,8.952258],[-79.541146,8.952308],[-79.541117,8.952227]]]}},{"type":"Feature","properties":{"name":null},"geometry":{"type":"Polygon","coordinates":[[[-79.541283,8.952258],[-79.54143,8.952203],[-79.541409,8.952148],[-79.541262,8.952203],[-79.541283,8.952258]]]}},{"type":"Feature","properties":{"name":null},"geometry":{"type":"Polygon","coordinates":[[[-79.537231,8.952922],[-79.537119,8.952863],[-79.537184,8.952748],[-79.537294,8.952807],[-79.537231,8.952922]]]}},{"type":"Feature","properties":{"name":null},"geometry":{"type":"Polygon","coordinates":[[[-79.537075,8.95274],[-79.537031,8.95284],[-79.536992,8.952823],[-79.537037,8.952723],[-79.537075,8.95274]]]}},{"type":"Feature","properties":{"name":null},"geometry":{"type":"Polygon","coordinates":[[[-79.537111,8.952877],[-79.537096,8.952868],[-79.537056,8.952851],[-79.536994,8.952968],[-79.537048,8.952996],[-79.537111,8.952877]]]}},{"type":"Feature","properties":{"name":null},"geometry":{"type":"Polygon","coordinates":[[[-79.537556,8.952942],[-79.537622,8.952977],[-79.537626,8.952994],[-79.537623,8.953012],[-79.537579,8.953054],[-79.5375,8.953043],[-79.537556,8.952942]]]}},{"type":"Feature","properties":{"name":null},"geometry":{"type":"Polygon","coordinates":[[[-79.536736,8.952801],[-79.536707,8.952797],[-79.536703,8.952822],[-79.5367,8.952837],[-79.536746,8.952844],[-79.536752,8.952804],[-79.536736,8.952801]]]}},{"type":"Feature","properties":{"name":null},"geometry":{"type":"Polygon","coordinates":[[[-79.536771,8.952685],[-79.536756,8.952683],[-79.536727,8.952678],[-79.536733,8.952647],[-79.536735,8.952634],[-79.536778,8.952641],[-79.536771,8.952685]]]}},{"type":"Feature","properties":{"name":null},"geometry":{"type":"Polygon","coordinates":[[[-79.53586,8.952747],[-79.535768,8.952739],[-79.535792,8.952469],[-79.535974,8.952486],[-79.535962,8.952613],[-79.535873,8.952605],[-79.53586,8.952747]]]}},{"type":"Feature","properties":{"name":"Casa Antigua"},"geometry":{"type":"Polygon","coordinates":[[[-79.536311,8.953698],[-79.536329,8.95355],[-79.536414,8.953557],[-79.536498,8.953592],[-79.536508,8.953653],[-79.536461,8.953664],[-79.536311,8.953698]]]}},{"type":"Feature","properties":{"name":null},"geometry":{"type":"Polygon","coordinates":[[[-79.539536,8.954034],[-79.539696,8.954007],[-79.539664,8.953815],[-79.539503,8.953842],[-79.539536,8.954034]]]}},{"type":"Feature","properties":{"name":null},"geometry":{"type":"Polygon","coordinates":[[[-79.534004,8.952943],[-79.534007,8.952911],[-79.53402,8.952779],[-79.534032,8.95278],[-79.534041,8.95269],[-79.534049,8.952691],[-79.534156,8.952701],[-79.534145,8.952811],[-79.534131,8.952955],[-79.534004,8.952943]]]}},{"type":"Feature","properties":{"name":null},"geometry":{"type":"Polygon","coordinates":[[[-79.53402,8.952779],[-79.533872,8.952764],[-79.533802,8.952758],[-79.533811,8.952668],[-79.53403,8.952689],[-79.534041,8.95269],[-79.534032,8.95278],[-79.53402,8.952779]]]}},{"type":"Feature","properties":{"name":null},"geometry":{"type":"Polygon","coordinates":[[[-79.533884,8.953],[-79.53378,8.952988],[-79.533774,8.953051],[-79.533878,8.953061],[-79.533884,8.953]]]}},{"type":"Feature","properties":{"name":null},"geometry":{"type":"Polygon","coordinates":[[[-79.538135,8.952948],[-79.538218,8.952945],[-79.538212,8.952788],[-79.538129,8.952791],[-79.53813,8.952805],[-79.538135,8.952948]]]}},{"type":"Feature","properties":{"name":null},"geometry":{"type":"Polygon","coordinates":[[[-79.538924,8.959362],[-79.538877,8.959348],[-79.538891,8.959299],[-79.538939,8.959313],[-79.538924,8.959362]]]}},{"type":"Feature","properties":{"name":"Las Gemelas 2"},"geometry":{"type":"Polygon","coordinates":[[[-79.53955,8.959261],[-79.539232,8.958572],[-79.539119,8.958623],[-79.539245,8.958896],[-79.539216,8.95891],[-79.539262,8.959008],[-79.539291,8.958995],[-79.539437,8.959312],[-79.53955,8.959261]]]}},{"type":"Feature","properties":{"name":null},"geometry":{"type":"Polygon","coordinates":[[[-79.539291,8.958995],[-79.539437,8.959312],[-79.53955,8.959261],[-79.539232,8.958572],[-79.539119,8.958623],[-79.539245,8.958896],[-79.539256,8.958891],[-79.539162,8.95869],[-79.539233,8.958658],[-79.539465,8.959154],[-79.539394,8.959187],[-79.539302,8.95899],[-79.539291,8.958995]]]}},{"type":"Feature","properties":{"name":null},"geometry":{"type":"Polygon","coordinates":[[[-79.539245,8.958457],[-79.539211,8.958386],[-79.538714,8.958617],[-79.538748,8.958689],[-79.538948,8.958596],[-79.538951,8.958603],[-79.538966,8.958633],[-79.539062,8.958588],[-79.539048,8.958558],[-79.539045,8.958551],[-79.539245,8.958457]]]}},{"type":"Feature","properties":{"name":null},"geometry":{"type":"Polygon","coordinates":[[[-79.539048,8.958558],[-79.539324,8.958429],[-79.539264,8.958303],[-79.538705,8.958564],[-79.538659,8.958586],[-79.53872,8.958712],[-79.538951,8.958603],[-79.538948,8.958596],[-79.538748,8.958689],[-79.538714,8.958617],[-79.539211,8.958386],[-79.539245,8.958457],[-79.539045,8.958551],[-79.539048,8.958558]]]}},{"type":"Feature","properties":{"name":"Distribuidora Mendoza"},"geometry":{"type":"Polygon","coordinates":[[[-79.53872,8.958712],[-79.538686,8.958728],[-79.53862,8.958592],[-79.53861,8.958571],[-79.538591,8.958533],[-79.538676,8.958493],[-79.538705,8.958564],[-79.538659,8.958586],[-79.53872,8.958712]]]}},{"type":"Feature","properties":{"name":null},"geometry":{"type":"Polygon","coordinates":[[[-79.538659,8.958586],[-79.538655,8.958577],[-79.53862,8.958592],[-79.538686,8.958728],[-79.53872,8.958712],[-79.538659,8.958586]]]}},{"type":"Feature","properties":{"name":null},"geometry":{"type":"Polygon","coordinates":[[[-79.542095,8.964711],[-79.542034,8.964659],[-79.542183,8.96449],[-79.542244,8.964421],[-79.542305,8.964473],[-79.542244,8.964542],[-79.542095,8.964711]]]}},{"type":"Feature","properties":{"name":null},"geometry":{"type":"Polygon","coordinates":[[[-79.541882,8.964539],[-79.541816,8.964481],[-79.541971,8.964307],[-79.542032,8.964238],[-79.542099,8.964295],[-79.542037,8.964364],[-79.541882,8.964539]]]}},{"type":"Feature","properties":{"name":null},"geometry":{"type":"Polygon","coordinates":[[[-79.542274,8.964568],[-79.542244,8.964542],[-79.542305,8.964473],[-79.542336,8.964499],[-79.542274,8.964568]]]}},{"type":"Feature","properties":{"name":null},"geometry":{"type":"Polygon","coordinates":[[[-79.541971,8.964307],[-79.54194,8.96428],[-79.542001,8.964211],[-79.542032,8.964238],[-79.541971,8.964307]]]}},{"type":"Feature","properties":{"name":null},"geometry":{"type":"Polygon","coordinates":[[[-79.542183,8.96449],[-79.542037,8.964364],[-79.542099,8.964295],[-79.542244,8.964421],[-79.542183,8.96449]]]}},{"type":"Feature","properties":{"name":null},"geometry":{"type":"Polygon","coordinates":[[[-79.541891,8.964107],[-79.541812,8.964038],[-79.541821,8.964028],[-79.5419,8.964097],[-79.541891,8.964107]]]}},{"type":"Feature","properties":{"name":null},"geometry":{"type":"Polygon","coordinates":[[[-79.541724,8.963961],[-79.54165,8.963896],[-79.541659,8.963887],[-79.541733,8.963951],[-79.541724,8.963961]]]}},{"type":"Feature","properties":{"name":null},"geometry":{"type":"Polygon","coordinates":[[[-79.541549,8.963807],[-79.541467,8.963736],[-79.541476,8.963726],[-79.541558,8.963797],[-79.541549,8.963807]]]}},{"type":"Feature","properties":{"name":null},"geometry":{"type":"Polygon","coordinates":[[[-79.54175,8.964106],[-79.541663,8.964029],[-79.541724,8.963961],[-79.541812,8.964038],[-79.54175,8.964106]]]}},{"type":"Feature","properties":{"name":null},"geometry":{"type":"Polygon","coordinates":[[[-79.541582,8.963972],[-79.541481,8.963883],[-79.541549,8.963807],[-79.54165,8.963896],[-79.541582,8.963972]]]}},{"type":"Feature","properties":{"name":null},"geometry":{"type":"Polygon","coordinates":[[[-79.5414,8.963812],[-79.541374,8.963789],[-79.541442,8.963713],[-79.541467,8.963736],[-79.5414,8.963812]]]}},{"type":"Feature","properties":{"name":null},"geometry":{"type":"Polygon","coordinates":[[[-79.541353,8.964027],[-79.541272,8.963956],[-79.5414,8.963812],[-79.541467,8.963736],[-79.541549,8.963807],[-79.541481,8.963883],[-79.541353,8.964027]]]}},{"type":"Feature","properties":{"name":null},"geometry":{"type":"Polygon","coordinates":[[[-79.541565,8.964492],[-79.541298,8.964361],[-79.541342,8.964274],[-79.541527,8.964365],[-79.54175,8.964106],[-79.541812,8.964038],[-79.541891,8.964107],[-79.541638,8.964398],[-79.54161,8.964375],[-79.541594,8.964398],[-79.541608,8.964405],[-79.541565,8.964492]]]}},{"type":"Feature","properties":{"name":null},"geometry":{"type":"Polygon","coordinates":[[[-79.541531,8.964176],[-79.541457,8.964112],[-79.541582,8.963972],[-79.54165,8.963896],[-79.541724,8.963961],[-79.541663,8.964029],[-79.541531,8.964176]]]}},{"type":"Feature","properties":{"name":null},"geometry":{"type":"Polygon","coordinates":[[[-79.541608,8.964578],[-79.541636,8.964606],[-79.541592,8.964648],[-79.541565,8.964621],[-79.541608,8.964578]]]}},{"type":"Feature","properties":{"name":"Ministerio Triunfante En Cristo"},"geometry":{"type":"Polygon","coordinates":[[[-79.542108,8.964782],[-79.542,8.964687],[-79.541951,8.964742],[-79.542059,8.964836],[-79.542108,8.964782]]]}},{"type":"Feature","properties":{"name":"Subestación de Policía de Calidonia"},"geometry":{"type":"Polygon","coordinates":[[[-79.542779,8.964794],[-79.542669,8.964701],[-79.542612,8.964766],[-79.542721,8.96486],[-79.542779,8.964794]]]}},{"type":"Feature","properties":{"name":null},"geometry":{"type":"Polygon","coordinates":[[[-79.54243,8.964936],[-79.542243,8.965153],[-79.542187,8.965106],[-79.542257,8.965026],[-79.542244,8.965014],[-79.542174,8.965095],[-79.542117,8.965047],[-79.542304,8.96483],[-79.542362,8.964878],[-79.542293,8.964958],[-79.542306,8.964969],[-79.542375,8.964889],[-79.54243,8.964936]]]}},{"type":"Feature","properties":{"name":null},"geometry":{"type":"Polygon","coordinates":[[[-79.542044,8.965027],[-79.542264,8.965211],[-79.542217,8.965266],[-79.542135,8.965198],[-79.542124,8.965211],[-79.542205,8.965279],[-79.542157,8.965336],[-79.541937,8.965151],[-79.541985,8.965095],[-79.542066,8.965163],[-79.542078,8.96515],[-79.541996,8.965082],[-79.542044,8.965027]]]}},{"type":"Feature","properties":{"name":null},"geometry":{"type":"Polygon","coordinates":[[[-79.542605,8.964777],[-79.542824,8.964963],[-79.542776,8.965018],[-79.542695,8.964948],[-79.542684,8.964961],[-79.542765,8.96503],[-79.542715,8.965087],[-79.542497,8.9649],[-79.542546,8.964844],[-79.542627,8.964913],[-79.542638,8.9649],[-79.542557,8.964831],[-79.542605,8.964777]]]}},{"type":"Feature","properties":{"name":null},"geometry":{"type":"Polygon","coordinates":[[[-79.542663,8.965351],[-79.542784,8.965456],[-79.542618,8.965642],[-79.542497,8.965537],[-79.542663,8.965351]]]}},{"type":"Feature","properties":{"name":null},"geometry":{"type":"Polygon","coordinates":[[[-79.539045,8.953161],[-79.539048,8.953202],[-79.539313,8.953187],[-79.539311,8.953146],[-79.539287,8.953147],[-79.539045,8.953161]]]}},{"type":"Feature","properties":{"name":null},"geometry":{"type":"Polygon","coordinates":[[[-79.53963,8.953274],[-79.539624,8.953184],[-79.539314,8.953202],[-79.53932,8.953292],[-79.539357,8.95329],[-79.53963,8.953274]]]}},{"type":"Feature","properties":{"name":null},"geometry":{"type":"Polygon","coordinates":[[[-79.537648,8.953683],[-79.537585,8.953617],[-79.537393,8.953805],[-79.53745,8.953859],[-79.537545,8.953782],[-79.537589,8.953746],[-79.537648,8.953683]]]}},{"type":"Feature","properties":{"name":null},"geometry":{"type":"Polygon","coordinates":[[[-79.537179,8.953691],[-79.537205,8.953631],[-79.5373,8.953657],[-79.537318,8.953662],[-79.53729,8.953741],[-79.537281,8.953738],[-79.537179,8.953691]]]}},{"type":"Feature","properties":{"name":null},"geometry":{"type":"Polygon","coordinates":[[[-79.536975,8.957965],[-79.536941,8.957965],[-79.536941,8.957926],[-79.536975,8.957926],[-79.536975,8.957965]]]}},{"type":"Feature","properties":{"name":null},"geometry":{"type":"Polygon","coordinates":[[[-79.53693,8.957946],[-79.536865,8.957946],[-79.536865,8.957884],[-79.53693,8.957885],[-79.53693,8.957946]]]}},{"type":"Feature","properties":{"name":null},"geometry":{"type":"Polygon","coordinates":[[[-79.536969,8.958233],[-79.536913,8.958233],[-79.536912,8.958188],[-79.536968,8.958188],[-79.536969,8.958233]]]}},{"type":"Feature","properties":{"name":null},"geometry":{"type":"Polygon","coordinates":[[[-79.536991,8.958183],[-79.536929,8.958184],[-79.536929,8.958143],[-79.536991,8.958142],[-79.536991,8.958183]]]}},{"type":"Feature","properties":{"name":null},"geometry":{"type":"Polygon","coordinates":[[[-79.54017,8.951609],[-79.540161,8.951542],[-79.540311,8.951521],[-79.540321,8.951588],[-79.54017,8.951609]]]}},{"type":"Feature","properties":{"name":null},"geometry":{"type":"Polygon","coordinates":[[[-79.537177,8.955723],[-79.537152,8.955646],[-79.536844,8.955749],[-79.536872,8.955825],[-79.537177,8.955723]]]}},{"type":"Feature","properties":{"name":null},"geometry":{"type":"Polygon","coordinates":[[[-79.537246,8.956529],[-79.537157,8.956544],[-79.537085,8.956327],[-79.537168,8.9563],[-79.537246,8.956529]]]}},{"type":"Feature","properties":{"name":null},"geometry":{"type":"Polygon","coordinates":[[[-79.53755,8.958134],[-79.537606,8.957955],[-79.53723,8.957856],[-79.537287,8.958062],[-79.53748,8.958115],[-79.53755,8.958134]]]}},{"type":"Feature","properties":{"name":null},"geometry":{"type":"Polygon","coordinates":[[[-79.53739,8.95767],[-79.537363,8.95779],[-79.537199,8.957747],[-79.537161,8.957611],[-79.53739,8.95767]]]}},{"type":"Feature","properties":{"name":null},"geometry":{"type":"Polygon","coordinates":[[[-79.53898,8.958039],[-79.53866,8.95735],[-79.538456,8.956909],[-79.538415,8.956822],[-79.538615,8.956731],[-79.53918,8.957949],[-79.53898,8.958039]]]}},{"type":"Feature","properties":{"name":null},"geometry":{"type":"Polygon","coordinates":[[[-79.538456,8.956909],[-79.538373,8.956946],[-79.538577,8.957387],[-79.53866,8.95735],[-79.538456,8.956909]]]}},{"type":"Feature","properties":{"name":null},"geometry":{"type":"Polygon","coordinates":[[[-79.538577,8.957387],[-79.538683,8.957616],[-79.538884,8.958048],[-79.538897,8.958077],[-79.53898,8.958039],[-79.53866,8.95735],[-79.538577,8.957387]]]}},{"type":"Feature","properties":{"name":null},"geometry":{"type":"Polygon","coordinates":[[[-79.538373,8.956946],[-79.538332,8.95686],[-79.538415,8.956822],[-79.538456,8.956909],[-79.538373,8.956946]]]}},{"type":"Feature","properties":{"name":null},"geometry":{"type":"Polygon","coordinates":[[[-79.537268,8.955289],[-79.537331,8.955281],[-79.537349,8.955384],[-79.537169,8.955433],[-79.537138,8.955302],[-79.537162,8.955299],[-79.537268,8.955289]]]}},{"type":"Feature","properties":{"name":null},"geometry":{"type":"Polygon","coordinates":[[[-79.537802,8.954994],[-79.537685,8.955014],[-79.537696,8.955123],[-79.537819,8.955085],[-79.537802,8.954994]]]}},{"type":"Feature","properties":{"name":null},"geometry":{"type":"Polygon","coordinates":[[[-79.537694,8.955153],[-79.537686,8.955126],[-79.537696,8.955123],[-79.537819,8.955085],[-79.537906,8.955059],[-79.537998,8.955031],[-79.538007,8.955067],[-79.537694,8.955153]]]}},{"type":"Feature","properties":{"name":"Casa Juan Siu"},"geometry":{"type":"Polygon","coordinates":[[[-79.537744,8.955329],[-79.537716,8.955226],[-79.537866,8.955185],[-79.537888,8.955262],[-79.537895,8.955288],[-79.537744,8.955329]]]}},{"type":"Feature","properties":{"name":null},"geometry":{"type":"Polygon","coordinates":[[[-79.539742,8.956566],[-79.539768,8.956626],[-79.539628,8.956678],[-79.539609,8.956628],[-79.539742,8.956566]]]}},{"type":"Feature","properties":{"name":null},"geometry":{"type":"Polygon","coordinates":[[[-79.539768,8.956626],[-79.539895,8.956577],[-79.539861,8.95651],[-79.539742,8.956566],[-79.539768,8.956626]]]}},{"type":"Feature","properties":{"name":null},"geometry":{"type":"Polygon","coordinates":[[[-79.538429,8.956583],[-79.538462,8.956678],[-79.538381,8.956705],[-79.538349,8.956609],[-79.538429,8.956583]]]}},{"type":"Feature","properties":{"name":null},"geometry":{"type":"Polygon","coordinates":[[[-79.538462,8.956678],[-79.538521,8.956659],[-79.538515,8.956642],[-79.538488,8.956563],[-79.538429,8.956583],[-79.538462,8.956678]]]}},{"type":"Feature","properties":{"name":null},"geometry":{"type":"Polygon","coordinates":[[[-79.538515,8.956554],[-79.538542,8.956633],[-79.538515,8.956642],[-79.538488,8.956563],[-79.538515,8.956554]]]}},{"type":"Feature","properties":{"name":null},"geometry":{"type":"Polygon","coordinates":[[[-79.538328,8.956025],[-79.538298,8.955942],[-79.538136,8.956],[-79.538166,8.956082],[-79.538328,8.956025]]]}},{"type":"Feature","properties":{"name":null},"geometry":{"type":"Polygon","coordinates":[[[-79.538298,8.955942],[-79.538273,8.955872],[-79.53811,8.95593],[-79.538136,8.956],[-79.538298,8.955942]]]}},{"type":"Feature","properties":{"name":null},"geometry":{"type":"Polygon","coordinates":[[[-79.536006,8.964037],[-79.535519,8.963765],[-79.535623,8.963584],[-79.535663,8.963607],[-79.53568,8.963578],[-79.53594,8.963723],[-79.535916,8.963766],[-79.536029,8.963829],[-79.535994,8.963892],[-79.536066,8.963932],[-79.536006,8.964037]]]}},{"type":"Feature","properties":{"name":null},"geometry":{"type":"Polygon","coordinates":[[[-79.535623,8.963584],[-79.53564,8.963555],[-79.53568,8.963578],[-79.535663,8.963607],[-79.535623,8.963584]]]}},{"type":"Feature","properties":{"name":null},"geometry":{"type":"Polygon","coordinates":[[[-79.536042,8.964057],[-79.536162,8.963847],[-79.53594,8.963723],[-79.535916,8.963766],[-79.536029,8.963829],[-79.535994,8.963892],[-79.536066,8.963932],[-79.536006,8.964037],[-79.536042,8.964057]]]}},{"type":"Feature","properties":{"name":null},"geometry":{"type":"Polygon","coordinates":[[[-79.534773,8.965911],[-79.534649,8.966128],[-79.534515,8.966053],[-79.534639,8.965835],[-79.534773,8.965911]]]}},{"type":"Feature","properties":{"name":null},"geometry":{"type":"Polygon","coordinates":[[[-79.534926,8.965997],[-79.534773,8.965911],[-79.534649,8.966128],[-79.534801,8.966214],[-79.534926,8.965997]]]}},{"type":"Feature","properties":{"name":null},"geometry":{"type":"Polygon","coordinates":[[[-79.542703,8.959329],[-79.542717,8.959151],[-79.542621,8.959125],[-79.542577,8.959297],[-79.542608,8.959305],[-79.542703,8.959329]]]}},{"type":"Feature","properties":{"name":null},"geometry":{"type":"Polygon","coordinates":[[[-79.542577,8.959297],[-79.542561,8.959293],[-79.542479,8.959272],[-79.542524,8.959098],[-79.542621,8.959125],[-79.542577,8.959297]]]}},{"type":"Feature","properties":{"name":null},"geometry":{"type":"Polygon","coordinates":[[[-79.542479,8.959272],[-79.542383,8.959248],[-79.542426,8.959071],[-79.542524,8.959098],[-79.542479,8.959272]]]}},{"type":"Feature","properties":{"name":null},"geometry":{"type":"Polygon","coordinates":[[[-79.542383,8.959248],[-79.542286,8.959224],[-79.542324,8.959077],[-79.542344,8.95906],[-79.542426,8.959071],[-79.542383,8.959248]]]}},{"type":"Feature","properties":{"name":null},"geometry":{"type":"Polygon","coordinates":[[[-79.542541,8.959398],[-79.542561,8.959293],[-79.542479,8.959272],[-79.542383,8.959248],[-79.542286,8.959224],[-79.54226,8.959334],[-79.542541,8.959398]]]}},{"type":"Feature","properties":{"name":null},"geometry":{"type":"Polygon","coordinates":[[[-79.542474,8.960197],[-79.542518,8.960199],[-79.542548,8.959651],[-79.542608,8.959305],[-79.542577,8.959297],[-79.542561,8.959293],[-79.542541,8.959398],[-79.5425,8.959636],[-79.542474,8.960197]]]}},{"type":"Feature","properties":{"name":null},"geometry":{"type":"Polygon","coordinates":[[[-79.538896,8.955716],[-79.538873,8.955633],[-79.539035,8.955562],[-79.539057,8.955633],[-79.539033,8.955644],[-79.539042,8.955669],[-79.538896,8.955716]]]}},{"type":"Feature","properties":{"name":"Hostal Cigarra"},"geometry":{"type":"Polygon","coordinates":[[[-79.539229,8.955316],[-79.539209,8.955278],[-79.539001,8.955371],[-79.539019,8.955405],[-79.539022,8.955412],[-79.539229,8.955316]]]}},{"type":"Feature","properties":{"name":null},"geometry":{"type":"Polygon","coordinates":[[[-79.538774,8.955275],[-79.538895,8.955232],[-79.538885,8.955214],[-79.539116,8.955099],[-79.5391,8.955067],[-79.538757,8.955211],[-79.538774,8.955275]]]}},{"type":"Feature","properties":{"name":null},"geometry":{"type":"Polygon","coordinates":[[[-79.538845,8.955534],[-79.538833,8.955489],[-79.539019,8.955405],[-79.539022,8.955412],[-79.539041,8.955447],[-79.538845,8.955534]]]}},{"type":"Feature","properties":{"name":null},"geometry":{"type":"Polygon","coordinates":[[[-79.538833,8.955489],[-79.538824,8.955452],[-79.538983,8.95538],[-79.539001,8.955371],[-79.539019,8.955405],[-79.538833,8.955489]]]}},{"type":"Feature","properties":{"name":null},"geometry":{"type":"Polygon","coordinates":[[[-79.538953,8.955922],[-79.538941,8.955881],[-79.53914,8.955818],[-79.539154,8.955861],[-79.538953,8.955922]]]}},{"type":"Feature","properties":{"name":null},"geometry":{"type":"Polygon","coordinates":[[[-79.538856,8.955801],[-79.538848,8.955768],[-79.538713,8.955809],[-79.538722,8.955841],[-79.538856,8.955801]]]}},{"type":"Feature","properties":{"name":null},"geometry":{"type":"Polygon","coordinates":[[[-79.538856,8.955801],[-79.538864,8.955833],[-79.53873,8.955868],[-79.538722,8.955841],[-79.538856,8.955801]]]}},{"type":"Feature","properties":{"name":null},"geometry":{"type":"Polygon","coordinates":[[[-79.540732,8.956764],[-79.540724,8.956727],[-79.540576,8.956819],[-79.540593,8.956848],[-79.540732,8.956764]]]}},{"type":"Feature","properties":{"name":null},"geometry":{"type":"Polygon","coordinates":[[[-79.540095,8.956197],[-79.54007,8.956109],[-79.539996,8.956125],[-79.540022,8.956217],[-79.540074,8.956203],[-79.540095,8.956197]]]}},{"type":"Feature","properties":{"name":null},"geometry":{"type":"Polygon","coordinates":[[[-79.540013,8.956464],[-79.540034,8.956495],[-79.540206,8.956379],[-79.540186,8.956342],[-79.540013,8.956464]]]}},{"type":"Feature","properties":{"name":"KFC"},"geometry":{"type":"Polygon","coordinates":[[[-79.540239,8.95676],[-79.540194,8.956704],[-79.540417,8.956539],[-79.540452,8.956592],[-79.540239,8.95676]]]}},{"type":"Feature","properties":{"name":null},"geometry":{"type":"Polygon","coordinates":[[[-79.539388,8.957953],[-79.53931,8.957991],[-79.539119,8.957591],[-79.539268,8.957526],[-79.539388,8.957953]]]}},{"type":"Feature","properties":{"name":null},"geometry":{"type":"Polygon","coordinates":[[[-79.539433,8.957931],[-79.539388,8.957953],[-79.539268,8.957526],[-79.539315,8.957507],[-79.539433,8.957931]]]}},{"type":"Feature","properties":{"name":null},"geometry":{"type":"Polygon","coordinates":[[[-79.539119,8.957591],[-79.539002,8.957346],[-79.539182,8.957254],[-79.539213,8.957239],[-79.539256,8.957383],[-79.539273,8.957377],[-79.539278,8.957375],[-79.539286,8.957402],[-79.539315,8.957507],[-79.539268,8.957526],[-79.539119,8.957591]]]}},{"type":"Feature","properties":{"name":null},"geometry":{"type":"Polygon","coordinates":[[[-79.540288,8.95711],[-79.540219,8.957017],[-79.54013,8.95707],[-79.540116,8.957051],[-79.539758,8.957237],[-79.539805,8.957341],[-79.540129,8.957186],[-79.540288,8.95711]]]}},{"type":"Feature","properties":{"name":null},"geometry":{"type":"Polygon","coordinates":[[[-79.540083,8.956916],[-79.539994,8.956751],[-79.54002,8.956737],[-79.540136,8.956887],[-79.540083,8.956916]]]}},{"type":"Feature","properties":{"name":null},"geometry":{"type":"Polygon","coordinates":[[[-79.553952,8.96621],[-79.553932,8.96621],[-79.553933,8.966229],[-79.553952,8.966229],[-79.553952,8.96621]]]}},{"type":"Feature","properties":{"name":null},"geometry":{"type":"Polygon","coordinates":[[[-79.537599,8.954042],[-79.537529,8.953941],[-79.537589,8.953901],[-79.537659,8.954001],[-79.537599,8.954042]]]}},{"type":"Feature","properties":{"name":null},"geometry":{"type":"Polygon","coordinates":[[[-79.540455,8.955728],[-79.540412,8.95573],[-79.540432,8.955963],[-79.540461,8.955958],[-79.540455,8.955728]]]}},{"type":"Feature","properties":{"name":null},"geometry":{"type":"Polygon","coordinates":[[[-79.540149,8.955881],[-79.540101,8.955888],[-79.540081,8.955739],[-79.540128,8.955734],[-79.540149,8.955881]]]}},{"type":"Feature","properties":{"name":null},"geometry":{"type":"Polygon","coordinates":[[[-79.540101,8.955888],[-79.540126,8.956032],[-79.54017,8.956022],[-79.540149,8.955881],[-79.540101,8.955888]]]}},{"type":"Feature","properties":{"name":null},"geometry":{"type":"Polygon","coordinates":[[[-79.540101,8.955888],[-79.540058,8.955894],[-79.540084,8.956041],[-79.540126,8.956032],[-79.540101,8.955888]]]}},{"type":"Feature","properties":{"name":null},"geometry":{"type":"Polygon","coordinates":[[[-79.540058,8.955894],[-79.540014,8.9559],[-79.539994,8.955751],[-79.540081,8.955739],[-79.540101,8.955888],[-79.540058,8.955894]]]}},{"type":"Feature","properties":{"name":null},"geometry":{"type":"Polygon","coordinates":[[[-79.539752,8.955908],[-79.539722,8.955808],[-79.539822,8.95579],[-79.539834,8.955888],[-79.539752,8.955908]]]}},{"type":"Feature","properties":{"name":null},"geometry":{"type":"Polygon","coordinates":[[[-79.539752,8.955908],[-79.53965,8.955934],[-79.539594,8.955822],[-79.539716,8.955787],[-79.539722,8.955808],[-79.539752,8.955908]]]}},{"type":"Feature","properties":{"name":null},"geometry":{"type":"Polygon","coordinates":[[[-79.53994,8.955952],[-79.539918,8.955757],[-79.539819,8.955767],[-79.539822,8.95579],[-79.539834,8.955888],[-79.539866,8.95588],[-79.53988,8.955968],[-79.53994,8.955952]]]}},{"type":"Feature","properties":{"name":null},"geometry":{"type":"Polygon","coordinates":[[[-79.53965,8.955934],[-79.539692,8.956019],[-79.539855,8.955975],[-79.53988,8.955968],[-79.539866,8.95588],[-79.539834,8.955888],[-79.539752,8.955908],[-79.53965,8.955934]]]}},{"type":"Feature","properties":{"name":null},"geometry":{"type":"Polygon","coordinates":[[[-79.539889,8.95609],[-79.539955,8.956069],[-79.539947,8.956008],[-79.53994,8.955952],[-79.53988,8.955968],[-79.539855,8.955975],[-79.539889,8.95609]]]}},{"type":"Feature","properties":{"name":null},"geometry":{"type":"Polygon","coordinates":[[[-79.540084,8.956041],[-79.540034,8.956053],[-79.540026,8.955988],[-79.540014,8.9559],[-79.540058,8.955894],[-79.540084,8.956041]]]}},{"type":"Feature","properties":{"name":null},"geometry":{"type":"Polygon","coordinates":[[[-79.540034,8.956053],[-79.539955,8.956069],[-79.539947,8.956008],[-79.540026,8.955988],[-79.540034,8.956053]]]}},{"type":"Feature","properties":{"name":null},"geometry":{"type":"Polygon","coordinates":[[[-79.539485,8.954383],[-79.539695,8.954348],[-79.539709,8.954346],[-79.539693,8.954234],[-79.539457,8.954265],[-79.539485,8.954383]]]}},{"type":"Feature","properties":{"name":"El Machetazo"},"geometry":{"type":"Polygon","coordinates":[[[-79.539097,8.954858],[-79.538991,8.954641],[-79.538934,8.954525],[-79.53895,8.954519],[-79.539064,8.954491],[-79.539177,8.954453],[-79.539169,8.954432],[-79.539209,8.954419],[-79.539319,8.954384],[-79.539374,8.954366],[-79.539382,8.954403],[-79.539485,8.954383],[-79.539695,8.954348],[-79.539706,8.954443],[-79.53972,8.95456],[-79.539738,8.954701],[-79.539742,8.954773],[-79.539753,8.954881],[-79.53974,8.954882],[-79.539494,8.954905],[-79.539459,8.954918],[-79.539175,8.955026],[-79.539138,8.954944],[-79.539097,8.954858]]]}},{"type":"Feature","properties":{"name":null},"geometry":{"type":"Polygon","coordinates":[[[-79.539742,8.954773],[-79.539753,8.954881],[-79.53974,8.954882],[-79.539494,8.954905],[-79.53947,8.954823],[-79.539458,8.954827],[-79.539456,8.954783],[-79.539742,8.954773]]]}},{"type":"Feature","properties":{"name":null},"geometry":{"type":"Polygon","coordinates":[[[-79.539752,8.955004],[-79.539746,8.954945],[-79.53948,8.954982],[-79.539499,8.955039],[-79.539752,8.955004]]]}},{"type":"Feature","properties":{"name":null},"geometry":{"type":"Polygon","coordinates":[[[-79.539746,8.954945],[-79.53974,8.954882],[-79.539494,8.954905],[-79.539459,8.954918],[-79.53948,8.954982],[-79.539746,8.954945]]]}},{"type":"Feature","properties":{"name":null},"geometry":{"type":"Polygon","coordinates":[[[-79.539416,8.954738],[-79.539474,8.954713],[-79.539433,8.954607],[-79.53972,8.95456],[-79.539738,8.954701],[-79.539419,8.954746],[-79.539416,8.954738]]]}},{"type":"Feature","properties":{"name":null},"geometry":{"type":"Polygon","coordinates":[[[-79.539706,8.954443],[-79.539451,8.954483],[-79.539453,8.954493],[-79.53923,8.954554],[-79.538991,8.954641],[-79.539097,8.954858],[-79.539416,8.954738],[-79.539474,8.954713],[-79.539433,8.954607],[-79.53972,8.95456],[-79.539706,8.954443]]]}},{"type":"Feature","properties":{"name":null},"geometry":{"type":"Polygon","coordinates":[[[-79.53923,8.954554],[-79.53919,8.954452],[-79.539177,8.954453],[-79.539169,8.954432],[-79.539209,8.954419],[-79.539319,8.954384],[-79.539374,8.954366],[-79.539382,8.954403],[-79.539485,8.954383],[-79.539695,8.954348],[-79.539706,8.954443],[-79.539451,8.954483],[-79.539453,8.954493],[-79.53923,8.954554]]]}},{"type":"Feature","properties":{"name":null},"geometry":{"type":"Polygon","coordinates":[[[-79.53923,8.954554],[-79.53919,8.954452],[-79.539177,8.954453],[-79.539064,8.954491],[-79.53895,8.954519],[-79.538934,8.954525],[-79.538991,8.954641],[-79.53923,8.954554]]]}},{"type":"Feature","properties":{"name":null},"geometry":{"type":"Polygon","coordinates":[[[-79.54227,8.95722],[-79.542119,8.957107],[-79.542193,8.957009],[-79.542306,8.957093],[-79.542299,8.957103],[-79.542338,8.957132],[-79.54227,8.95722]]]}},{"type":"Feature","properties":{"name":null},"geometry":{"type":"Polygon","coordinates":[[[-79.542427,8.956999],[-79.54228,8.956892],[-79.542337,8.956816],[-79.542484,8.956922],[-79.542427,8.956999]]]}},{"type":"Feature","properties":{"name":null},"geometry":{"type":"Polygon","coordinates":[[[-79.542552,8.956778],[-79.542687,8.956583],[-79.542691,8.956577],[-79.542582,8.956555],[-79.542432,8.95669],[-79.542552,8.956778]]]}},{"type":"Feature","properties":{"name":null},"geometry":{"type":"Polygon","coordinates":[[[-79.542687,8.956583],[-79.542887,8.95662],[-79.542936,8.956649],[-79.542735,8.956912],[-79.542552,8.956778],[-79.542687,8.956583]]]}},{"type":"Feature","properties":{"name":null},"geometry":{"type":"Polygon","coordinates":[[[-79.542462,8.957256],[-79.542429,8.957231],[-79.542438,8.957219],[-79.542471,8.957244],[-79.542462,8.957256]]]}},{"type":"Feature","properties":{"name":null},"geometry":{"type":"Polygon","coordinates":[[[-79.542285,8.957492],[-79.542257,8.95747],[-79.542266,8.957458],[-79.542295,8.95748],[-79.542285,8.957492]]]}},{"type":"Feature","properties":{"name":null},"geometry":{"type":"Polygon","coordinates":[[[-79.541452,8.957204],[-79.541542,8.957269],[-79.541686,8.957077],[-79.541597,8.957011],[-79.541452,8.957204]]]}},{"type":"Feature","properties":{"name":null},"geometry":{"type":"Polygon","coordinates":[[[-79.541542,8.957269],[-79.541662,8.957357],[-79.54186,8.957093],[-79.54174,8.957005],[-79.541686,8.957077],[-79.541542,8.957269]]]}},{"type":"Feature","properties":{"name":null},"geometry":{"type":"Polygon","coordinates":[[[-79.541662,8.957357],[-79.541765,8.957432],[-79.541963,8.957169],[-79.54186,8.957093],[-79.541662,8.957357]]]}},{"type":"Feature","properties":{"name":null},"geometry":{"type":"Polygon","coordinates":[[[-79.54084,8.960145],[-79.540758,8.960162],[-79.540716,8.960069],[-79.540609,8.960097],[-79.540594,8.960124],[-79.540656,8.960315],[-79.540687,8.960334],[-79.540875,8.960291],[-79.540847,8.960173],[-79.54084,8.960145]]]}},{"type":"Feature","properties":{"name":null},"geometry":{"type":"Polygon","coordinates":[[[-79.540758,8.960162],[-79.540716,8.960069],[-79.540816,8.960042],[-79.54084,8.960145],[-79.540758,8.960162]]]}},{"type":"Feature","properties":{"name":null},"geometry":{"type":"Polygon","coordinates":[[[-79.540589,8.961083],[-79.540619,8.961154],[-79.540775,8.961088],[-79.540622,8.960734],[-79.540467,8.960799],[-79.540496,8.960866],[-79.540511,8.960902],[-79.540568,8.961034],[-79.540589,8.961083]]]}},{"type":"Feature","properties":{"name":null},"geometry":{"type":"Polygon","coordinates":[[[-79.540589,8.961083],[-79.540473,8.961132],[-79.540517,8.961234],[-79.540789,8.96112],[-79.540775,8.961088],[-79.540619,8.961154],[-79.540589,8.961083]]]}},{"type":"Feature","properties":{"name":null},"geometry":{"type":"Polygon","coordinates":[[[-79.540496,8.960866],[-79.54038,8.960915],[-79.540334,8.960808],[-79.540605,8.960694],[-79.540622,8.960734],[-79.540467,8.960799],[-79.540496,8.960866]]]}},{"type":"Feature","properties":{"name":null},"geometry":{"type":"Polygon","coordinates":[[[-79.540568,8.961034],[-79.540311,8.961142],[-79.540254,8.96101],[-79.540511,8.960902],[-79.540568,8.961034]]]}},{"type":"Feature","properties":{"name":null},"geometry":{"type":"Polygon","coordinates":[[[-79.538073,8.959584],[-79.538116,8.959481],[-79.538037,8.959449],[-79.537954,8.959416],[-79.537925,8.959404],[-79.537882,8.959507],[-79.538073,8.959584]]]}},{"type":"Feature","properties":{"name":null},"geometry":{"type":"Polygon","coordinates":[[[-79.538445,8.959616],[-79.538463,8.959622],[-79.538503,8.959642],[-79.53846,8.95974],[-79.538402,8.959718],[-79.538445,8.959616]]]}},{"type":"Feature","properties":{"name":null},"geometry":{"type":"Polygon","coordinates":[[[-79.539215,8.959672],[-79.539182,8.959598],[-79.539329,8.959534],[-79.539425,8.959752],[-79.539339,8.959789],[-79.539275,8.959646],[-79.539215,8.959672]]]}},{"type":"Feature","properties":{"name":null},"geometry":{"type":"Polygon","coordinates":[[[-79.5412,8.961096],[-79.541303,8.961111],[-79.541526,8.961143],[-79.541597,8.96102],[-79.541219,8.96095],[-79.5412,8.961096]]]}},{"type":"Feature","properties":{"name":null},"geometry":{"type":"Polygon","coordinates":[[[-79.542653,8.959031],[-79.542387,8.95898],[-79.542412,8.958854],[-79.542419,8.958825],[-79.542458,8.958836],[-79.542453,8.958854],[-79.542629,8.958895],[-79.542633,8.958882],[-79.54269,8.958902],[-79.542653,8.959031]]]}},{"type":"Feature","properties":{"name":null},"geometry":{"type":"Polygon","coordinates":[[[-79.541926,8.958965],[-79.541891,8.95913],[-79.541762,8.959132],[-79.541814,8.958939],[-79.541926,8.958965]]]}},{"type":"Feature","properties":{"name":null},"geometry":{"type":"Polygon","coordinates":[[[-79.541823,8.959523],[-79.541933,8.959543],[-79.541944,8.959435],[-79.541843,8.959415],[-79.541823,8.959523]]]}},{"type":"Feature","properties":{"name":null},"geometry":{"type":"Polygon","coordinates":[[[-79.54225,8.958672],[-79.542271,8.958596],[-79.542227,8.958581],[-79.542205,8.958573],[-79.542097,8.958592],[-79.542067,8.958597],[-79.542084,8.95864],[-79.542135,8.95863],[-79.54225,8.958672]]]}},{"type":"Feature","properties":{"name":null},"geometry":{"type":"Polygon","coordinates":[[[-79.542252,8.958092],[-79.542235,8.958087],[-79.541992,8.958022],[-79.542118,8.957855],[-79.542258,8.957952],[-79.542232,8.958015],[-79.542252,8.958092]]]}},{"type":"Feature","properties":{"name":null},"geometry":{"type":"Polygon","coordinates":[[[-79.541961,8.957861],[-79.541859,8.958],[-79.541846,8.958006],[-79.541806,8.957898],[-79.541827,8.957872],[-79.541881,8.957801],[-79.541961,8.957861]]]}},{"type":"Feature","properties":{"name":null},"geometry":{"type":"Polygon","coordinates":[[[-79.542252,8.958273],[-79.542257,8.95821],[-79.542222,8.95821],[-79.542235,8.958087],[-79.542252,8.958092],[-79.542318,8.958109],[-79.542303,8.958281],[-79.542252,8.958273]]]}},{"type":"Feature","properties":{"name":null},"geometry":{"type":"Polygon","coordinates":[[[-79.544767,8.948957],[-79.54453,8.94899],[-79.544514,8.948873],[-79.544777,8.948837],[-79.544794,8.948954],[-79.544767,8.948957]]]}},{"type":"Feature","properties":{"name":null},"geometry":{"type":"Polygon","coordinates":[[[-79.541603,8.964902],[-79.541585,8.964851],[-79.541574,8.964855],[-79.541512,8.964876],[-79.54153,8.964927],[-79.541603,8.964902]]]}},{"type":"Feature","properties":{"name":null},"geometry":{"type":"Polygon","coordinates":[[[-79.541574,8.964855],[-79.541556,8.964806],[-79.541509,8.964822],[-79.541495,8.964827],[-79.541512,8.964876],[-79.541574,8.964855]]]}},{"type":"Feature","properties":{"name":null},"geometry":{"type":"Polygon","coordinates":[[[-79.541509,8.964822],[-79.541496,8.964786],[-79.541555,8.964764],[-79.541568,8.964801],[-79.541556,8.964806],[-79.541509,8.964822]]]}},{"type":"Feature","properties":{"name":null},"geometry":{"type":"Polygon","coordinates":[[[-79.534721,8.95193],[-79.534778,8.951935],[-79.534765,8.952071],[-79.534523,8.952048],[-79.534536,8.951912],[-79.534595,8.951918],[-79.534721,8.95193]]]}},{"type":"Feature","properties":{"name":null},"geometry":{"type":"Polygon","coordinates":[[[-79.534122,8.954063],[-79.534119,8.954199],[-79.533759,8.95419],[-79.533762,8.954072],[-79.533762,8.954054],[-79.534122,8.954063]]]}},{"type":"Feature","properties":{"name":null},"geometry":{"type":"Polygon","coordinates":[[[-79.534245,8.954152],[-79.53429,8.954153],[-79.534292,8.954093],[-79.534246,8.954091],[-79.534245,8.954152]]]}},{"type":"Feature","properties":{"name":null},"geometry":{"type":"Polygon","coordinates":[[[-79.535603,8.952813],[-79.535596,8.952823],[-79.535585,8.95283],[-79.535573,8.952832],[-79.535561,8.952831],[-79.535551,8.952827],[-79.535542,8.952819],[-79.535537,8.952809],[-79.535534,8.952798],[-79.535535,8.952787],[-79.53554,8.952776],[-79.535548,8.952768],[-79.535558,8.952762],[-79.535569,8.95276],[-79.535582,8.952762],[-79.535593,8.952768],[-79.535602,8.952777],[-79.535607,8.952788],[-79.535607,8.952801],[-79.535603,8.952813]]]}},{"type":"Feature","properties":{"name":null},"geometry":{"type":"Polygon","coordinates":[[[-79.535374,8.952782],[-79.535527,8.952795],[-79.535525,8.952821],[-79.535372,8.952809],[-79.535374,8.952782]]]}},{"type":"Feature","properties":{"name":null},"geometry":{"type":"Polygon","coordinates":[[[-79.534325,8.952572],[-79.534119,8.952554],[-79.534131,8.952421],[-79.534337,8.952439],[-79.534325,8.952572]]]}},{"type":"Feature","properties":{"name":null},"geometry":{"type":"Polygon","coordinates":[[[-79.533884,8.953],[-79.533894,8.9529],[-79.533896,8.952876],[-79.533861,8.952873],[-79.533872,8.952764],[-79.533802,8.952758],[-79.53378,8.952988],[-79.533884,8.953]]]}},{"type":"Feature","properties":{"name":null},"geometry":{"type":"Polygon","coordinates":[[[-79.534118,8.953084],[-79.53413,8.952965],[-79.534131,8.952955],[-79.534004,8.952943],[-79.534007,8.952911],[-79.533894,8.9529],[-79.533884,8.953],[-79.533878,8.953061],[-79.534118,8.953084]]]}},{"type":"Feature","properties":{"name":null},"geometry":{"type":"Polygon","coordinates":[[[-79.545806,8.948595],[-79.54583,8.94867],[-79.546055,8.9486],[-79.545994,8.948408],[-79.545914,8.948433],[-79.545951,8.94855],[-79.545806,8.948595]]]}},{"type":"Feature","properties":{"name":null},"geometry":{"type":"Polygon","coordinates":[[[-79.545932,8.94851],[-79.545908,8.948435],[-79.545682,8.948505],[-79.545743,8.948697],[-79.545823,8.948672],[-79.545786,8.948555],[-79.545932,8.94851]]]}},{"type":"Feature","properties":{"name":null},"geometry":{"type":"Polygon","coordinates":[[[-79.546638,8.948326],[-79.546662,8.948401],[-79.546888,8.948331],[-79.546827,8.948139],[-79.546747,8.948164],[-79.546784,8.948281],[-79.546638,8.948326]]]}},{"type":"Feature","properties":{"name":null},"geometry":{"type":"Polygon","coordinates":[[[-79.546764,8.948241],[-79.546741,8.948166],[-79.546515,8.948236],[-79.546576,8.948428],[-79.546656,8.948403],[-79.546619,8.948286],[-79.546764,8.948241]]]}},{"type":"Feature","properties":{"name":null},"geometry":{"type":"Polygon","coordinates":[[[-79.543299,8.950605],[-79.543322,8.950656],[-79.543284,8.950673],[-79.543302,8.950714],[-79.54334,8.950697],[-79.543365,8.95075],[-79.543251,8.9508],[-79.543227,8.950747],[-79.543248,8.950737],[-79.54323,8.950697],[-79.543208,8.950706],[-79.543185,8.950655],[-79.543299,8.950605]]]}},{"type":"Feature","properties":{"name":null},"geometry":{"type":"Polygon","coordinates":[[[-79.543155,8.950669],[-79.543178,8.95072],[-79.543139,8.950737],[-79.543157,8.950777],[-79.543196,8.95076],[-79.54322,8.950814],[-79.543106,8.950864],[-79.543082,8.95081],[-79.543103,8.950801],[-79.543085,8.950761],[-79.543064,8.95077],[-79.543041,8.950719],[-79.543155,8.950669]]]}},{"type":"Feature","properties":{"name":"Restaurante Miramar"},"geometry":{"type":"Polygon","coordinates":[[[-79.543366,8.949387],[-79.543398,8.949484],[-79.543383,8.949513],[-79.543284,8.949543],[-79.543289,8.949412],[-79.543366,8.949387]]]}},{"type":"Feature","properties":{"name":null},"geometry":{"type":"Polygon","coordinates":[[[-79.543008,8.949343],[-79.543086,8.949317],[-79.54303,8.949152],[-79.542953,8.949178],[-79.543008,8.949343]]]}},{"type":"Feature","properties":{"name":null},"geometry":{"type":"Polygon","coordinates":[[[-79.543008,8.949343],[-79.542405,8.94954],[-79.542314,8.94957],[-79.541704,8.94977],[-79.541649,8.949605],[-79.541825,8.949547],[-79.542307,8.949389],[-79.542784,8.949233],[-79.542953,8.949178],[-79.543008,8.949343]]]}},{"type":"Feature","properties":{"name":null},"geometry":{"type":"Polygon","coordinates":[[[-79.540058,8.958788],[-79.540176,8.958745],[-79.54012,8.958596],[-79.540001,8.958639],[-79.540007,8.958654],[-79.540058,8.958788]]]}},{"type":"Feature","properties":{"name":null},"geometry":{"type":"Polygon","coordinates":[[[-79.540301,8.9587],[-79.540235,8.958724],[-79.54017,8.958544],[-79.540208,8.958527],[-79.540232,8.958516],[-79.540301,8.9587]]]}},{"type":"Feature","properties":{"name":null},"geometry":{"type":"Polygon","coordinates":[[[-79.540791,8.958271],[-79.540731,8.958137],[-79.540655,8.958171],[-79.540595,8.958039],[-79.540672,8.958005],[-79.540586,8.957814],[-79.540719,8.957755],[-79.540925,8.958212],[-79.540791,8.958271]]]}},{"type":"Feature","properties":{"name":null},"geometry":{"type":"Polygon","coordinates":[[[-79.543318,8.957921],[-79.54321,8.957842],[-79.54305,8.957723],[-79.542985,8.957808],[-79.542921,8.957892],[-79.543081,8.95801],[-79.54319,8.95809],[-79.543253,8.958007],[-79.543318,8.957921]]]}},{"type":"Feature","properties":{"name":null},"geometry":{"type":"Polygon","coordinates":[[[-79.54319,8.95809],[-79.543253,8.958007],[-79.543318,8.957921],[-79.54321,8.957842],[-79.54305,8.957723],[-79.542921,8.957892],[-79.543081,8.95801],[-79.54319,8.95809]]]}},{"type":"Feature","properties":{"name":null},"geometry":{"type":"Polygon","coordinates":[[[-79.544536,8.955331],[-79.544589,8.955263],[-79.544523,8.955213],[-79.54447,8.955281],[-79.544536,8.955331]]]}},{"type":"Feature","properties":{"name":null},"geometry":{"type":"Polygon","coordinates":[[[-79.544635,8.955401],[-79.544688,8.955332],[-79.544621,8.955282],[-79.544568,8.955351],[-79.544635,8.955401]]]}},{"type":"Feature","properties":{"name":null},"geometry":{"type":"Polygon","coordinates":[[[-79.544339,8.955191],[-79.544391,8.955122],[-79.544325,8.955072],[-79.544272,8.955141],[-79.544339,8.955191]]]}},{"type":"Feature","properties":{"name":null},"geometry":{"type":"Polygon","coordinates":[[[-79.544352,8.955374],[-79.544405,8.955305],[-79.544339,8.955255],[-79.544286,8.955324],[-79.544352,8.955374]]]}},{"type":"Feature","properties":{"name":null},"geometry":{"type":"Polygon","coordinates":[[[-79.544254,8.955304],[-79.544307,8.955235],[-79.544241,8.955185],[-79.544188,8.955254],[-79.544254,8.955304]]]}},{"type":"Feature","properties":{"name":null},"geometry":{"type":"Polygon","coordinates":[[[-79.544453,8.955446],[-79.544506,8.955377],[-79.544439,8.955327],[-79.544387,8.955396],[-79.544453,8.955446]]]}},{"type":"Feature","properties":{"name":null},"geometry":{"type":"Polygon","coordinates":[[[-79.544552,8.955515],[-79.544604,8.955446],[-79.544538,8.955396],[-79.544485,8.955465],[-79.544552,8.955515]]]}},{"type":"Feature","properties":{"name":null},"geometry":{"type":"Polygon","coordinates":[[[-79.544615,8.955224],[-79.544668,8.955156],[-79.544602,8.955106],[-79.544549,8.955174],[-79.544615,8.955224]]]}},{"type":"Feature","properties":{"name":null},"geometry":{"type":"Polygon","coordinates":[[[-79.544713,8.955294],[-79.544766,8.955225],[-79.544699,8.955175],[-79.544646,8.955244],[-79.544713,8.955294]]]}},{"type":"Feature","properties":{"name":null},"geometry":{"type":"Polygon","coordinates":[[[-79.544472,8.955621],[-79.544525,8.955553],[-79.544458,8.955503],[-79.544406,8.955571],[-79.544472,8.955621]]]}},{"type":"Feature","properties":{"name":null},"geometry":{"type":"Polygon","coordinates":[[[-79.544372,8.955551],[-79.544425,8.955483],[-79.544359,8.955433],[-79.544306,8.955502],[-79.544372,8.955551]]]}},{"type":"Feature","properties":{"name":null},"geometry":{"type":"Polygon","coordinates":[[[-79.544275,8.95548],[-79.544328,8.955411],[-79.544261,8.955361],[-79.544208,8.95543],[-79.544275,8.95548]]]}},{"type":"Feature","properties":{"name":null},"geometry":{"type":"Polygon","coordinates":[[[-79.544176,8.955408],[-79.544229,8.95534],[-79.544162,8.95529],[-79.544109,8.955359],[-79.544176,8.955408]]]}},{"type":"Feature","properties":{"name":null},"geometry":{"type":"Polygon","coordinates":[[[-79.544187,8.956995],[-79.544033,8.956883],[-79.544081,8.95682],[-79.544183,8.956684],[-79.544336,8.956795],[-79.544234,8.956932],[-79.544214,8.956918],[-79.544186,8.956956],[-79.544205,8.95697],[-79.544187,8.956995]]]}},{"type":"Feature","properties":{"name":null},"geometry":{"type":"Polygon","coordinates":[[[-79.541347,8.957277],[-79.541314,8.957328],[-79.541281,8.957327],[-79.541162,8.957242],[-79.541245,8.957201],[-79.541347,8.957277]]]}},{"type":"Feature","properties":{"name":null},"geometry":{"type":"Polygon","coordinates":[[[-79.541439,8.957482],[-79.541342,8.957403],[-79.541258,8.957396],[-79.541206,8.957358],[-79.541149,8.957385],[-79.541235,8.95759],[-79.541439,8.957482]]]}},{"type":"Feature","properties":{"name":null},"geometry":{"type":"Polygon","coordinates":[[[-79.54121,8.958366],[-79.541168,8.958282],[-79.541386,8.958174],[-79.541429,8.958258],[-79.54121,8.958366]]]}},{"type":"Feature","properties":{"name":null},"geometry":{"type":"Polygon","coordinates":[[[-79.541647,8.95767],[-79.541443,8.957749],[-79.541526,8.95796],[-79.54172,8.957885],[-79.54173,8.957881],[-79.541647,8.95767]]]}},{"type":"Feature","properties":{"name":null},"geometry":{"type":"Polygon","coordinates":[[[-79.541443,8.957749],[-79.541426,8.957706],[-79.541637,8.957638],[-79.541647,8.95767],[-79.541443,8.957749]]]}},{"type":"Feature","properties":{"name":null},"geometry":{"type":"Polygon","coordinates":[[[-79.54172,8.957885],[-79.541748,8.957954],[-79.541554,8.958029],[-79.541526,8.95796],[-79.54172,8.957885]]]}},{"type":"Feature","properties":{"name":null},"geometry":{"type":"Polygon","coordinates":[[[-79.541814,8.958516],[-79.541803,8.958493],[-79.541787,8.958464],[-79.541923,8.958415],[-79.541941,8.958467],[-79.541814,8.958516]]]}},{"type":"Feature","properties":{"name":null},"geometry":{"type":"Polygon","coordinates":[[[-79.541445,8.958412],[-79.541461,8.958446],[-79.541677,8.95834],[-79.541647,8.958264],[-79.541637,8.958239],[-79.541462,8.958324],[-79.541419,8.958345],[-79.541452,8.958409],[-79.541445,8.958412]]]}},{"type":"Feature","properties":{"name":null},"geometry":{"type":"Polygon","coordinates":[[[-79.543816,8.959012],[-79.543819,8.958985],[-79.543814,8.95896],[-79.543802,8.958938],[-79.543783,8.958921],[-79.543759,8.958911],[-79.543734,8.958908],[-79.543709,8.958914],[-79.543687,8.958927],[-79.54367,8.958946],[-79.54366,8.958969],[-79.543658,8.958994],[-79.543664,8.959021],[-79.54368,8.959044],[-79.543702,8.95906],[-79.543729,8.959068],[-79.543757,8.959066],[-79.543783,8.959056],[-79.543803,8.959037],[-79.543816,8.959012]]]}},{"type":"Feature","properties":{"name":null},"geometry":{"type":"Polygon","coordinates":[[[-79.539375,8.956595],[-79.539388,8.956652],[-79.539426,8.956643],[-79.539413,8.956586],[-79.539375,8.956595]]]}},{"type":"Feature","properties":{"name":null},"geometry":{"type":"Polygon","coordinates":[[[-79.539396,8.956681],[-79.539388,8.956652],[-79.539375,8.956595],[-79.539368,8.956565],[-79.539171,8.956611],[-79.539185,8.956669],[-79.539199,8.956727],[-79.539396,8.956681]]]}},{"type":"Feature","properties":{"name":null},"geometry":{"type":"Polygon","coordinates":[[[-79.536703,8.952822],[-79.536601,8.952805],[-79.536397,8.952771],[-79.536426,8.952596],[-79.536733,8.952647],[-79.536727,8.952678],[-79.536756,8.952683],[-79.536736,8.952801],[-79.536707,8.952797],[-79.536703,8.952822]]]}},{"type":"Feature","properties":{"name":null},"geometry":{"type":"Polygon","coordinates":[[[-79.535632,8.952606],[-79.535437,8.95259],[-79.535428,8.952696],[-79.535623,8.952712],[-79.535632,8.952606]]]}},{"type":"Feature","properties":{"name":null},"geometry":{"type":"Polygon","coordinates":[[[-79.536925,8.952792],[-79.53697,8.952693],[-79.537037,8.952723],[-79.537075,8.95274],[-79.537141,8.952769],[-79.537096,8.952868],[-79.537056,8.952851],[-79.537031,8.95284],[-79.536992,8.952823],[-79.536925,8.952792]]]}},{"type":"Feature","properties":{"name":null},"geometry":{"type":"Polygon","coordinates":[[[-79.536597,8.955566],[-79.536737,8.955446],[-79.536782,8.955537],[-79.536612,8.955595],[-79.536597,8.955566]]]}},{"type":"Feature","properties":{"name":null},"geometry":{"type":"Polygon","coordinates":[[[-79.536597,8.955566],[-79.536493,8.955363],[-79.536635,8.95524],[-79.536724,8.955418],[-79.536737,8.955446],[-79.536597,8.955566]]]}},{"type":"Feature","properties":{"name":null},"geometry":{"type":"Polygon","coordinates":[[[-79.537072,8.956042],[-79.53702,8.955872],[-79.536903,8.955909],[-79.536965,8.956075],[-79.537072,8.956042]]]}},{"type":"Feature","properties":{"name":null},"geometry":{"type":"Polygon","coordinates":[[[-79.537157,8.956015],[-79.537101,8.955846],[-79.537207,8.955813],[-79.537262,8.955983],[-79.537157,8.956015]]]}},{"type":"Feature","properties":{"name":null},"geometry":{"type":"Polygon","coordinates":[[[-79.537157,8.956015],[-79.537072,8.956042],[-79.53702,8.955872],[-79.537101,8.955846],[-79.537157,8.956015]]]}},{"type":"Feature","properties":{"name":null},"geometry":{"type":"Polygon","coordinates":[[[-79.540565,8.961714],[-79.540292,8.961898],[-79.540298,8.961907],[-79.540313,8.961929],[-79.540586,8.961745],[-79.540575,8.961728],[-79.540565,8.961714]]]}},{"type":"Feature","properties":{"name":null},"geometry":{"type":"Polygon","coordinates":[[[-79.540169,8.959789],[-79.540138,8.959673],[-79.539995,8.959709],[-79.540029,8.959827],[-79.540169,8.959789]]]}},{"type":"Feature","properties":{"name":null},"geometry":{"type":"Polygon","coordinates":[[[-79.539682,8.959007],[-79.539805,8.958977],[-79.539737,8.958939],[-79.53969,8.958956],[-79.539682,8.959007]]]}},{"type":"Feature","properties":{"name":null},"geometry":{"type":"Polygon","coordinates":[[[-79.534531,8.952836],[-79.534528,8.952868],[-79.534475,8.952863],[-79.534467,8.952944],[-79.53444,8.952941],[-79.534451,8.952828],[-79.534531,8.952836]]]}},{"type":"Feature","properties":{"name":null},"geometry":{"type":"Polygon","coordinates":[[[-79.53459,8.952841],[-79.534586,8.952874],[-79.534641,8.952879],[-79.534633,8.95296],[-79.534658,8.952962],[-79.534669,8.952849],[-79.53459,8.952841]]]}},{"type":"Feature","properties":{"name":null},"geometry":{"type":"Polygon","coordinates":[[[-79.534562,8.953118],[-79.534566,8.953084],[-79.53462,8.953089],[-79.534628,8.953009],[-79.534653,8.953011],[-79.534642,8.953125],[-79.534562,8.953118]]]}},{"type":"Feature","properties":{"name":null},"geometry":{"type":"Polygon","coordinates":[[[-79.534504,8.953112],[-79.534507,8.953078],[-79.534455,8.953073],[-79.534462,8.952993],[-79.534435,8.95299],[-79.534424,8.953104],[-79.534504,8.953112]]]}},{"type":"Feature","properties":{"name":null},"geometry":{"type":"Polygon","coordinates":[[[-79.540391,8.959457],[-79.540325,8.959476],[-79.540351,8.959566],[-79.540376,8.959559],[-79.540387,8.959598],[-79.540428,8.959586],[-79.540391,8.959457]]]}},{"type":"Feature","properties":{"name":null},"geometry":{"type":"Polygon","coordinates":[[[-79.541773,8.960361],[-79.541772,8.960354],[-79.541769,8.960276],[-79.541915,8.960264],[-79.541911,8.96035],[-79.541773,8.960361]]]}},{"type":"Feature","properties":{"name":null},"geometry":{"type":"Polygon","coordinates":[[[-79.541648,8.96041],[-79.541601,8.960326],[-79.541768,8.960269],[-79.541769,8.960276],[-79.541772,8.960354],[-79.541749,8.960365],[-79.541648,8.96041]]]}},{"type":"Feature","properties":{"name":null},"geometry":{"type":"Polygon","coordinates":[[[-79.541915,8.960264],[-79.541916,8.960212],[-79.541746,8.960223],[-79.541768,8.960269],[-79.541769,8.960276],[-79.541915,8.960264]]]}},{"type":"Feature","properties":{"name":null},"geometry":{"type":"Polygon","coordinates":[[[-79.54192,8.96008],[-79.541921,8.960027],[-79.541776,8.960015],[-79.541773,8.96009],[-79.54181,8.960091],[-79.541809,8.960112],[-79.54192,8.96008]]]}},{"type":"Feature","properties":{"name":null},"geometry":{"type":"Polygon","coordinates":[[[-79.541924,8.959916],[-79.541927,8.959787],[-79.541744,8.959763],[-79.541729,8.959847],[-79.541699,8.95984],[-79.541687,8.95991],[-79.54175,8.959922],[-79.541756,8.959882],[-79.541789,8.959889],[-79.541924,8.959916]]]}},{"type":"Feature","properties":{"name":null},"geometry":{"type":"Polygon","coordinates":[[[-79.541657,8.960879],[-79.541668,8.960881],[-79.541644,8.960937],[-79.54144,8.960901],[-79.541451,8.960846],[-79.541657,8.960879]]]}},{"type":"Feature","properties":{"name":null},"geometry":{"type":"Polygon","coordinates":[[[-79.541661,8.959583],[-79.541931,8.959642],[-79.541929,8.959721],[-79.541718,8.959685],[-79.541648,8.959673],[-79.541661,8.959583]]]}},{"type":"Feature","properties":{"name":null},"geometry":{"type":"Polygon","coordinates":[[[-79.541931,8.959642],[-79.541933,8.959543],[-79.541823,8.959523],[-79.541636,8.959486],[-79.541618,8.959577],[-79.541661,8.959583],[-79.541931,8.959642]]]}},{"type":"Feature","properties":{"name":null},"geometry":{"type":"Polygon","coordinates":[[[-79.541927,8.959787],[-79.541929,8.959721],[-79.541718,8.959685],[-79.541705,8.959758],[-79.541744,8.959763],[-79.541927,8.959787]]]}},{"type":"Feature","properties":{"name":null},"geometry":{"type":"Polygon","coordinates":[[[-79.541326,8.959696],[-79.541328,8.95963],[-79.541648,8.959673],[-79.541718,8.959685],[-79.541705,8.959758],[-79.541326,8.959696]]]}},{"type":"Feature","properties":{"name":null},"geometry":{"type":"Polygon","coordinates":[[[-79.541616,8.959368],[-79.541676,8.959381],[-79.541689,8.959134],[-79.541622,8.959135],[-79.541616,8.959368]]]}},{"type":"Feature","properties":{"name":null},"geometry":{"type":"Polygon","coordinates":[[[-79.541635,8.95901],[-79.541631,8.958968],[-79.541327,8.958998],[-79.541333,8.95904],[-79.541495,8.959024],[-79.541635,8.95901]]]}},{"type":"Feature","properties":{"name":null},"geometry":{"type":"Polygon","coordinates":[[[-79.541301,8.958815],[-79.541313,8.958899],[-79.541634,8.958851],[-79.541539,8.95878],[-79.541301,8.958815]]]}},{"type":"Feature","properties":{"name":null},"geometry":{"type":"Polygon","coordinates":[[[-79.54099,8.95896],[-79.540954,8.95897],[-79.540976,8.959052],[-79.541014,8.959042],[-79.54099,8.95896]]]}},{"type":"Feature","properties":{"name":null},"geometry":{"type":"Polygon","coordinates":[[[-79.540892,8.958815],[-79.54091,8.95881],[-79.540979,8.958787],[-79.54114,8.958734],[-79.541121,8.958675],[-79.540872,8.958757],[-79.540892,8.958815]]]}},{"type":"Feature","properties":{"name":null},"geometry":{"type":"Polygon","coordinates":[[[-79.541121,8.958675],[-79.541101,8.958616],[-79.540852,8.958698],[-79.540872,8.958757],[-79.541121,8.958675]]]}},{"type":"Feature","properties":{"name":null},"geometry":{"type":"Polygon","coordinates":[[[-79.541101,8.958616],[-79.541067,8.958517],[-79.540719,8.958633],[-79.540777,8.958806],[-79.540792,8.958848],[-79.540829,8.958836],[-79.540892,8.958815],[-79.540872,8.958757],[-79.540852,8.958698],[-79.541101,8.958616]]]}},{"type":"Feature","properties":{"name":null},"geometry":{"type":"Polygon","coordinates":[[[-79.540613,8.958949],[-79.540701,8.958924],[-79.540702,8.958927],[-79.540715,8.958974],[-79.540627,8.958998],[-79.540613,8.958949]]]}},{"type":"Feature","properties":{"name":null},"geometry":{"type":"Polygon","coordinates":[[[-79.540715,8.958974],[-79.540786,8.958955],[-79.540774,8.958908],[-79.540702,8.958927],[-79.540715,8.958974]]]}},{"type":"Feature","properties":{"name":null},"geometry":{"type":"Polygon","coordinates":[[[-79.542388,8.960891],[-79.542289,8.960975],[-79.542258,8.961001],[-79.542313,8.961065],[-79.542444,8.960955],[-79.542388,8.960891]]]}},{"type":"Feature","properties":{"name":null},"geometry":{"type":"Polygon","coordinates":[[[-79.542289,8.960975],[-79.542261,8.960942],[-79.54223,8.960969],[-79.542258,8.961001],[-79.542289,8.960975]]]}},{"type":"Feature","properties":{"name":null},"geometry":{"type":"Polygon","coordinates":[[[-79.542227,8.960901],[-79.542199,8.960869],[-79.542167,8.960896],[-79.542195,8.960928],[-79.542227,8.960901]]]}},{"type":"Feature","properties":{"name":null},"geometry":{"type":"Polygon","coordinates":[[[-79.542289,8.960975],[-79.542388,8.960891],[-79.542424,8.960861],[-79.542333,8.960756],[-79.542199,8.960869],[-79.542227,8.960901],[-79.542195,8.960928],[-79.54223,8.960969],[-79.542261,8.960942],[-79.542289,8.960975]]]}},{"type":"Feature","properties":{"name":null},"geometry":{"type":"Polygon","coordinates":[[[-79.542674,8.961235],[-79.542728,8.961215],[-79.542767,8.961376],[-79.542756,8.96138],[-79.542674,8.961235]]]}},{"type":"Feature","properties":{"name":"Funeraria La Eterna Paz"},"geometry":{"type":"Polygon","coordinates":[[[-79.542678,8.960893],[-79.542683,8.960929],[-79.542665,8.960934],[-79.54262,8.960948],[-79.542556,8.960898],[-79.542554,8.960885],[-79.542606,8.96088],[-79.54261,8.960902],[-79.542678,8.960893]]]}},{"type":"Feature","properties":{"name":null},"geometry":{"type":"Polygon","coordinates":[[[-79.542597,8.961264],[-79.542581,8.961242],[-79.542614,8.961227],[-79.542588,8.961176],[-79.542582,8.961178],[-79.542444,8.960955],[-79.542313,8.961065],[-79.542294,8.961081],[-79.542359,8.961266],[-79.542414,8.96127],[-79.542425,8.961253],[-79.542362,8.961114],[-79.542399,8.961097],[-79.542519,8.961293],[-79.542597,8.961264]]]}},{"type":"Feature","properties":{"name":"Base Santa Ana"},"geometry":{"type":"Polygon","coordinates":[[[-79.542324,8.960756],[-79.542182,8.96088],[-79.542072,8.960757],[-79.541986,8.960661],[-79.542078,8.960567],[-79.542184,8.960659],[-79.542193,8.960651],[-79.542258,8.960723],[-79.542278,8.960705],[-79.542324,8.960756]]]}},{"type":"Feature","properties":{"name":null},"geometry":{"type":"Polygon","coordinates":[[[-79.542184,8.960659],[-79.542072,8.960757],[-79.541986,8.960661],[-79.542078,8.960567],[-79.542184,8.960659]]]}},{"type":"Feature","properties":{"name":null},"geometry":{"type":"Polygon","coordinates":[[[-79.542193,8.960651],[-79.542184,8.960659],[-79.542072,8.960757],[-79.542182,8.96088],[-79.542324,8.960756],[-79.542278,8.960705],[-79.542258,8.960723],[-79.542193,8.960651]]]}},{"type":"Feature","properties":{"name":null},"geometry":{"type":"Polygon","coordinates":[[[-79.542572,8.962349],[-79.542569,8.962241],[-79.542133,8.962249],[-79.542136,8.962327],[-79.542137,8.962421],[-79.542573,8.962414],[-79.542572,8.962349]]]}},{"type":"Feature","properties":{"name":null},"geometry":{"type":"Polygon","coordinates":[[[-79.542569,8.962241],[-79.542638,8.962239],[-79.542641,8.962348],[-79.542572,8.962349],[-79.542569,8.962241]]]}},{"type":"Feature","properties":{"name":null},"geometry":{"type":"Polygon","coordinates":[[[-79.541913,8.962216],[-79.542146,8.962213],[-79.542145,8.96216],[-79.542143,8.961929],[-79.542141,8.961841],[-79.541907,8.961844],[-79.541908,8.961886],[-79.541912,8.962163],[-79.541913,8.962216]]]}},{"type":"Feature","properties":{"name":null},"geometry":{"type":"Polygon","coordinates":[[[-79.542145,8.96216],[-79.542544,8.962154],[-79.542543,8.962061],[-79.542542,8.961939],[-79.542446,8.961941],[-79.542446,8.961924],[-79.542344,8.961926],[-79.542143,8.961929],[-79.542145,8.96216]]]}},{"type":"Feature","properties":{"name":null},"geometry":{"type":"Polygon","coordinates":[[[-79.542641,8.962348],[-79.542664,8.962348],[-79.54266,8.962059],[-79.542543,8.962061],[-79.542544,8.962154],[-79.542145,8.96216],[-79.542146,8.962213],[-79.541913,8.962216],[-79.541914,8.962331],[-79.541923,8.96233],[-79.542136,8.962327],[-79.542133,8.962249],[-79.542569,8.962241],[-79.542638,8.962239],[-79.542641,8.962348]]]}},{"type":"Feature","properties":{"name":null},"geometry":{"type":"Polygon","coordinates":[[[-79.541701,8.960629],[-79.541738,8.960711],[-79.541722,8.960739],[-79.54146,8.960696],[-79.541462,8.960677],[-79.541564,8.960667],[-79.541701,8.960629]]]}},{"type":"Feature","properties":{"name":null},"geometry":{"type":"Polygon","coordinates":[[[-79.542115,8.961112],[-79.542204,8.961102],[-79.542175,8.961044],[-79.542096,8.960955],[-79.542065,8.961025],[-79.542054,8.96105],[-79.542115,8.961112]]]}},{"type":"Feature","properties":{"name":null},"geometry":{"type":"Polygon","coordinates":[[[-79.541646,8.961412],[-79.541982,8.961285],[-79.541966,8.961244],[-79.541911,8.961215],[-79.54163,8.961321],[-79.541644,8.961358],[-79.541628,8.961364],[-79.541646,8.961412]]]}},{"type":"Feature","properties":{"name":null},"geometry":{"type":"Polygon","coordinates":[[[-79.542006,8.961169],[-79.541966,8.961244],[-79.541982,8.961285],[-79.542022,8.961304],[-79.542006,8.961169]]]}},{"type":"Feature","properties":{"name":"Ministerio de Vivienda"},"geometry":{"type":"Polygon","coordinates":[[[-79.538343,8.961131],[-79.538304,8.961078],[-79.538286,8.961054],[-79.538586,8.96084],[-79.538579,8.96083],[-79.538666,8.960769],[-79.538729,8.960855],[-79.538343,8.961131]]]}},{"type":"Feature","properties":{"name":null},"geometry":{"type":"Polygon","coordinates":[[[-79.538803,8.960833],[-79.538864,8.96079],[-79.538985,8.960704],[-79.538911,8.960601],[-79.538789,8.960686],[-79.538728,8.960729],[-79.538791,8.960817],[-79.538803,8.960833]]]}},{"type":"Feature","properties":{"name":null},"geometry":{"type":"Polygon","coordinates":[[[-79.538864,8.96079],[-79.538789,8.960686],[-79.538728,8.960729],[-79.538791,8.960817],[-79.538803,8.960833],[-79.538864,8.96079]]]}},{"type":"Feature","properties":{"name":"Almacén del Ministerio de Vivienda Marañón"},"geometry":{"type":"Polygon","coordinates":[[[-79.53856,8.961431],[-79.538456,8.961284],[-79.538237,8.961437],[-79.538173,8.961348],[-79.538256,8.96129],[-79.538418,8.961177],[-79.538413,8.96117],[-79.538591,8.961046],[-79.538603,8.961062],[-79.538654,8.961027],[-79.53869,8.961077],[-79.538868,8.960953],[-79.538906,8.961007],[-79.539151,8.960838],[-79.539229,8.960947],[-79.539104,8.961034],[-79.539125,8.961063],[-79.53912,8.961066],[-79.539146,8.961101],[-79.538678,8.961427],[-79.538641,8.961374],[-79.53856,8.961431]]]}},{"type":"Feature","properties":{"name":null},"geometry":{"type":"Polygon","coordinates":[[[-79.539143,8.960686],[-79.539073,8.960584],[-79.538976,8.960649],[-79.539005,8.960691],[-79.539046,8.960751],[-79.539143,8.960686]]]}},{"type":"Feature","properties":{"name":null},"geometry":{"type":"Polygon","coordinates":[[[-79.538252,8.961284],[-79.538172,8.96117],[-79.538103,8.961217],[-79.538183,8.961331],[-79.538252,8.961284]]]}},{"type":"Feature","properties":{"name":"P.H. Plaza del Pacifico"},"geometry":{"type":"Polygon","coordinates":[[[-79.538137,8.96097],[-79.537963,8.961092],[-79.537895,8.961139],[-79.53787,8.961132],[-79.537581,8.960731],[-79.537582,8.960705],[-79.537781,8.960559],[-79.537795,8.960578],[-79.537831,8.960551],[-79.537838,8.96056],[-79.537852,8.96055],[-79.537903,8.960561],[-79.537914,8.960576],[-79.537923,8.960569],[-79.537982,8.960648],[-79.537973,8.960654],[-79.537982,8.960668],[-79.537978,8.960721],[-79.537964,8.960731],[-79.537972,8.960742],[-79.537997,8.960778],[-79.538003,8.960787],[-79.538017,8.960777],[-79.538068,8.960788],[-79.538079,8.960803],[-79.538088,8.960796],[-79.538147,8.960876],[-79.538138,8.960882],[-79.538148,8.960895],[-79.538143,8.960949],[-79.538129,8.960959],[-79.538137,8.96097]]]}},{"type":"Feature","properties":{"name":null},"geometry":{"type":"Polygon","coordinates":[[[-79.537963,8.961092],[-79.537895,8.961139],[-79.53787,8.961132],[-79.537581,8.960731],[-79.537582,8.960705],[-79.537781,8.960559],[-79.537795,8.960578],[-79.537658,8.960674],[-79.537667,8.960687],[-79.537655,8.960695],[-79.537636,8.960755],[-79.537646,8.960769],[-79.537636,8.960776],[-79.537694,8.960856],[-79.537703,8.96085],[-79.537712,8.960862],[-79.537778,8.960863],[-79.53779,8.960854],[-79.537799,8.960866],[-79.537972,8.960742],[-79.537997,8.960778],[-79.537824,8.960902],[-79.537833,8.960914],[-79.53782,8.960923],[-79.537801,8.960983],[-79.537811,8.960997],[-79.537801,8.961004],[-79.53786,8.961083],[-79.537868,8.961077],[-79.537877,8.96109],[-79.537944,8.96109],[-79.537956,8.961082],[-79.537963,8.961092]]]}},{"type":"Feature","properties":{"name":"Fonda Hnos Navarro"},"geometry":{"type":"Polygon","coordinates":[[[-79.539031,8.960516],[-79.539046,8.960506],[-79.53907,8.960509],[-79.539124,8.960587],[-79.539094,8.960608],[-79.539031,8.960516]]]}},{"type":"Feature","properties":{"name":null},"geometry":{"type":"Polygon","coordinates":[[[-79.539186,8.960675],[-79.539238,8.960749],[-79.539206,8.960771],[-79.539155,8.960696],[-79.539186,8.960675]]]}},{"type":"Feature","properties":{"name":"Fonda Dodne Perico"},"geometry":{"type":"Polygon","coordinates":[[[-79.539238,8.960749],[-79.539282,8.960813],[-79.539272,8.960819],[-79.539249,8.960834],[-79.539206,8.960771],[-79.539238,8.960749]]]}},{"type":"Feature","properties":{"name":null},"geometry":{"type":"Polygon","coordinates":[[[-79.539313,8.960879],[-79.539272,8.960819],[-79.539249,8.960834],[-79.53929,8.960894],[-79.539313,8.960879]]]}},{"type":"Feature","properties":{"name":null},"geometry":{"type":"Polygon","coordinates":[[[-79.539186,8.960675],[-79.539152,8.960626],[-79.53912,8.960646],[-79.539146,8.960684],[-79.539155,8.960696],[-79.539186,8.960675]]]}},{"type":"Feature","properties":{"name":"Barberia Chino"},"geometry":{"type":"Polygon","coordinates":[[[-79.539152,8.960626],[-79.539124,8.960587],[-79.539094,8.960608],[-79.53912,8.960646],[-79.539152,8.960626]]]}},{"type":"Feature","properties":{"name":"P.H. Costa Mar"},"geometry":{"type":"Polygon","coordinates":[[[-79.537384,8.961938],[-79.537321,8.961855],[-79.53734,8.96184],[-79.537349,8.961786],[-79.537333,8.961764],[-79.53742,8.961703],[-79.537435,8.961723],[-79.537489,8.961732],[-79.537505,8.961719],[-79.537568,8.961803],[-79.53755,8.961817],[-79.537541,8.96187],[-79.537555,8.96189],[-79.537468,8.961951],[-79.537456,8.961934],[-79.537402,8.961925],[-79.537384,8.961938]]]}},{"type":"Feature","properties":{"name":null},"geometry":{"type":"Polygon","coordinates":[[[-79.5371,8.957025],[-79.537072,8.956936],[-79.537047,8.956856],[-79.537021,8.956773],[-79.536933,8.956799],[-79.537013,8.957052],[-79.5371,8.957025]]]}},{"type":"Feature","properties":{"name":null},"geometry":{"type":"Polygon","coordinates":[[[-79.5371,8.957025],[-79.537288,8.956967],[-79.537444,8.956919],[-79.537387,8.956738],[-79.537365,8.956667],[-79.537313,8.956683],[-79.537197,8.956718],[-79.537021,8.956773],[-79.537047,8.956856],[-79.537197,8.95681],[-79.537222,8.95689],[-79.537072,8.956936],[-79.5371,8.957025]]]}},{"type":"Feature","properties":{"name":null},"geometry":{"type":"Polygon","coordinates":[[[-79.532949,8.952661],[-79.532997,8.952665],[-79.532994,8.952706],[-79.532979,8.952894],[-79.532975,8.952936],[-79.532927,8.952933],[-79.532949,8.952661]]]}},{"type":"Feature","properties":{"name":null},"geometry":{"type":"Polygon","coordinates":[[[-79.533228,8.952682],[-79.533274,8.952686],[-79.533252,8.952958],[-79.533206,8.952954],[-79.53321,8.952912],[-79.533225,8.952724],[-79.533228,8.952682]]]}},{"type":"Feature","properties":{"name":null},"geometry":{"type":"Polygon","coordinates":[[[-79.532994,8.952706],[-79.533225,8.952724],[-79.53321,8.952912],[-79.532979,8.952894],[-79.532994,8.952706]]]}},{"type":"Feature","properties":{"name":null},"geometry":{"type":"Polygon","coordinates":[[[-79.533206,8.952954],[-79.532975,8.952936],[-79.532979,8.952894],[-79.53321,8.952912],[-79.533206,8.952954]]]}},{"type":"Feature","properties":{"name":null},"geometry":{"type":"Polygon","coordinates":[[[-79.532997,8.952665],[-79.533005,8.952568],[-79.533054,8.952572],[-79.533201,8.952584],[-79.533236,8.952586],[-79.533228,8.952682],[-79.533225,8.952724],[-79.532994,8.952706],[-79.532997,8.952665]]]}},{"type":"Feature","properties":{"name":null},"geometry":{"type":"Polygon","coordinates":[[[-79.53307,8.952369],[-79.533068,8.9524],[-79.533056,8.952547],[-79.533054,8.952572],[-79.533046,8.952668],[-79.532997,8.952665],[-79.532949,8.952661],[-79.532894,8.952657],[-79.532918,8.952357],[-79.533023,8.952365],[-79.53307,8.952369]]]}},{"type":"Feature","properties":{"name":null},"geometry":{"type":"Polygon","coordinates":[[[-79.533217,8.95238],[-79.533272,8.952384],[-79.53337,8.952392],[-79.533346,8.952691],[-79.533274,8.952686],[-79.533228,8.952682],[-79.533194,8.95268],[-79.533201,8.952584],[-79.533203,8.952558],[-79.533215,8.952411],[-79.533217,8.95238]]]}},{"type":"Feature","properties":{"name":null},"geometry":{"type":"Polygon","coordinates":[[[-79.533217,8.95238],[-79.53307,8.952369],[-79.533023,8.952365],[-79.533034,8.952228],[-79.533282,8.952247],[-79.533272,8.952384],[-79.533217,8.95238]]]}},{"type":"Feature","properties":{"name":null},"geometry":{"type":"Polygon","coordinates":[[[-79.533203,8.952558],[-79.533056,8.952547],[-79.533068,8.9524],[-79.533215,8.952411],[-79.533203,8.952558]]]}},{"type":"Feature","properties":{"name":null},"geometry":{"type":"Polygon","coordinates":[[[-79.533201,8.952584],[-79.533054,8.952572],[-79.533056,8.952547],[-79.533203,8.952558],[-79.533201,8.952584]]]}},{"type":"Feature","properties":{"name":null},"geometry":{"type":"Polygon","coordinates":[[[-79.533215,8.952411],[-79.533068,8.9524],[-79.53307,8.952369],[-79.533217,8.95238],[-79.533215,8.952411]]]}},{"type":"Feature","properties":{"name":null},"geometry":{"type":"Polygon","coordinates":[[[-79.534778,8.951935],[-79.534805,8.95166],[-79.534813,8.951571],[-79.534571,8.951549],[-79.534536,8.951912],[-79.534595,8.951918],[-79.534621,8.951642],[-79.534747,8.951654],[-79.534721,8.95193],[-79.534778,8.951935]]]}},{"type":"Feature","properties":{"name":null},"geometry":{"type":"Polygon","coordinates":[[[-79.534747,8.951654],[-79.534754,8.951588],[-79.534628,8.951576],[-79.534621,8.951642],[-79.534747,8.951654]]]}},{"type":"Feature","properties":{"name":null},"geometry":{"type":"Polygon","coordinates":[[[-79.534721,8.95193],[-79.534595,8.951918],[-79.534621,8.951642],[-79.534747,8.951654],[-79.534721,8.95193]]]}},{"type":"Feature","properties":{"name":null},"geometry":{"type":"Polygon","coordinates":[[[-79.534396,8.951864],[-79.53439,8.951927],[-79.534356,8.951924],[-79.534292,8.951918],[-79.534298,8.951855],[-79.534396,8.951864]]]}},{"type":"Feature","properties":{"name":null},"geometry":{"type":"Polygon","coordinates":[[[-79.53439,8.951927],[-79.534396,8.951864],[-79.534399,8.951837],[-79.534511,8.951848],[-79.534502,8.951938],[-79.53439,8.951927]]]}},{"type":"Feature","properties":{"name":null},"geometry":{"type":"Polygon","coordinates":[[[-79.535187,8.95223],[-79.535271,8.952238],[-79.535333,8.952243],[-79.535394,8.952249],[-79.535388,8.95231],[-79.535384,8.952352],[-79.535177,8.952332],[-79.535187,8.95223]]]}},{"type":"Feature","properties":{"name":null},"geometry":{"type":"Polygon","coordinates":[[[-79.535394,8.952249],[-79.535408,8.952094],[-79.535345,8.95209],[-79.535337,8.952188],[-79.535275,8.952184],[-79.535275,8.952189],[-79.535337,8.952194],[-79.535333,8.952243],[-79.535394,8.952249]]]}},{"type":"Feature","properties":{"name":null},"geometry":{"type":"Polygon","coordinates":[[[-79.535275,8.952184],[-79.535275,8.952189],[-79.535271,8.952238],[-79.535187,8.95223],[-79.535201,8.952082],[-79.535283,8.952087],[-79.535275,8.952184]]]}},{"type":"Feature","properties":{"name":null},"geometry":{"type":"Polygon","coordinates":[[[-79.535618,8.952332],[-79.535388,8.95231],[-79.535384,8.952352],[-79.535614,8.952374],[-79.535618,8.952332]]]}},{"type":"Feature","properties":{"name":null},"geometry":{"type":"Polygon","coordinates":[[[-79.535642,8.952492],[-79.535632,8.952606],[-79.535623,8.952712],[-79.53562,8.952758],[-79.535616,8.952802],[-79.535527,8.952795],[-79.535374,8.952782],[-79.535125,8.952763],[-79.535075,8.952759],[-79.53508,8.952693],[-79.535095,8.952511],[-79.5351,8.952449],[-79.53515,8.952453],[-79.535642,8.952492]]]}},{"type":"Feature","properties":{"name":null},"geometry":{"type":"Polygon","coordinates":[[[-79.535897,8.951501],[-79.53594,8.951505],[-79.535936,8.951541],[-79.535894,8.951537],[-79.535897,8.951501]]]}},{"type":"Feature","properties":{"name":null},"geometry":{"type":"Polygon","coordinates":[[[-79.534562,8.953118],[-79.534566,8.953084],[-79.53462,8.953089],[-79.534628,8.953009],[-79.534653,8.953011],[-79.534658,8.952962],[-79.534633,8.95296],[-79.534641,8.952879],[-79.534586,8.952874],[-79.53459,8.952841],[-79.534531,8.952836],[-79.534528,8.952868],[-79.534475,8.952863],[-79.534467,8.952944],[-79.53444,8.952941],[-79.534435,8.95299],[-79.534462,8.952993],[-79.534455,8.953073],[-79.534507,8.953078],[-79.534504,8.953112],[-79.534562,8.953118]]]}},{"type":"Feature","properties":{"name":null},"geometry":{"type":"Polygon","coordinates":[[[-79.532272,8.950436],[-79.53238,8.950414],[-79.532421,8.950406],[-79.532406,8.950331],[-79.532382,8.950336],[-79.532359,8.950223],[-79.532234,8.950247],[-79.532272,8.950436]]]}},{"type":"Feature","properties":{"name":null},"geometry":{"type":"Polygon","coordinates":[[[-79.532384,8.950436],[-79.532277,8.950457],[-79.532301,8.950577],[-79.532538,8.95053],[-79.532473,8.950418],[-79.532384,8.950436]]]}},{"type":"Feature","properties":{"name":null},"geometry":{"type":"Polygon","coordinates":[[[-79.5344,8.952072],[-79.534404,8.952028],[-79.534492,8.952036],[-79.53449,8.952055],[-79.534469,8.95227],[-79.534294,8.952254],[-79.534303,8.952161],[-79.534391,8.952169],[-79.5344,8.952072]]]}},{"type":"Feature","properties":{"name":null},"geometry":{"type":"Polygon","coordinates":[[[-79.5344,8.952072],[-79.534312,8.952064],[-79.534316,8.952018],[-79.534347,8.952022],[-79.534404,8.952028],[-79.5344,8.952072]]]}},{"type":"Feature","properties":{"name":null},"geometry":{"type":"Polygon","coordinates":[[[-79.540289,8.957586],[-79.540186,8.95763],[-79.540174,8.957604],[-79.540277,8.957559],[-79.540289,8.957586]]]}},{"type":"Feature","properties":{"name":null},"geometry":{"type":"Polygon","coordinates":[[[-79.540731,8.958137],[-79.540672,8.958005],[-79.540595,8.958039],[-79.540655,8.958171],[-79.540731,8.958137]]]}},{"type":"Feature","properties":{"name":null},"geometry":{"type":"Polygon","coordinates":[[[-79.555406,8.945016],[-79.555337,8.945043],[-79.555321,8.945005],[-79.55539,8.944977],[-79.555406,8.945016]]]}},{"type":"Feature","properties":{"name":null},"geometry":{"type":"Polygon","coordinates":[[[-79.555343,8.945242],[-79.555277,8.945083],[-79.555416,8.945028],[-79.555482,8.945187],[-79.555343,8.945242]]]}},{"type":"Feature","properties":{"name":null},"geometry":{"type":"Polygon","coordinates":[[[-79.555833,8.945979],[-79.555856,8.946034],[-79.555774,8.946066],[-79.555752,8.946011],[-79.555833,8.945979]]]}},{"type":"Feature","properties":{"name":null},"geometry":{"type":"Polygon","coordinates":[[[-79.555829,8.945659],[-79.555784,8.94555],[-79.555848,8.945524],[-79.555893,8.945634],[-79.555829,8.945659]]]}},{"type":"Feature","properties":{"name":null},"geometry":{"type":"Polygon","coordinates":[[[-79.555874,8.945952],[-79.556017,8.945895],[-79.556043,8.945958],[-79.555899,8.946015],[-79.555874,8.945952]]]}},{"type":"Feature","properties":{"name":null},"geometry":{"type":"Polygon","coordinates":[[[-79.555734,8.945993],[-79.555762,8.946061],[-79.555683,8.946093],[-79.555655,8.946025],[-79.555734,8.945993]]]}},{"type":"Feature","properties":{"name":null},"geometry":{"type":"Polygon","coordinates":[[[-79.555713,8.945795],[-79.555778,8.945955],[-79.555646,8.946008],[-79.55558,8.945848],[-79.555713,8.945795]]]}},{"type":"Feature","properties":{"name":"P.H. Amador Heights"},"geometry":{"type":"Polygon","coordinates":[[[-79.554893,8.945622],[-79.554733,8.945217],[-79.554976,8.945123],[-79.555137,8.945528],[-79.554893,8.945622]]]}},{"type":"Feature","properties":{"name":null},"geometry":{"type":"Polygon","coordinates":[[[-79.555163,8.945561],[-79.555223,8.945714],[-79.555194,8.945725],[-79.555201,8.945742],[-79.55523,8.945731],[-79.555254,8.945792],[-79.555224,8.945803],[-79.555254,8.945878],[-79.555141,8.945922],[-79.555123,8.945874],[-79.55506,8.945899],[-79.555008,8.945768],[-79.555032,8.945758],[-79.554982,8.945631],[-79.555163,8.945561]]]}},{"type":"Feature","properties":{"name":"Edificio Mateo"},"geometry":{"type":"Polygon","coordinates":[[[-79.541363,8.964679],[-79.541334,8.964661],[-79.541324,8.964675],[-79.541286,8.964651],[-79.54135,8.964552],[-79.541356,8.964543],[-79.541377,8.964557],[-79.541368,8.964572],[-79.541391,8.964586],[-79.541396,8.964578],[-79.541419,8.964592],[-79.541412,8.964603],[-79.541363,8.964679]]]}},{"type":"Feature","properties":{"name":null},"geometry":{"type":"Polygon","coordinates":[[[-79.540655,8.964619],[-79.540646,8.964659],[-79.540446,8.964614],[-79.540456,8.964574],[-79.540655,8.964619]]]}},{"type":"Feature","properties":{"name":null},"geometry":{"type":"Polygon","coordinates":[[[-79.540873,8.964413],[-79.54087,8.964425],[-79.540851,8.964421],[-79.540855,8.964401],[-79.540875,8.964405],[-79.540873,8.964413]]]}},{"type":"Feature","properties":{"name":null},"geometry":{"type":"Polygon","coordinates":[[[-79.54087,8.964425],[-79.540851,8.964421],[-79.540855,8.964401],[-79.540875,8.964405],[-79.540873,8.964413],[-79.54087,8.964425]]]}},{"type":"Feature","properties":{"name":"Centro Educativo Integral Suzzette Archbold"},"geometry":{"type":"Polygon","coordinates":[[[-79.540813,8.964586],[-79.540729,8.964566],[-79.54067,8.964552],[-79.540655,8.964619],[-79.540646,8.964659],[-79.54093,8.964707],[-79.540958,8.96459],[-79.540945,8.964586],[-79.540929,8.964583],[-79.540923,8.96461],[-79.540813,8.964586]]]}},{"type":"Feature","properties":{"name":null},"geometry":{"type":"Polygon","coordinates":[[[-79.541471,8.963545],[-79.541238,8.963505],[-79.541364,8.963349],[-79.5415,8.963515],[-79.541471,8.963545]]]}},{"type":"Feature","properties":{"name":null},"geometry":{"type":"Polygon","coordinates":[[[-79.541036,8.96292],[-79.541112,8.962867],[-79.541308,8.963114],[-79.541279,8.963133],[-79.541407,8.963311],[-79.541364,8.963349],[-79.541036,8.96292]]]}},{"type":"Feature","properties":{"name":null},"geometry":{"type":"Polygon","coordinates":[[[-79.540558,8.962558],[-79.540513,8.962497],[-79.540281,8.96266],[-79.540325,8.962722],[-79.540558,8.962558]]]}},{"type":"Feature","properties":{"name":"Edificio Begonia"},"geometry":{"type":"Polygon","coordinates":[[[-79.539963,8.963026],[-79.53968,8.96264],[-79.53962,8.962683],[-79.539903,8.963069],[-79.539963,8.963026]]]}},{"type":"Feature","properties":{"name":null},"geometry":{"type":"Polygon","coordinates":[[[-79.543314,8.965738],[-79.542816,8.966268],[-79.542751,8.966338],[-79.542698,8.966289],[-79.542763,8.96622],[-79.543195,8.96576],[-79.54317,8.965737],[-79.543236,8.965667],[-79.543314,8.965738]]]}},{"type":"Feature","properties":{"name":null},"geometry":{"type":"Polygon","coordinates":[[[-79.542816,8.966268],[-79.542763,8.96622],[-79.542698,8.966289],[-79.542751,8.966338],[-79.542816,8.966268]]]}},{"type":"Feature","properties":{"name":null},"geometry":{"type":"Polygon","coordinates":[[[-79.542816,8.966268],[-79.543314,8.965738],[-79.543236,8.965667],[-79.54317,8.965737],[-79.543195,8.96576],[-79.542763,8.96622],[-79.542816,8.966268]]]}},{"type":"Feature","properties":{"name":null},"geometry":{"type":"Polygon","coordinates":[[[-79.541972,8.965971],[-79.541925,8.966132],[-79.541764,8.966086],[-79.541736,8.966181],[-79.541938,8.966239],[-79.541952,8.966192],[-79.541984,8.966202],[-79.542046,8.965992],[-79.541972,8.965971]]]}},{"type":"Feature","properties":{"name":null},"geometry":{"type":"Polygon","coordinates":[[[-79.541925,8.966132],[-79.541764,8.966086],[-79.541637,8.96605],[-79.541663,8.965962],[-79.541684,8.965888],[-79.541734,8.965903],[-79.541843,8.965934],[-79.541972,8.965971],[-79.541925,8.966132]]]}},{"type":"Feature","properties":{"name":null},"geometry":{"type":"Polygon","coordinates":[[[-79.541684,8.965888],[-79.541734,8.965903],[-79.541749,8.965852],[-79.541699,8.965837],[-79.541684,8.965888]]]}},{"type":"Feature","properties":{"name":null},"geometry":{"type":"Polygon","coordinates":[[[-79.552452,8.941109],[-79.552411,8.941097],[-79.552393,8.941155],[-79.552434,8.941167],[-79.552452,8.941109]]]}},{"type":"Feature","properties":{"name":"Direccion Institucional en Asuntos de Seguridad Publica"},"geometry":{"type":"Polygon","coordinates":[[[-79.553231,8.94314],[-79.553367,8.943086],[-79.553507,8.94343],[-79.553371,8.943484],[-79.553231,8.94314]]]}},{"type":"Feature","properties":{"name":null},"geometry":{"type":"Polygon","coordinates":[[[-79.553259,8.942794],[-79.553209,8.942792],[-79.553207,8.942844],[-79.553257,8.942846],[-79.553259,8.942794]]]}},{"type":"Feature","properties":{"name":"P.H. Amador Hill"},"geometry":{"type":"Polygon","coordinates":[[[-79.553877,8.943208],[-79.553962,8.943446],[-79.554096,8.943399],[-79.554075,8.943342],[-79.554097,8.943334],[-79.554117,8.943392],[-79.554217,8.943357],[-79.554131,8.943119],[-79.554032,8.943153],[-79.554052,8.943211],[-79.554031,8.943219],[-79.55401,8.943161],[-79.553877,8.943208]]]}},{"type":"Feature","properties":{"name":"P.H. Altos de Amador"},"geometry":{"type":"Polygon","coordinates":[[[-79.553986,8.94255],[-79.553901,8.942583],[-79.553893,8.942564],[-79.553787,8.942605],[-79.553783,8.942596],[-79.553713,8.942623],[-79.553677,8.942534],[-79.553631,8.942552],[-79.553566,8.942387],[-79.553661,8.94235],[-79.553672,8.942376],[-79.553744,8.942349],[-79.553761,8.942393],[-79.553804,8.942377],[-79.553812,8.942397],[-79.55391,8.942359],[-79.553986,8.94255]]]}},{"type":"Feature","properties":{"name":null},"geometry":{"type":"Polygon","coordinates":[[[-79.553888,8.942996],[-79.553806,8.942709],[-79.553902,8.942682],[-79.553984,8.942969],[-79.553888,8.942996]]]}},{"type":"Feature","properties":{"name":"P.H. The Bridge"},"geometry":{"type":"Polygon","coordinates":[[[-79.555135,8.944011],[-79.555071,8.943982],[-79.554959,8.944037],[-79.554943,8.943985],[-79.554897,8.944],[-79.554885,8.94396],[-79.554921,8.943944],[-79.554923,8.943908],[-79.554887,8.94389],[-79.554933,8.943781],[-79.555031,8.943812],[-79.555098,8.943682],[-79.554999,8.943612],[-79.555064,8.943519],[-79.555108,8.943539],[-79.555141,8.943519],[-79.555127,8.943471],[-79.555233,8.943444],[-79.55526,8.943577],[-79.555239,8.943579],[-79.555255,8.943622],[-79.555319,8.943658],[-79.555135,8.944011]]]}},{"type":"Feature","properties":{"name":null},"geometry":{"type":"Polygon","coordinates":[[[-79.55149,8.960898],[-79.551437,8.960841],[-79.551492,8.960791],[-79.551545,8.960848],[-79.55149,8.960898]]]}},{"type":"Feature","properties":{"name":null},"geometry":{"type":"Polygon","coordinates":[[[-79.547306,8.960328],[-79.547372,8.960303],[-79.547402,8.96038],[-79.547336,8.960405],[-79.547306,8.960328]]]}},{"type":"Feature","properties":{"name":null},"geometry":{"type":"Polygon","coordinates":[[[-79.547134,8.959938],[-79.546993,8.959997],[-79.546947,8.959888],[-79.547087,8.959829],[-79.547134,8.959938]]]}},{"type":"Feature","properties":{"name":null},"geometry":{"type":"Polygon","coordinates":[[[-79.547044,8.959616],[-79.547162,8.959568],[-79.547303,8.959912],[-79.547185,8.959959],[-79.547044,8.959616]]]}},{"type":"Feature","properties":{"name":"Ministerio Salud / Consejo Técnico de Salud"},"geometry":{"type":"Polygon","coordinates":[[[-79.546024,8.960689],[-79.546035,8.960584],[-79.546376,8.960642],[-79.54695,8.960608],[-79.54696,8.960713],[-79.546961,8.960734],[-79.546599,8.960752],[-79.546598,8.960732],[-79.546342,8.960745],[-79.546024,8.960689]]]}},{"type":"Feature","properties":{"name":"Vaticano"},"geometry":{"type":"Polygon","coordinates":[[[-79.541623,8.9526],[-79.541256,8.952643],[-79.541193,8.952449],[-79.541518,8.952329],[-79.541623,8.9526]]]}},{"type":"Feature","properties":{"name":"Escuela Manuel José Hurtado"},"geometry":{"type":"Polygon","coordinates":[[[-79.53942,8.952682],[-79.539304,8.952692],[-79.539295,8.952693],[-79.539293,8.952669],[-79.539287,8.952602],[-79.539283,8.952556],[-79.539277,8.95249],[-79.539276,8.95247],[-79.539401,8.95246],[-79.539399,8.95244],[-79.539549,8.952428],[-79.539569,8.952689],[-79.539495,8.952695],[-79.539422,8.952701],[-79.53942,8.952682]]]}},{"type":"Feature","properties":{"name":"Museo del Canal Interoceanico de Panama"},"geometry":{"type":"Polygon","coordinates":[[[-79.534765,8.952071],[-79.534523,8.952048],[-79.534536,8.951912],[-79.534571,8.951549],[-79.534813,8.951571],[-79.534805,8.95166],[-79.534778,8.951935],[-79.534765,8.952071]]]}},{"type":"Feature","properties":{"name":null},"geometry":{"type":"Polygon","coordinates":[[[-79.53795,8.951126],[-79.53793,8.950831],[-79.538053,8.950825],[-79.538054,8.950851],[-79.538055,8.950885],[-79.538251,8.95088],[-79.53827,8.951204],[-79.537956,8.951222],[-79.53795,8.951126]]]}},{"type":"Feature","properties":{"name":null},"geometry":{"type":"Polygon","coordinates":[[[-79.549932,8.9465],[-79.54994,8.946405],[-79.549974,8.946407],[-79.550034,8.946093],[-79.55005,8.945917],[-79.550053,8.945706],[-79.550048,8.945569],[-79.550035,8.94546],[-79.550003,8.945459],[-79.550008,8.945349],[-79.549881,8.945342],[-79.549881,8.945326],[-79.549699,8.94531],[-79.549449,8.945293],[-79.549219,8.945285],[-79.549218,8.945301],[-79.549084,8.945295],[-79.549079,8.945404],[-79.549055,8.945403],[-79.549025,8.945543],[-79.548995,8.945723],[-79.54898,8.945912],[-79.548981,8.946152],[-79.548995,8.946348],[-79.549019,8.946348],[-79.549018,8.946442],[-79.549145,8.946449],[-79.549146,8.94647],[-79.549423,8.946502],[-79.549528,8.946506],[-79.549804,8.946509],[-79.549805,8.946494],[-79.549932,8.9465]]]}},{"type":"Feature","properties":{"name":null},"geometry":{"type":"MultiPolygon","coordinates":[[[[-79.545677,8.950128],[-79.54577,8.950134],[-79.545796,8.950136],[-79.54588,8.950141],[-79.546169,8.950162],[-79.546132,8.950573],[-79.545677,8.950128]]],[[[-79.546132,8.950573],[-79.545636,8.950545],[-79.545677,8.950128],[-79.546132,8.950573]]]]}},{"type":"Feature","properties":{"name":null},"geometry":{"type":"MultiPolygon","coordinates":[[[[-79.545677,8.950128],[-79.545687,8.949993],[-79.545772,8.949999],[-79.54577,8.95004],[-79.545677,8.950128]]],[[[-79.54577,8.95004],[-79.545806,8.950041],[-79.545808,8.950005],[-79.545889,8.95001],[-79.54588,8.950141],[-79.545796,8.950136],[-79.54577,8.950134],[-79.545677,8.950128],[-79.54577,8.95004]]]]}},{"type":"Feature","properties":{"name":"Mercado Publico San Felipe Neri"},"geometry":{"type":"Polygon","coordinates":[[[-79.538897,8.958077],[-79.538884,8.958048],[-79.538683,8.957616],[-79.538577,8.957387],[-79.538373,8.956946],[-79.538332,8.95686],[-79.538415,8.956822],[-79.538615,8.956731],[-79.53918,8.957949],[-79.53898,8.958039],[-79.538897,8.958077]]]}},{"type":"Feature","properties":{"name":"Cancillería de Republica"},"geometry":{"type":"Polygon","coordinates":[[[-79.532347,8.953996],[-79.532604,8.954005],[-79.533123,8.954024],[-79.533123,8.954005],[-79.533219,8.954009],[-79.533273,8.953396],[-79.533228,8.953393],[-79.533161,8.953386],[-79.532884,8.953364],[-79.532886,8.953334],[-79.532851,8.95333],[-79.532776,8.953323],[-79.532762,8.95346],[-79.532756,8.95351],[-79.532723,8.953821],[-79.532651,8.953816],[-79.532647,8.953888],[-79.532715,8.953891],[-79.532715,8.953896],[-79.532605,8.953893],[-79.532347,8.953886],[-79.532347,8.953996]]]}},{"type":"Feature","properties":{"name":null},"geometry":{"type":"Polygon","coordinates":[[[-79.537895,8.965321],[-79.537777,8.965527],[-79.537915,8.965603],[-79.537932,8.965614],[-79.538029,8.965669],[-79.53804,8.965676],[-79.538159,8.965467],[-79.537895,8.965321]]]}},{"type":"Feature","properties":{"name":"P.H. Multiplaza"},"geometry":{"type":"Polygon","coordinates":[[[-79.538041,8.963862],[-79.537894,8.964114],[-79.53791,8.964124],[-79.537817,8.964283],[-79.537826,8.964316],[-79.538062,8.964449],[-79.538305,8.964025],[-79.538244,8.96399],[-79.538247,8.963983],[-79.538041,8.963862]]]}},{"type":"Feature","properties":{"name":"Policia Nacional | Zona Metropolitana"},"geometry":{"type":"Polygon","coordinates":[[[-79.538004,8.966727],[-79.537937,8.966688],[-79.537929,8.966702],[-79.537906,8.966706],[-79.537823,8.966657],[-79.537821,8.966638],[-79.537842,8.966603],[-79.537798,8.966577],[-79.537792,8.966554],[-79.538009,8.966187],[-79.538241,8.966321],[-79.538229,8.96634],[-79.538004,8.966727]]]}},{"type":"Feature","properties":{"name":"Edificio El Sol"},"geometry":{"type":"MultiPolygon","coordinates":[[[[-79.545869,8.953577],[-79.545884,8.953437],[-79.545948,8.953443],[-79.545946,8.953463],[-79.545971,8.953466],[-79.545968,8.953503],[-79.545993,8.953505],[-79.54599,8.953533],[-79.545963,8.95353],[-79.54596,8.953564],[-79.545934,8.953562],[-79.545932,8.953584],[-79.545869,8.953577]]],[[[-79.546025,8.953174],[-79.546019,8.953234],[-79.546017,8.953261],[-79.545993,8.953505],[-79.54599,8.953533],[-79.545984,8.953602],[-79.54608,8.953611],[-79.546121,8.953183],[-79.546025,8.953174]]],[[[-79.545895,8.953307],[-79.54591,8.953167],[-79.545973,8.953173],[-79.545971,8.953193],[-79.545997,8.953195],[-79.545993,8.953231],[-79.546019,8.953234],[-79.546017,8.953261],[-79.545991,8.953258],[-79.545987,8.953295],[-79.545961,8.953292],[-79.545959,8.953314],[-79.545895,8.953307]]]]}},{"type":"Feature","properties":{"name":"Edificio Dos pinos"},"geometry":{"type":"MultiPolygon","coordinates":[[[[-79.545399,8.953007],[-79.545417,8.952867],[-79.545352,8.952859],[-79.54535,8.952879],[-79.545324,8.952876],[-79.54532,8.952913],[-79.545294,8.952909],[-79.54529,8.952937],[-79.545318,8.952941],[-79.545314,8.952974],[-79.54534,8.952977],[-79.545337,8.952999],[-79.545399,8.953007]]],[[[-79.545337,8.952569],[-79.545327,8.952643],[-79.545324,8.95267],[-79.545294,8.952909],[-79.54529,8.952937],[-79.545283,8.952995],[-79.545187,8.952983],[-79.545241,8.952557],[-79.545337,8.952569]]],[[[-79.54543,8.952741],[-79.545447,8.9526],[-79.545383,8.952593],[-79.54538,8.952613],[-79.545355,8.95261],[-79.54535,8.952645],[-79.545327,8.952643],[-79.545324,8.95267],[-79.545348,8.952672],[-79.545343,8.952709],[-79.54537,8.952712],[-79.545367,8.952734],[-79.54543,8.952741]]]]}},{"type":"Feature","properties":{"name":"Baterias Nacionales S.A."},"geometry":{"type":"Polygon","coordinates":[[[-79.544531,8.954206],[-79.544731,8.953555],[-79.545037,8.953635],[-79.545399,8.953755],[-79.545351,8.953912],[-79.545182,8.953869],[-79.545071,8.954262],[-79.544899,8.954238],[-79.544886,8.954249],[-79.544799,8.954244],[-79.544792,8.954249],[-79.544531,8.954206]]]}},{"type":"Feature","properties":{"name":"Patio Pinel"},"geometry":{"type":"Polygon","coordinates":[[[-79.543459,8.952276],[-79.543469,8.952198],[-79.543091,8.952157],[-79.543086,8.952238],[-79.543136,8.952244],[-79.543103,8.952578],[-79.543362,8.952606],[-79.543351,8.952709],[-79.542977,8.952673],[-79.542968,8.952751],[-79.54309,8.952762],[-79.543069,8.952979],[-79.543321,8.953005],[-79.543308,8.95316],[-79.543382,8.953163],[-79.543455,8.952468],[-79.543379,8.952463],[-79.543377,8.952485],[-79.543356,8.952483],[-79.543358,8.952469],[-79.543192,8.952454],[-79.543202,8.952356],[-79.543262,8.952363],[-79.543272,8.952258],[-79.543459,8.952276]]]}},{"type":"Feature","properties":{"name":"Casa de Piedra"},"geometry":{"type":"Polygon","coordinates":[[[-79.54777,8.950933],[-79.547752,8.951188],[-79.547217,8.951151],[-79.547235,8.950895],[-79.547313,8.9509],[-79.547311,8.950926],[-79.547695,8.950953],[-79.547697,8.950928],[-79.54777,8.950933]]]}},{"type":"Feature","properties":{"name":"Santuario Nueva Vida"},"geometry":{"type":"MultiPolygon","coordinates":[[[[-79.548455,8.950169],[-79.548486,8.95008],[-79.548631,8.950129],[-79.5486,8.950218],[-79.548455,8.950169]]],[[[-79.5486,8.950218],[-79.548595,8.950229],[-79.548664,8.950253],[-79.548711,8.950121],[-79.548643,8.950097],[-79.548631,8.950129],[-79.5486,8.950218]]]]}},{"type":"Feature","properties":{"name":null},"geometry":{"type":"Polygon","coordinates":[[[-79.543417,8.95029],[-79.543078,8.950349],[-79.543118,8.950574],[-79.543418,8.950442],[-79.543417,8.95029]]]}},{"type":"Feature","properties":{"name":null},"geometry":{"type":"Polygon","coordinates":[[[-79.542028,8.951191],[-79.542132,8.951442],[-79.542119,8.951464],[-79.542028,8.951473],[-79.541999,8.951405],[-79.541928,8.95124],[-79.542028,8.951191]]]}},{"type":"Feature","properties":{"name":null},"geometry":{"type":"Polygon","coordinates":[[[-79.541922,8.950917],[-79.541804,8.950965],[-79.541928,8.95124],[-79.542028,8.951191],[-79.542038,8.951186],[-79.541922,8.950917]]]}},{"type":"Feature","properties":{"name":"Iglesia y Hogar Monnerri"},"geometry":{"type":"Polygon","coordinates":[[[-79.544362,8.95051],[-79.544321,8.950509],[-79.544315,8.950567],[-79.544107,8.950542],[-79.544104,8.950458],[-79.544074,8.950456],[-79.544072,8.950525],[-79.544063,8.950604],[-79.543804,8.950572],[-79.543829,8.950264],[-79.544088,8.95027],[-79.544085,8.950349],[-79.544103,8.950348],[-79.544105,8.95027],[-79.544191,8.950275],[-79.54419,8.950286],[-79.544211,8.950286],[-79.544212,8.950259],[-79.544386,8.950261],[-79.544374,8.950391],[-79.54445,8.950396],[-79.544447,8.950464],[-79.544367,8.95046],[-79.544362,8.95051]]]}},{"type":"Feature","properties":{"name":null},"geometry":{"type":"Polygon","coordinates":[[[-79.544104,8.950851],[-79.544102,8.950636],[-79.543957,8.950637],[-79.543957,8.950631],[-79.543789,8.950634],[-79.543787,8.950864],[-79.543851,8.950863],[-79.544022,8.950861],[-79.544093,8.950861],[-79.544093,8.950851],[-79.544104,8.950851]]]}},{"type":"Feature","properties":{"name":null},"geometry":{"type":"Polygon","coordinates":[[[-79.538202,8.965241],[-79.537554,8.96488],[-79.537741,8.964551],[-79.538389,8.964913],[-79.538202,8.965241]]]}},{"type":"Feature","properties":{"name":null},"geometry":{"type":"Polygon","coordinates":[[[-79.533012,8.95156],[-79.533021,8.951467],[-79.533033,8.951351],[-79.532905,8.951338],[-79.532885,8.951548],[-79.532948,8.951554],[-79.533012,8.95156]]]}},{"type":"Feature","properties":{"name":null},"geometry":{"type":"Polygon","coordinates":[[[-79.541429,8.964139],[-79.541216,8.964386],[-79.54092,8.964311],[-79.540913,8.964302],[-79.540911,8.964289],[-79.541204,8.963949],[-79.541429,8.964139]]]}},{"type":"Feature","properties":{"name":null},"geometry":{"type":"Polygon","coordinates":[[[-79.536986,8.956167],[-79.536953,8.956083],[-79.53666,8.956179],[-79.536698,8.956257],[-79.536986,8.956167]]]}},{"type":"Feature","properties":{"name":"P.H. Casa Malecón"},"geometry":{"type":"Polygon","coordinates":[[[-79.53666,8.956179],[-79.53662,8.956098],[-79.536918,8.955997],[-79.536953,8.956083],[-79.53666,8.956179]]]}},{"type":"Feature","properties":{"name":null},"geometry":{"type":"Polygon","coordinates":[[[-79.536886,8.955912],[-79.536849,8.955822],[-79.536724,8.955862],[-79.536703,8.955869],[-79.536534,8.955924],[-79.536578,8.956012],[-79.536886,8.955912]]]}},{"type":"Feature","properties":{"name":null},"geometry":{"type":"Polygon","coordinates":[[[-79.541764,8.950915],[-79.541432,8.951011],[-79.541391,8.950518],[-79.541552,8.950446],[-79.541569,8.95049],[-79.541584,8.950483],[-79.541764,8.950915]]]}},{"type":"Feature","properties":{"name":null},"geometry":{"type":"Polygon","coordinates":[[[-79.543014,8.951793],[-79.543094,8.952003],[-79.543177,8.95197],[-79.543164,8.951936],[-79.543187,8.951927],[-79.543201,8.951962],[-79.543283,8.951931],[-79.543203,8.951722],[-79.543119,8.951754],[-79.543133,8.951788],[-79.543111,8.951796],[-79.543097,8.951761],[-79.543014,8.951793]]]}},{"type":"Feature","properties":{"name":null},"geometry":{"type":"Polygon","coordinates":[[[-79.536777,8.956427],[-79.53674,8.956345],[-79.537018,8.95625],[-79.537052,8.956332],[-79.536777,8.956427]]]}},{"type":"Feature","properties":{"name":null},"geometry":{"type":"Polygon","coordinates":[[[-79.537086,8.956416],[-79.537052,8.956332],[-79.536777,8.956427],[-79.536815,8.956504],[-79.536919,8.95647],[-79.536996,8.956446],[-79.537086,8.956416]]]}},{"type":"Feature","properties":{"name":null},"geometry":{"type":"Polygon","coordinates":[[[-79.537262,8.955983],[-79.537289,8.956065],[-79.537277,8.956069],[-79.537015,8.956158],[-79.537003,8.956163],[-79.536965,8.956075],[-79.537072,8.956042],[-79.537157,8.956015],[-79.537262,8.955983]]]}},{"type":"Feature","properties":{"name":null},"geometry":{"type":"Polygon","coordinates":[[[-79.53732,8.956154],[-79.537348,8.956242],[-79.537168,8.9563],[-79.537085,8.956327],[-79.537073,8.956331],[-79.537038,8.956243],[-79.537046,8.95624],[-79.537303,8.956159],[-79.53732,8.956154]]]}},{"type":"Feature","properties":{"name":"Escuela Hogar De La Infancia"},"geometry":{"type":"Polygon","coordinates":[[[-79.537365,8.956667],[-79.537313,8.956683],[-79.537197,8.956718],[-79.537021,8.956773],[-79.536933,8.956799],[-79.537013,8.957052],[-79.5371,8.957025],[-79.537288,8.956967],[-79.537444,8.956919],[-79.537387,8.956738],[-79.537365,8.956667]]]}},{"type":"Feature","properties":{"name":"Casa Korsi"},"geometry":{"type":"Polygon","coordinates":[[[-79.54026,8.952801],[-79.540313,8.953273],[-79.540319,8.953317],[-79.54023,8.953333],[-79.540231,8.953345],[-79.540115,8.953364],[-79.540028,8.952851],[-79.540048,8.952827],[-79.54026,8.952801]]]}},{"type":"Feature","properties":{"name":"Junta Comunal de San Felipe"},"geometry":{"type":"Polygon","coordinates":[[[-79.538828,8.950784],[-79.538468,8.950798],[-79.538461,8.950613],[-79.53882,8.950598],[-79.538828,8.950784]]]}},{"type":"Feature","properties":{"name":null},"geometry":{"type":"Polygon","coordinates":[[[-79.537505,8.954791],[-79.537452,8.954541],[-79.537305,8.954596],[-79.537314,8.954635],[-79.537328,8.954691],[-79.537361,8.954822],[-79.537505,8.954791]]]}},{"type":"Feature","properties":{"name":null},"geometry":{"type":"Polygon","coordinates":[[[-79.537253,8.954844],[-79.537199,8.954675],[-79.537189,8.954679],[-79.537123,8.954702],[-79.537005,8.954743],[-79.537066,8.954889],[-79.537253,8.954844]]]}},{"type":"Feature","properties":{"name":null},"geometry":{"type":"Polygon","coordinates":[[[-79.534385,8.966281],[-79.534515,8.966053],[-79.534639,8.965835],[-79.534654,8.965809],[-79.534402,8.965669],[-79.534133,8.966141],[-79.534385,8.966281]]]}},{"type":"Feature","properties":{"name":"Casa Melillo"},"geometry":{"type":"Polygon","coordinates":[[[-79.541304,8.952997],[-79.541247,8.95282],[-79.540936,8.952857],[-79.540953,8.953025],[-79.541055,8.953017],[-79.541156,8.953009],[-79.541304,8.952997]]]}},{"type":"Feature","properties":{"name":"Casa Nogueira Riande"},"geometry":{"type":"Polygon","coordinates":[[[-79.54091,8.953554],[-79.54089,8.953391],[-79.540859,8.953395],[-79.540714,8.953413],[-79.540729,8.953537],[-79.540744,8.953563],[-79.540773,8.953571],[-79.54091,8.953554]]]}},{"type":"Feature","properties":{"name":"Casa Antonella"},"geometry":{"type":"Polygon","coordinates":[[[-79.540748,8.953813],[-79.54076,8.953625],[-79.541002,8.953598],[-79.541028,8.953834],[-79.541009,8.953832],[-79.540843,8.95382],[-79.540748,8.953813]]]}},{"type":"Feature","properties":{"name":"La Victoria-Martina"},"geometry":{"type":"Polygon","coordinates":[[[-79.5409,8.953983],[-79.540894,8.954091],[-79.540863,8.954089],[-79.54073,8.954082],[-79.540737,8.953975],[-79.540832,8.95398],[-79.5409,8.953983]]]}},{"type":"Feature","properties":{"name":"La Manzana"},"geometry":{"type":"Polygon","coordinates":[[[-79.540461,8.95402],[-79.540396,8.954022],[-79.540235,8.954027],[-79.540188,8.953675],[-79.540288,8.953673],[-79.54052,8.953671],[-79.540669,8.953669],[-79.540661,8.954015],[-79.540461,8.95402]]]}},{"type":"Feature","properties":{"name":null},"geometry":{"type":"Polygon","coordinates":[[[-79.537389,8.957408],[-79.537112,8.957333],[-79.537091,8.957364],[-79.537161,8.957611],[-79.53739,8.95767],[-79.537407,8.957588],[-79.537427,8.95751],[-79.537368,8.957496],[-79.537389,8.957408]]]}},{"type":"Feature","properties":{"name":null},"geometry":{"type":"Polygon","coordinates":[[[-79.536417,8.952176],[-79.53639,8.95247],[-79.536236,8.952456],[-79.536252,8.952276],[-79.536263,8.952162],[-79.536417,8.952176]]]}},{"type":"Feature","properties":{"name":null},"geometry":{"type":"Polygon","coordinates":[[[-79.535884,8.952214],[-79.535883,8.952225],[-79.535913,8.952228],[-79.535991,8.952235],[-79.535985,8.952299],[-79.535973,8.952433],[-79.535799,8.952417],[-79.535801,8.9524],[-79.535819,8.952208],[-79.535884,8.952214]]]}},{"type":"Feature","properties":{"name":null},"geometry":{"type":"Polygon","coordinates":[[[-79.538237,8.952038],[-79.538226,8.951923],[-79.538049,8.951907],[-79.538023,8.95193],[-79.538044,8.952063],[-79.538237,8.952038]]]}},{"type":"Feature","properties":{"name":"Instituto Nacional de Cultura"},"geometry":{"type":"Polygon","coordinates":[[[-79.531877,8.950365],[-79.531881,8.950389],[-79.531636,8.950434],[-79.531557,8.950318],[-79.531648,8.950106],[-79.531712,8.949935],[-79.531847,8.949913],[-79.531874,8.950074],[-79.531887,8.950072],[-79.531898,8.950149],[-79.531885,8.950151],[-79.531905,8.950284],[-79.531918,8.950282],[-79.531928,8.950358],[-79.531877,8.950365]]]}},{"type":"Feature","properties":{"name":null},"geometry":{"type":"MultiPolygon","coordinates":[[[[-79.544638,8.951012],[-79.544636,8.951065],[-79.544794,8.951071],[-79.544779,8.951244],[-79.54507,8.951258],[-79.545057,8.95146],[-79.544521,8.951449],[-79.544521,8.951444],[-79.544524,8.951325],[-79.54453,8.951008],[-79.544638,8.951012]]],[[[-79.545407,8.951292],[-79.545398,8.951437],[-79.545102,8.951419],[-79.5451,8.951461],[-79.545057,8.95146],[-79.54507,8.951258],[-79.545071,8.951249],[-79.545247,8.951261],[-79.545244,8.951281],[-79.545407,8.951292]]],[[[-79.545419,8.951131],[-79.545407,8.951292],[-79.545245,8.95128],[-79.545247,8.951261],[-79.545257,8.95112],[-79.545419,8.951131]]]]}},{"type":"Feature","properties":{"name":"Tasco Battery Express"},"geometry":{"type":"MultiPolygon","coordinates":[[[[-79.544665,8.955001],[-79.544683,8.954848],[-79.544614,8.954837],[-79.544622,8.954758],[-79.544779,8.954776],[-79.544772,8.95484],[-79.544739,8.955125],[-79.544654,8.955093],[-79.544665,8.955001]]],[[[-79.544654,8.955093],[-79.544311,8.954962],[-79.544341,8.954852],[-79.544437,8.95489],[-79.544433,8.954909],[-79.544654,8.955093]]],[[[-79.544667,8.95436],[-79.544622,8.954758],[-79.544614,8.954837],[-79.544346,8.954798],[-79.544339,8.954694],[-79.54435,8.954695],[-79.544312,8.954504],[-79.544253,8.954313],[-79.544667,8.95436]]]]}},{"type":"Feature","properties":{"name":null},"geometry":{"type":"MultiPolygon","coordinates":[[[[-79.544351,8.95498],[-79.544311,8.954962],[-79.544341,8.954852],[-79.544437,8.95489],[-79.544433,8.954909],[-79.544351,8.95498]]],[[[-79.54469,8.955011],[-79.544654,8.955093],[-79.544351,8.95498],[-79.54469,8.955011]]]]}},{"type":"Feature","properties":{"name":"P.H. Ancón Park"},"geometry":{"type":"Polygon","coordinates":[[[-79.543593,8.955739],[-79.543337,8.955693],[-79.54333,8.955733],[-79.543316,8.955806],[-79.543411,8.955875],[-79.543404,8.955885],[-79.543469,8.955933],[-79.543587,8.955776],[-79.543593,8.955739]]]}},{"type":"Feature","properties":{"name":null},"geometry":{"type":"Polygon","coordinates":[[[-79.542409,8.958368],[-79.542438,8.958085],[-79.54266,8.958255],[-79.542542,8.958411],[-79.542409,8.958368]]]}},{"type":"Feature","properties":{"name":"Las Gemelas 2"},"geometry":{"type":"Polygon","coordinates":[[[-79.542988,8.958742],[-79.543114,8.958566],[-79.542935,8.95843],[-79.542924,8.958444],[-79.542835,8.958556],[-79.542787,8.958686],[-79.542988,8.958742]]]}},{"type":"Feature","properties":{"name":"Hospedaje Casa Grande"},"geometry":{"type":"MultiPolygon","coordinates":[[[[-79.535962,8.952613],[-79.535873,8.952605],[-79.53586,8.952747],[-79.535768,8.952739],[-79.535792,8.952469],[-79.535974,8.952486],[-79.535962,8.952613]]],[[[-79.53586,8.952747],[-79.535949,8.952755],[-79.535962,8.952613],[-79.535873,8.952605],[-79.53586,8.952747]]]]}},{"type":"Feature","properties":{"name":null},"geometry":{"type":"Polygon","coordinates":[[[-79.536329,8.95355],[-79.536336,8.953455],[-79.536494,8.953469],[-79.536498,8.953592],[-79.536414,8.953557],[-79.536329,8.95355]]]}},{"type":"Feature","properties":{"name":"San Felipe Neri"},"geometry":{"type":"MultiPolygon","coordinates":[[[[-79.533878,8.953061],[-79.534118,8.953084],[-79.53413,8.952965],[-79.534131,8.952955],[-79.534004,8.952943],[-79.534007,8.952911],[-79.533894,8.9529],[-79.533884,8.953],[-79.533878,8.953061]]],[[[-79.534032,8.95278],[-79.53402,8.952779],[-79.534007,8.952911],[-79.534004,8.952943],[-79.534131,8.952955],[-79.534145,8.952811],[-79.534156,8.952701],[-79.534049,8.952691],[-79.534041,8.95269],[-79.534032,8.95278]]],[[[-79.533872,8.952764],[-79.533861,8.952873],[-79.533896,8.952876],[-79.533894,8.9529],[-79.533884,8.953],[-79.533878,8.953061],[-79.533774,8.953051],[-79.53378,8.952988],[-79.533802,8.952758],[-79.533872,8.952764]]],[[[-79.534041,8.95269],[-79.534032,8.95278],[-79.53402,8.952779],[-79.533872,8.952764],[-79.533802,8.952758],[-79.533811,8.952668],[-79.53403,8.952689],[-79.534041,8.95269]]]]}},{"type":"Feature","properties":{"name":null},"geometry":{"type":"MultiPolygon","coordinates":[[[[-79.542183,8.96449],[-79.542034,8.964659],[-79.542095,8.964711],[-79.542244,8.964542],[-79.542305,8.964473],[-79.542244,8.964421],[-79.542183,8.96449]]],[[[-79.542274,8.964568],[-79.542244,8.964542],[-79.542305,8.964473],[-79.542336,8.964499],[-79.542274,8.964568]]],[[[-79.542183,8.96449],[-79.542244,8.964421],[-79.542099,8.964295],[-79.542037,8.964364],[-79.542183,8.96449]]],[[[-79.542099,8.964295],[-79.542037,8.964364],[-79.541882,8.964539],[-79.541816,8.964481],[-79.541971,8.964307],[-79.542032,8.964238],[-79.542099,8.964295]]],[[[-79.541971,8.964307],[-79.54194,8.96428],[-79.542001,8.964211],[-79.542032,8.964238],[-79.541971,8.964307]]]]}},{"type":"Feature","properties":{"name":"Edificio Carnaval"},"geometry":{"type":"MultiPolygon","coordinates":[[[[-79.5419,8.964097],[-79.541891,8.964107],[-79.541638,8.964398],[-79.54161,8.964375],[-79.541594,8.964398],[-79.541608,8.964405],[-79.541565,8.964492],[-79.541298,8.964361],[-79.541342,8.964274],[-79.541527,8.964365],[-79.54175,8.964106],[-79.541812,8.964038],[-79.541821,8.964028],[-79.5419,8.964097]]],[[[-79.54175,8.964106],[-79.541663,8.964029],[-79.541724,8.963961],[-79.541812,8.964038],[-79.54175,8.964106]]],[[[-79.541531,8.964176],[-79.541663,8.964029],[-79.541724,8.963961],[-79.541733,8.963951],[-79.541659,8.963887],[-79.54165,8.963896],[-79.541582,8.963972],[-79.541457,8.964112],[-79.541531,8.964176]]],[[[-79.54165,8.963896],[-79.541549,8.963807],[-79.541481,8.963883],[-79.541582,8.963972],[-79.54165,8.963896]]],[[[-79.541353,8.964027],[-79.541481,8.963883],[-79.541549,8.963807],[-79.541558,8.963797],[-79.541476,8.963726],[-79.541467,8.963736],[-79.5414,8.963812],[-79.541272,8.963956],[-79.541353,8.964027]]],[[[-79.5414,8.963812],[-79.541374,8.963789],[-79.541442,8.963713],[-79.541467,8.963736],[-79.5414,8.963812]]]]}},{"type":"Feature","properties":{"name":"Edificio San Ramon"},"geometry":{"type":"MultiPolygon","coordinates":[[[[-79.541165,8.963799],[-79.540778,8.963704],[-79.540755,8.963807],[-79.541139,8.963906],[-79.541165,8.963799]]],[[[-79.540813,8.963545],[-79.540709,8.963525],[-79.540652,8.963784],[-79.540755,8.963807],[-79.540778,8.963704],[-79.54079,8.963651],[-79.540813,8.963545]]]]}},{"type":"Feature","properties":{"name":null},"geometry":{"type":"Polygon","coordinates":[[[-79.537207,8.954416],[-79.537374,8.954304],[-79.537429,8.954473],[-79.537452,8.954541],[-79.537305,8.954596],[-79.537272,8.954536],[-79.537207,8.954416]]]}},{"type":"Feature","properties":{"name":null},"geometry":{"type":"Polygon","coordinates":[[[-79.537339,8.954275],[-79.537182,8.954053],[-79.537096,8.954138],[-79.537005,8.954241],[-79.536998,8.954249],[-79.537129,8.954421],[-79.537339,8.954275]]]}},{"type":"Feature","properties":{"name":null},"geometry":{"type":"MultiPolygon","coordinates":[[[[-79.537659,8.954466],[-79.537674,8.95453],[-79.537696,8.95462],[-79.537725,8.954744],[-79.537613,8.954769],[-79.537549,8.954492],[-79.537659,8.954466]]],[[[-79.537613,8.954769],[-79.537549,8.954492],[-79.537536,8.954432],[-79.537429,8.954473],[-79.537452,8.954541],[-79.537505,8.954791],[-79.537613,8.954769]]]]}},{"type":"Feature","properties":{"name":"Mercado del Mariscos"},"geometry":{"type":"MultiPolygon","coordinates":[[[[-79.537384,8.958741],[-79.537355,8.95866],[-79.53722,8.958628],[-79.537148,8.958611],[-79.53701,8.958579],[-79.536891,8.958551],[-79.536722,8.958511],[-79.536739,8.958439],[-79.537425,8.9586],[-79.537468,8.95861],[-79.537434,8.958752],[-79.537414,8.958748],[-79.537394,8.958743],[-79.537384,8.958741]]],[[[-79.537248,8.959111],[-79.537312,8.959059],[-79.537303,8.959009],[-79.537335,8.958971],[-79.537315,8.958918],[-79.537325,8.958877],[-79.537364,8.95884],[-79.53736,8.958787],[-79.537388,8.958753],[-79.537384,8.958741],[-79.537355,8.95866],[-79.53722,8.958628],[-79.537175,8.958648],[-79.537148,8.958611],[-79.53701,8.958579],[-79.536966,8.958617],[-79.536915,8.958605],[-79.536891,8.958551],[-79.536722,8.958511],[-79.536679,8.958502],[-79.536624,8.958738],[-79.536829,8.958785],[-79.536877,8.958745],[-79.536932,8.958759],[-79.536941,8.958783],[-79.536931,8.958824],[-79.53689,8.95886],[-79.536898,8.958919],[-79.536869,8.958953],[-79.536899,8.959025],[-79.537048,8.95906],[-79.537083,8.959052],[-79.537105,8.959077],[-79.537248,8.959111]]]]}},{"type":"Feature","properties":{"name":null},"geometry":{"type":"Polygon","coordinates":[[[-79.537727,8.95657],[-79.537748,8.95663],[-79.537754,8.956648],[-79.537741,8.956652],[-79.537556,8.956711],[-79.53753,8.95663],[-79.537613,8.956604],[-79.537646,8.956594],[-79.537727,8.95657]]]}},{"type":"Feature","properties":{"name":null},"geometry":{"type":"Polygon","coordinates":[[[-79.537741,8.956652],[-79.537768,8.956738],[-79.537751,8.956744],[-79.537582,8.956794],[-79.537556,8.956711],[-79.537741,8.956652]]]}},{"type":"Feature","properties":{"name":null},"geometry":{"type":"Polygon","coordinates":[[[-79.537582,8.956794],[-79.537611,8.956882],[-79.537778,8.956832],[-79.537751,8.956744],[-79.537582,8.956794]]]}},{"type":"Feature","properties":{"name":null},"geometry":{"type":"Polygon","coordinates":[[[-79.539372,8.956824],[-79.539066,8.956878],[-79.539048,8.956881],[-79.539131,8.957154],[-79.539148,8.957208],[-79.539167,8.957203],[-79.539252,8.957183],[-79.539244,8.95714],[-79.53935,8.957118],[-79.539363,8.957168],[-79.539479,8.957141],[-79.539443,8.957002],[-79.539433,8.956962],[-79.539412,8.956968],[-79.539372,8.956824]]]}},{"type":"Feature","properties":{"name":null},"geometry":{"type":"Polygon","coordinates":[[[-79.539153,8.95517],[-79.539116,8.955099],[-79.5391,8.955067],[-79.538757,8.955211],[-79.538774,8.955275],[-79.538794,8.955346],[-79.538934,8.955278],[-79.539153,8.95517]]]}},{"type":"Feature","properties":{"name":"Edificio Kodak"},"geometry":{"type":"Polygon","coordinates":[[[-79.540563,8.957467],[-79.540534,8.957432],[-79.540521,8.957438],[-79.540498,8.957404],[-79.540454,8.957425],[-79.540448,8.957411],[-79.540276,8.957485],[-79.540051,8.957582],[-79.54009,8.957663],[-79.540093,8.95767],[-79.540186,8.95763],[-79.540289,8.957586],[-79.540563,8.957467]]]}},{"type":"Feature","properties":{"name":null},"geometry":{"type":"Polygon","coordinates":[[[-79.540301,8.957104],[-79.540384,8.95722],[-79.540192,8.957311],[-79.540129,8.957186],[-79.540288,8.95711],[-79.540301,8.957104]]]}},{"type":"Feature","properties":{"name":null},"geometry":{"type":"Polygon","coordinates":[[[-79.537617,8.95411],[-79.537446,8.953863],[-79.53745,8.953859],[-79.537545,8.953782],[-79.537649,8.953929],[-79.537644,8.953932],[-79.53768,8.953986],[-79.537659,8.954001],[-79.537695,8.954055],[-79.537617,8.95411]]]}},{"type":"Feature","properties":{"name":null},"geometry":{"type":"Polygon","coordinates":[[[-79.541623,8.956723],[-79.541824,8.95687],[-79.541993,8.956645],[-79.54187,8.956555],[-79.541791,8.956498],[-79.541623,8.956723]]]}},{"type":"Feature","properties":{"name":"Vendela Central"},"geometry":{"type":"Polygon","coordinates":[[[-79.540925,8.958212],[-79.540791,8.958271],[-79.540709,8.958305],[-79.540556,8.958373],[-79.540475,8.958409],[-79.540412,8.958437],[-79.540348,8.958465],[-79.54029,8.958491],[-79.540232,8.958516],[-79.540208,8.958527],[-79.540075,8.958231],[-79.540137,8.958204],[-79.540064,8.958042],[-79.540139,8.958009],[-79.540327,8.957927],[-79.540507,8.957848],[-79.540586,8.957814],[-79.540719,8.957755],[-79.540925,8.958212]]]}},{"type":"Feature","properties":{"name":"Sol de la India"},"geometry":{"type":"Polygon","coordinates":[[[-79.541022,8.961327],[-79.541035,8.961207],[-79.541287,8.961236],[-79.54149,8.96126],[-79.541432,8.961369],[-79.541163,8.961342],[-79.541022,8.961327]]]}},{"type":"Feature","properties":{"name":"Tribunal Maritimo"},"geometry":{"type":"Polygon","coordinates":[[[-79.545034,8.958108],[-79.544715,8.95803],[-79.544795,8.957709],[-79.544909,8.957737],[-79.544919,8.957699],[-79.545012,8.957721],[-79.545003,8.95776],[-79.545114,8.957787],[-79.545034,8.958108]]]}},{"type":"Feature","properties":{"name":"Casa Lefevre"},"geometry":{"type":"Polygon","coordinates":[[[-79.534426,8.952727],[-79.534435,8.952629],[-79.534059,8.952593],[-79.534049,8.952691],[-79.534156,8.952701],[-79.534426,8.952727]]]}},{"type":"Feature","properties":{"name":"P.H. Vistas de Ancon"},"geometry":{"type":"Polygon","coordinates":[[[-79.542241,8.957551],[-79.542285,8.957492],[-79.542295,8.95748],[-79.542462,8.957256],[-79.542471,8.957244],[-79.542555,8.957131],[-79.542512,8.9571],[-79.542524,8.957084],[-79.542423,8.95701],[-79.542392,8.957051],[-79.542366,8.957032],[-79.542335,8.957074],[-79.542369,8.957099],[-79.542317,8.957167],[-79.542329,8.957176],[-79.542315,8.957195],[-79.542305,8.957188],[-79.542268,8.957238],[-79.54228,8.957246],[-79.542118,8.957461],[-79.542152,8.957486],[-79.54221,8.957409],[-79.542245,8.957434],[-79.542187,8.957512],[-79.542241,8.957551]]]}},{"type":"Feature","properties":{"name":null},"geometry":{"type":"Polygon","coordinates":[[[-79.53662,8.956098],[-79.536578,8.956012],[-79.536886,8.955912],[-79.536918,8.955997],[-79.53662,8.956098]]]}},{"type":"Feature","properties":{"name":null},"geometry":{"type":"Polygon","coordinates":[[[-79.535384,8.952352],[-79.535388,8.95231],[-79.535394,8.952249],[-79.535408,8.952094],[-79.535345,8.95209],[-79.535337,8.952188],[-79.535275,8.952184],[-79.535283,8.952087],[-79.535201,8.952082],[-79.535187,8.95223],[-79.535177,8.952332],[-79.535384,8.952352]]]}},{"type":"Feature","properties":{"name":null},"geometry":{"type":"Polygon","coordinates":[[[-79.537798,8.963734],[-79.537697,8.963915],[-79.537628,8.963875],[-79.537586,8.963945],[-79.537656,8.963985],[-79.537554,8.964153],[-79.536822,8.963738],[-79.536927,8.963561],[-79.53699,8.963599],[-79.537032,8.963529],[-79.536969,8.963491],[-79.537066,8.963319],[-79.537798,8.963734]]]}},{"type":"Feature","properties":{"name":null},"geometry":{"type":"Polygon","coordinates":[[[-79.543685,8.965587],[-79.543549,8.965737],[-79.543531,8.965722],[-79.543514,8.965742],[-79.543336,8.965586],[-79.543354,8.965566],[-79.543337,8.96555],[-79.543473,8.9654],[-79.543685,8.965587]]]}}]}