{"type":"FeatureCollection","features":[{"type":"Feature","properties":{"name":"Avenida Ascanio Arosemena Chávez","highway":"primary"},"geometry":{"type":"LineString","coordinates":[[-79.554718,8.962405],[-79.554395,8.96325],[-79.554314,8.963515],[-79.55427,8.963746],[-79.554259,8.964037]]}},{"type":"Feature","properties":{"name":"Avenida Omar Torrijos Herrera","highway":"trunk"},"geometry":{"type":"LineString","coordinates":[[-79.542204,8.964166],[-79.542504,8.964414],[-79.54282,8.964675]]}},{"type":"Feature","properties":{"name":null,"highway":"primary"},"geometry":{"type":"LineString","coordinates":[[-79.5442,8.966729],[-79.544545,8.966377],[-79.54458,8.966335],[-79.54461,8.966295],[-79.544642,8.966243],[-79.544665,8.966198],[-79.544688,8.966141],[-79.544706,8.966071],[-79.544714,8.966017],[-79.544716,8.965949],[-79.544711,8.965886],[-79.544697,8.965822],[-79.544673,8.965758],[-79.544653,8.965715],[-79.544622,8.965663],[-79.544585,8.965615],[-79.54454,8.965573],[-79.544478,8.965523],[-79.544407,8.96547]]}},{"type":"Feature","properties":{"name":"Calle Gorgas","highway":"tertiary"},"geometry":{"type":"LineString","coordinates":[[-79.543433,8.959472],[-79.543406,8.959427],[-79.543331,8.959379],[-79.543263,8.959329],[-79.543212,8.959274],[-79.543164,8.959201]]}},{"type":"Feature","properties":{"name":"Camino Quarry Heights","highway":"residential"},"geometry":{"type":"LineString","coordinates":[[-79.550499,8.952513],[-79.550633,8.952551],[-79.550882,8.952727],[-79.551042,8.952787],[-79.551138,8.952835],[-79.551253,8.952991],[-79.551264,8.953077],[-79.551262,8.953204],[-79.551269,8.954097],[-79.551269,8.95423],[-79.551312,8.954484],[-79.551421,8.954893],[-79.551592,8.955228],[-79.551702,8.955423],[-79.551774,8.955662],[-79.551766,8.955783],[-79.551765,8.956026],[-79.551671,8.957443],[-79.551648,8.957794],[-79.551633,8.958169],[-79.551622,8.958202],[-79.551461,8.958676],[-79.551378,8.959154],[-79.551335,8.95979],[-79.551335,8.960146],[-79.551307,8.960478],[-79.551321,8.960599]]}},{"type":"Feature","properties":{"name":"Calle Gorgas","highway":"tertiary"},"geometry":{"type":"LineString","coordinates":[[-79.551321,8.960599],[-79.551497,8.960511],[-79.551632,8.96048],[-79.551817,8.960463],[-79.552036,8.960474],[-79.552329,8.960484],[-79.552455,8.960481],[-79.552563,8.960457],[-79.552643,8.96041],[-79.552686,8.960333],[-79.552683,8.960187],[-79.552593,8.959824],[-79.552588,8.959763],[-79.552581,8.959702],[-79.55263,8.95961],[-79.552662,8.959569],[-79.552714,8.95953],[-79.552784,8.959516]]}},{"type":"Feature","properties":{"name":"Avenida Eloy Alfaro","highway":"residential"},"geometry":{"type":"LineString","coordinates":[[-79.537534,8.958378],[-79.537555,8.958296],[-79.537775,8.957534]]}},{"type":"Feature","properties":{"name":"Avenida Eloy Alfaro","highway":"residential"},"geometry":{"type":"LineString","coordinates":[[-79.537775,8.957534],[-79.537857,8.957364],[-79.537921,8.95724],[-79.538002,8.957077],[-79.538367,8.956765],[-79.538633,8.956668]]}},{"type":"Feature","properties":{"name":"Calle 2 Este","highway":"tertiary"},"geometry":{"type":"LineString","coordinates":[[-79.532904,8.952127],[-79.532819,8.952991]]}},{"type":"Feature","properties":{"name":"Avenida Central","highway":"tertiary"},"geometry":{"type":"LineString","coordinates":[[-79.536402,8.952493],[-79.536703,8.952531],[-79.536919,8.952559],[-79.537047,8.952576],[-79.537249,8.952671],[-79.53772,8.952941]]}},{"type":"Feature","properties":{"name":"Calle 16 Este","highway":"tertiary"},"geometry":{"type":"LineString","coordinates":[[-79.540677,8.957457],[-79.540698,8.957428],[-79.540757,8.957344],[-79.540885,8.95728]]}},{"type":"Feature","properties":{"name":"Avenida Justo Arosemena","highway":"tertiary"},"geometry":{"type":"LineString","coordinates":[[-79.538962,8.962997],[-79.53883,8.963092],[-79.538618,8.963245],[-79.538101,8.963628],[-79.537972,8.963734],[-79.537942,8.963775],[-79.537891,8.96385],[-79.537649,8.964315]]}},{"type":"Feature","properties":{"name":"Calle 30 Este","highway":"residential"},"geometry":{"type":"LineString","coordinates":[[-79.539186,8.968318],[-79.53825,8.96776],[-79.537725,8.967464],[-79.537273,8.96721],[-79.536283,8.966652],[-79.535703,8.966323],[-79.535341,8.966119],[-79.535259,8.966072],[-79.534373,8.965565]]}},{"type":"Feature","properties":{"name":"Calle 28 Este","highway":"residential"},"geometry":{"type":"LineString","coordinates":[[-79.538945,8.966601],[-79.538366,8.966277],[-79.537939,8.966024]]}},{"type":"Feature","properties":{"name":"Calle 27 Este","highway":"residential"},"geometry":{"type":"LineString","coordinates":[[-79.535354,8.96379],[-79.536276,8.9643],[-79.536352,8.96435],[-79.537316,8.964893],[-79.53828,8.965445]]}},{"type":"Feature","properties":{"name":"Calle 26 Este","highway":"tertiary"},"geometry":{"type":"LineString","coordinates":[[-79.538622,8.964888],[-79.537714,8.964353],[-79.537649,8.964315],[-79.536686,8.963766],[-79.536609,8.963722],[-79.535691,8.963189]]}},{"type":"Feature","properties":{"name":"Calle 25 Este","highway":"residential"},"geometry":{"type":"LineString","coordinates":[[-79.536028,8.962584],[-79.536467,8.962846],[-79.536943,8.96313],[-79.537039,8.963191],[-79.537304,8.963339],[-79.537869,8.963678],[-79.537972,8.963734],[-79.538051,8.963778],[-79.538363,8.96395],[-79.538779,8.96418],[-79.538851,8.964186],[-79.539405,8.964262],[-79.539705,8.964314],[-79.540185,8.964398],[-79.54037,8.964429]]}},{"type":"Feature","properties":{"name":"Calle 18 Oeste","highway":"tertiary"},"geometry":{"type":"LineString","coordinates":[[-79.540949,8.950338],[-79.541289,8.951067],[-79.541523,8.951566],[-79.541616,8.951767],[-79.541804,8.952169]]}},{"type":"Feature","properties":{"name":"Calle 19","highway":"residential"},"geometry":{"type":"LineString","coordinates":[[-79.543364,8.953364],[-79.543263,8.953272],[-79.543074,8.9531],[-79.542846,8.952901],[-79.542791,8.952827],[-79.542728,8.952683]]}},{"type":"Feature","properties":{"name":"Calle Juan B. Sosa","highway":"residential"},"geometry":{"type":"LineString","coordinates":[[-79.54178,8.955663],[-79.542059,8.955635],[-79.542163,8.955624],[-79.542317,8.955608],[-79.542863,8.955553],[-79.542905,8.955548],[-79.542962,8.955539],[-79.543145,8.955577],[-79.54374,8.955698],[-79.544218,8.956079]]}},{"type":"Feature","properties":{"name":"Calle 13 Oeste","highway":"residential"},"geometry":{"type":"LineString","coordinates":[[-79.539032,8.953643],[-79.538979,8.952914],[-79.538941,8.952201],[-79.538927,8.951919]]}},{"type":"Feature","properties":{"name":"Calle 15 Este","highway":"residential"},"geometry":{"type":"LineString","coordinates":[[-79.539752,8.950658],[-79.539814,8.951316],[-79.539876,8.951787],[-79.539905,8.951836]]}},{"type":"Feature","properties":{"name":null,"highway":"trunk_link"},"geometry":{"type":"LineString","coordinates":[[-79.553868,8.946156],[-79.553786,8.946266],[-79.553707,8.946367],[-79.553569,8.946511],[-79.553456,8.946595],[-79.553294,8.946686],[-79.553076,8.946752],[-79.552892,8.946768],[-79.55259,8.946763],[-79.552335,8.946768]]}},{"type":"Feature","properties":{"name":"Calle 26","highway":"residential"},"geometry":{"type":"LineString","coordinates":[[-79.548106,8.947375],[-79.548076,8.947686],[-79.547958,8.949203],[-79.547947,8.949349]]}},{"type":"Feature","properties":{"name":"Calle 26","highway":"residential"},"geometry":{"type":"LineString","coordinates":[[-79.547947,8.949349],[-79.547871,8.950289],[-79.54785,8.950611],[-79.547832,8.950848],[-79.547814,8.951079]]}},{"type":"Feature","properties":{"name":"Calle 16","highway":"residential"},"geometry":{"type":"LineString","coordinates":[[-79.540692,8.953602],[-79.540669,8.953533],[-79.540561,8.952686]]}},{"type":"Feature","properties":{"name":"Calle Van Hook","highway":"residential"},"geometry":{"type":"LineString","coordinates":[[-79.553261,8.942109],[-79.553305,8.942093],[-79.553625,8.941973],[-79.553696,8.941946],[-79.554231,8.941746],[-79.554299,8.941707],[-79.554378,8.941634],[-79.554661,8.941315]]}},{"type":"Feature","properties":{"name":"Calle General Juan D. Perón","highway":"residential"},"geometry":{"type":"LineString","coordinates":[[-79.548314,8.937149],[-79.548452,8.93725],[-79.549103,8.937728],[-79.549579,8.938078],[-79.549666,8.938143],[-79.549899,8.938317],[-79.550004,8.938389],[-79.550131,8.938463],[-79.550231,8.938491],[-79.550381,8.938521],[-79.550532,8.938541],[-79.551176,8.93863],[-79.551306,8.938676],[-79.551441,8.938761],[-79.552151,8.939225],[-79.552254,8.939291],[-79.552475,8.939445],[-79.553081,8.939863],[-79.553247,8.939983],[-79.553308,8.94003],[-79.553374,8.940083],[-79.55346,8.940162],[-79.55355,8.940257],[-79.553698,8.940427],[-79.553948,8.940707],[-79.554661,8.941315]]}},{"type":"Feature","properties":{"name":"Avenida de la Amistad","highway":"primary"},"geometry":{"type":"LineString","coordinates":[[-79.554244,8.965456],[-79.554283,8.965684],[-79.554331,8.965883],[-79.55438,8.966059],[-79.554419,8.966181]]}},{"type":"Feature","properties":{"name":"Avenida B","highway":"secondary"},"geometry":{"type":"LineString","coordinates":[[-79.540677,8.962318],[-79.540646,8.962519],[-79.54063,8.962607],[-79.540625,8.962627],[-79.540619,8.962641],[-79.540611,8.962651],[-79.540599,8.962662],[-79.540481,8.962743]]}},{"type":"Feature","properties":{"name":"Calle N","highway":"residential"},"geometry":{"type":"LineString","coordinates":[[-79.541417,8.964529],[-79.541219,8.964414],[-79.540905,8.964331],[-79.540826,8.964311],[-79.540421,8.964208]]}},{"type":"Feature","properties":{"name":"Avenida Ascanio Arosemena Chávez","highway":"primary"},"geometry":{"type":"LineString","coordinates":[[-79.556263,8.96013],[-79.555721,8.960504],[-79.555642,8.960562],[-79.555552,8.960633],[-79.555391,8.960788],[-79.555322,8.960865]]}},{"type":"Feature","properties":{"name":"Calle B","highway":"tertiary"},"geometry":{"type":"LineString","coordinates":[[-79.537876,8.953022],[-79.537917,8.952998],[-79.538458,8.952961]]}},{"type":"Feature","properties":{"name":"Calle C","highway":"residential"},"geometry":{"type":"LineString","coordinates":[[-79.540692,8.953602],[-79.541517,8.953505],[-79.542483,8.953411]]}},{"type":"Feature","properties":{"name":"Calle 17 Este","highway":"tertiary"},"geometry":{"type":"LineString","coordinates":[[-79.540885,8.95728],[-79.541243,8.957111],[-79.541379,8.956926],[-79.541839,8.956302],[-79.541855,8.956241],[-79.54178,8.955663],[-79.541689,8.954955],[-79.541647,8.954616],[-79.541601,8.954246],[-79.541517,8.953505],[-79.541471,8.953364],[-79.541388,8.953117],[-79.541234,8.952662],[-79.541143,8.952436],[-79.540967,8.952015],[-79.540833,8.951662],[-79.5407,8.951341],[-79.540659,8.951235],[-79.540645,8.951178],[-79.540599,8.950719]]}},{"type":"Feature","properties":{"name":"Calle 6a Oeste","highway":"residential"},"geometry":{"type":"LineString","coordinates":[[-79.534841,8.95151],[-79.534808,8.951842],[-79.534784,8.952123]]}},{"type":"Feature","properties":{"name":"Calle 2da Oeste","highway":"residential"},"geometry":{"type":"LineString","coordinates":[[-79.532342,8.950122],[-79.532653,8.950671],[-79.532777,8.951033],[-79.532829,8.951281],[-79.532835,8.951303]]}},{"type":"Feature","properties":{"name":"Avenida México","highway":"residential"},"geometry":{"type":"LineString","coordinates":[[-79.539092,8.961214],[-79.539443,8.960966]]}},{"type":"Feature","properties":{"name":"Calle Victoriano Lorenzo","highway":"residential"},"geometry":{"type":"LineString","coordinates":[[-79.536879,8.95132],[-79.537407,8.95129],[-79.53745,8.951288],[-79.53793,8.951261],[-79.538469,8.95123]]}},{"type":"Feature","properties":{"name":"Avenida Eloy Alfaro","highway":"tertiary"},"geometry":{"type":"LineString","coordinates":[[-79.536947,8.95479],[-79.536916,8.954722],[-79.53689,8.954663],[-79.53687,8.954617]]}},{"type":"Feature","properties":{"name":"Calle José D. de la Obaldía","highway":"residential"},"geometry":{"type":"LineString","coordinates":[[-79.535817,8.952086],[-79.536417,8.952135],[-79.536431,8.952135]]}},{"type":"Feature","properties":{"name":"Calle 11 Este","highway":"tertiary"},"geometry":{"type":"LineString","coordinates":[[-79.538506,8.952227],[-79.538417,8.952327],[-79.538298,8.952427],[-79.538115,8.952582],[-79.53772,8.952941]]}},{"type":"Feature","properties":{"name":"Calle 11 Oeste","highway":"residential"},"geometry":{"type":"LineString","coordinates":[[-79.537891,8.950795],[-79.537908,8.950997],[-79.537927,8.951222],[-79.53793,8.951261]]}},{"type":"Feature","properties":{"name":"Calle 9a Este","highway":"tertiary"},"geometry":{"type":"LineString","coordinates":[[-79.536256,8.953997],[-79.536244,8.95397],[-79.536235,8.953935],[-79.536223,8.953637]]}},{"type":"Feature","properties":{"name":"Avenida Eloy Alfaro","highway":"residential"},"geometry":{"type":"LineString","coordinates":[[-79.53596,8.953961],[-79.535941,8.953969],[-79.535912,8.953975],[-79.53564,8.953999]]}},{"type":"Feature","properties":{"name":"Calle 3ra Este","highway":"residential"},"geometry":{"type":"LineString","coordinates":[[-79.533264,8.954037],[-79.53331,8.95349],[-79.533328,8.953274],[-79.53335,8.95304]]}},{"type":"Feature","properties":{"name":"Calle 8 Este","highway":"residential"},"geometry":{"type":"LineString","coordinates":[[-79.53564,8.953999],[-79.535699,8.95327],[-79.535701,8.953251],[-79.535727,8.952963],[-79.535729,8.952936]]}},{"type":"Feature","properties":{"name":"Avenida Demetrio H. Brid","highway":"residential"},"geometry":{"type":"LineString","coordinates":[[-79.536522,8.95112],[-79.535929,8.951048]]}},{"type":"Feature","properties":{"name":"Avenida Central","highway":"residential"},"geometry":{"type":"LineString","coordinates":[[-79.53501,8.952225],[-79.534974,8.952172],[-79.534915,8.952139],[-79.534784,8.952123],[-79.534665,8.952109],[-79.534568,8.952121],[-79.534534,8.95215],[-79.534516,8.952184]]}},{"type":"Feature","properties":{"name":"Avenida Pedro A. Sosa","highway":"residential"},"geometry":{"type":"LineString","coordinates":[[-79.534468,8.952741],[-79.534568,8.952784],[-79.534698,8.952799],[-79.534934,8.952826]]}},{"type":"Feature","properties":{"name":"Calle 5a Oeste","highway":"residential"},"geometry":{"type":"LineString","coordinates":[[-79.534399,8.953155],[-79.534316,8.954004],[-79.53431,8.954034]]}},{"type":"Feature","properties":{"name":"Avenida Ascanio Arosemena Chávez","highway":"primary"},"geometry":{"type":"LineString","coordinates":[[-79.555588,8.962566],[-79.555357,8.962528],[-79.555276,8.962504],[-79.555207,8.962479],[-79.555152,8.962442],[-79.555086,8.962382],[-79.555048,8.96233],[-79.555008,8.96225],[-79.554989,8.962183],[-79.554973,8.962083],[-79.554976,8.962039],[-79.55499,8.961966]]}},{"type":"Feature","properties":{"name":null,"highway":"residential"},"geometry":{"type":"LineString","coordinates":[[-79.542203,8.951513],[-79.541616,8.951767]]}},{"type":"Feature","properties":{"name":"Avenida A","highway":"tertiary"},"geometry":{"type":"LineString","coordinates":[[-79.535903,8.95162],[-79.535863,8.951615],[-79.535753,8.951604],[-79.535508,8.951579],[-79.535259,8.951553],[-79.535115,8.951538],[-79.534841,8.95151],[-79.534564,8.951481],[-79.53395,8.951418],[-79.533929,8.951416],[-79.533538,8.951376],[-79.532835,8.951303],[-79.532701,8.951289]]}},{"type":"Feature","properties":{"name":"Calle 21 Oeste","highway":"residential"},"geometry":{"type":"LineString","coordinates":[[-79.543466,8.949631],[-79.543459,8.950467],[-79.543456,8.950968]]}},{"type":"Feature","properties":{"name":"Calle 19","highway":"residential"},"geometry":{"type":"LineString","coordinates":[[-79.541936,8.950889],[-79.54162,8.950136]]}},{"type":"Feature","properties":{"name":"Avenida de los Poetas","highway":"primary"},"geometry":{"type":"LineString","coordinates":[[-79.552227,8.946955],[-79.551878,8.946902],[-79.551553,8.946855],[-79.55126,8.946846],[-79.550905,8.946858],[-79.550663,8.946864],[-79.550376,8.946851],[-79.550086,8.946834]]}},{"type":"Feature","properties":{"name":"Avenida Central","highway":"residential"},"geometry":{"type":"LineString","coordinates":[[-79.532904,8.952127],[-79.533057,8.952171],[-79.533391,8.9522],[-79.533441,8.952204],[-79.533845,8.952239],[-79.534506,8.952295]]}},{"type":"Feature","properties":{"name":"Calle 7a Oeste","highway":"pedestrian"},"geometry":{"type":"LineString","coordinates":[[-79.534962,8.953189],[-79.534963,8.953177],[-79.534967,8.95314],[-79.534992,8.952906],[-79.534994,8.952876],[-79.534999,8.952833]]}},{"type":"Feature","properties":{"name":"Calle 14 Oeste","highway":"residential"},"geometry":{"type":"LineString","coordinates":[[-79.539317,8.95087],[-79.539376,8.950805],[-79.539443,8.950743],[-79.539512,8.95072]]}},{"type":"Feature","properties":{"name":"Calle G","highway":"residential"},"geometry":{"type":"LineString","coordinates":[[-79.540595,8.955675],[-79.540334,8.955676],[-79.539871,8.955733]]}},{"type":"Feature","properties":{"name":"Avenida A","highway":"tertiary"},"geometry":{"type":"LineString","coordinates":[[-79.532701,8.951289],[-79.532394,8.951251]]}},{"type":"Feature","properties":{"name":null,"highway":"trunk_link"},"geometry":{"type":"LineString","coordinates":[[-79.54282,8.964675],[-79.5437,8.965479],[-79.543715,8.965497],[-79.543726,8.965512],[-79.543733,8.965528],[-79.543735,8.96555],[-79.543734,8.965572],[-79.543729,8.965591],[-79.543715,8.965617],[-79.543697,8.965639],[-79.543677,8.965664]]}},{"type":"Feature","properties":{"name":"Avenida Omar Torrijos Herrera","highway":"trunk"},"geometry":{"type":"LineString","coordinates":[[-79.555027,8.962869],[-79.554896,8.962951],[-79.554787,8.963036],[-79.554675,8.963142],[-79.554552,8.963302],[-79.554445,8.963478],[-79.554381,8.963619],[-79.55433,8.963772],[-79.554259,8.964037]]}},{"type":"Feature","properties":{"name":null,"highway":"residential"},"geometry":{"type":"LineString","coordinates":[[-79.552381,8.956108],[-79.552557,8.955951],[-79.552564,8.955781],[-79.55247,8.955663],[-79.552385,8.955643],[-79.552278,8.955702],[-79.552109,8.955798]]}},{"type":"Feature","properties":{"name":"Lion Hill","highway":"residential"},"geometry":{"type":"LineString","coordinates":[[-79.552949,8.961602],[-79.552799,8.961567],[-79.552613,8.961533],[-79.552321,8.961557],[-79.552108,8.961574],[-79.551847,8.961679],[-79.55172,8.961723],[-79.551575,8.961676],[-79.551338,8.961564],[-79.551194,8.961499],[-79.551115,8.961489],[-79.551022,8.96152],[-79.550898,8.961632],[-79.550778,8.961757],[-79.550671,8.961886],[-79.55063,8.962077],[-79.550592,8.962216],[-79.55053,8.962305],[-79.550422,8.96234],[-79.550298,8.96231]]}},{"type":"Feature","properties":{"name":"Cascadas Road","highway":"residential"},"geometry":{"type":"LineString","coordinates":[[-79.551874,8.963061],[-79.551919,8.962827],[-79.552075,8.962588],[-79.552107,8.96244],[-79.552096,8.962185],[-79.552161,8.961994],[-79.552375,8.961851],[-79.55285,8.961718],[-79.552927,8.961649],[-79.552949,8.961602],[-79.553123,8.961456],[-79.553305,8.961314],[-79.553346,8.96125],[-79.553369,8.961171],[-79.553368,8.961078],[-79.553346,8.960685],[-79.553335,8.960351],[-79.553337,8.960196],[-79.553325,8.960039],[-79.553299,8.95993],[-79.55325,8.959782],[-79.553215,8.959701],[-79.553157,8.959622]]}},{"type":"Feature","properties":{"name":null,"highway":"motorway_link"},"geometry":{"type":"LineString","coordinates":[[-79.552719,8.965507],[-79.553241,8.965336],[-79.553333,8.965312],[-79.553404,8.965305],[-79.553487,8.965306],[-79.553563,8.965317],[-79.553632,8.965337],[-79.553696,8.965363],[-79.553761,8.965401],[-79.553823,8.96545],[-79.553869,8.965498],[-79.553918,8.965562],[-79.553947,8.965616],[-79.553977,8.965679],[-79.554006,8.965752],[-79.554027,8.965817],[-79.55405,8.965916],[-79.554062,8.965991],[-79.554072,8.966074],[-79.554077,8.966163],[-79.554078,8.966265],[-79.554074,8.966332],[-79.554066,8.966405],[-79.554047,8.966527],[-79.554032,8.9666],[-79.554011,8.966681],[-79.553985,8.966767],[-79.553961,8.966835],[-79.553933,8.966906],[-79.553893,8.966995],[-79.553853,8.967074],[-79.553805,8.967158],[-79.553483,8.967618]]}},{"type":"Feature","properties":{"name":"Calle Gorgas","highway":"tertiary"},"geometry":{"type":"LineString","coordinates":[[-79.555322,8.960865],[-79.555202,8.960799],[-79.555054,8.960748],[-79.554906,8.960714]]}},{"type":"Feature","properties":{"name":null,"highway":"residential"},"geometry":{"type":"LineString","coordinates":[[-79.552619,8.9582],[-79.552557,8.958137],[-79.552512,8.95806],[-79.552487,8.957976],[-79.552483,8.957888],[-79.552501,8.957801]]}},{"type":"Feature","properties":{"name":"Calle Amelia Denis de Icaza","highway":"path"},"geometry":{"type":"LineString","coordinates":[[-79.54955,8.956768],[-79.54943,8.957082],[-79.549402,8.9572],[-79.549412,8.957324],[-79.549397,8.957441],[-79.549372,8.957536],[-79.549372,8.957585],[-79.549418,8.957623],[-79.549451,8.957598],[-79.5495,8.957589],[-79.549534,8.957595],[-79.549566,8.957648],[-79.549629,8.957546],[-79.549664,8.957651],[-79.549664,8.957767],[-79.549754,8.958018],[-79.54974,8.958183],[-79.549765,8.958368],[-79.549746,8.958477],[-79.549679,8.958562],[-79.549631,8.958645],[-79.549598,8.958751],[-79.549578,8.958898],[-79.549554,8.95903],[-79.549488,8.95918],[-79.549414,8.959252]]}},{"type":"Feature","properties":{"name":"Calle Amelia Denis de Icaza","highway":"path"},"geometry":{"type":"LineString","coordinates":[[-79.549658,8.953099],[-79.549481,8.953281],[-79.549357,8.953477],[-79.549223,8.953668],[-79.549057,8.953859],[-79.548922,8.95396],[-79.548895,8.954029],[-79.548955,8.954087],[-79.549024,8.954109],[-79.549159,8.953987],[-79.549336,8.953796],[-79.549594,8.95352],[-79.549669,8.953493],[-79.549719,8.953528],[-79.549717,8.953573],[-79.549691,8.953612],[-79.549261,8.954345],[-79.549214,8.954382],[-79.549164,8.954403],[-79.548633,8.954398],[-79.548582,8.954415],[-79.548538,8.954457],[-79.548524,8.9545],[-79.54849,8.954547],[-79.548455,8.954591],[-79.54842,8.954632],[-79.548402,8.954686],[-79.548411,8.954745],[-79.548422,8.954796],[-79.548473,8.954914],[-79.548526,8.955029],[-79.548578,8.95513],[-79.548619,8.95521],[-79.548619,8.955284],[-79.548573,8.955357],[-79.548535,8.95541],[-79.548506,8.955493],[-79.548527,8.955578],[-79.548566,8.955658],[-79.548607,8.955737],[-79.548702,8.955788],[-79.548704,8.955892],[-79.548756,8.956015],[-79.548798,8.956204],[-79.54878,8.956357],[-79.548737,8.956541],[-79.548668,8.956736],[-79.548674,8.956814],[-79.54867,8.956917],[-79.548636,8.957017],[-79.548613,8.957058],[-79.548617,8.957151],[-79.548611,8.957278],[-79.548646,8.95763],[-79.548633,8.958088],[-79.548562,8.958158],[-79.548517,8.958298],[-79.548467,8.958428],[-79.548452,8.958583],[-79.548445,8.958732],[-79.548423,8.958894],[-79.548459,8.958944],[-79.548504,8.95899],[-79.548587,8.959021],[-79.548724,8.95907],[-79.548878,8.959113],[-79.549027,8.959162],[-79.54914,8.959197],[-79.549226,8.959226],[-79.549314,8.95924],[-79.549335,8.959242],[-79.549414,8.959252]]}},{"type":"Feature","properties":{"name":"Calle Gorgas","highway":"tertiary"},"geometry":{"type":"LineString","coordinates":[[-79.555322,8.960865],[-79.555439,8.960956]]}},{"type":"Feature","properties":{"name":"Craig","highway":"residential"},"geometry":{"type":"LineString","coordinates":[[-79.551671,8.957443],[-79.552487,8.956878],[-79.552807,8.956637],[-79.553028,8.956498]]}},{"type":"Feature","properties":{"name":"Calle Erasmo Méndez Icaza","highway":"residential"},"geometry":{"type":"LineString","coordinates":[[-79.552423,8.959453],[-79.552359,8.959376],[-79.552316,8.959315],[-79.552283,8.959175],[-79.552265,8.958935],[-79.552313,8.95866],[-79.552394,8.95847],[-79.552619,8.9582],[-79.552804,8.958131],[-79.553014,8.958083],[-79.553243,8.95807],[-79.553513,8.958067]]}},{"type":"Feature","properties":{"name":"Calle Amelia Denis de Icaza","highway":"residential"},"geometry":{"type":"LineString","coordinates":[[-79.550888,8.959597],[-79.550953,8.959155],[-79.55105,8.958603],[-79.551119,8.958162],[-79.55114,8.958054],[-79.551246,8.957664],[-79.551259,8.957117],[-79.551272,8.956888],[-79.5512,8.956701],[-79.55104,8.956202],[-79.550977,8.956009],[-79.550976,8.95583],[-79.550948,8.95554],[-79.550976,8.955374],[-79.550955,8.954162],[-79.551004,8.953984],[-79.551001,8.953666],[-79.550947,8.953421],[-79.550794,8.953204],[-79.550534,8.953015],[-79.55034,8.952941],[-79.550029,8.952957],[-79.549858,8.952949],[-79.549738,8.953038],[-79.549658,8.953099]]}},{"type":"Feature","properties":{"name":null,"highway":"residential"},"geometry":{"type":"LineString","coordinates":[[-79.553004,8.962254],[-79.552669,8.962525]]}},{"type":"Feature","properties":{"name":"Ashton","highway":"residential"},"geometry":{"type":"LineString","coordinates":[[-79.552807,8.956637],[-79.552381,8.956108],[-79.552109,8.955798],[-79.551938,8.95563],[-79.551864,8.955621],[-79.551774,8.955662]]}},{"type":"Feature","properties":{"name":"Graves","highway":"residential"},"geometry":{"type":"LineString","coordinates":[[-79.552487,8.956878],[-79.551765,8.956026]]}},{"type":"Feature","properties":{"name":"Fenters","highway":"residential"},"geometry":{"type":"LineString","coordinates":[[-79.551633,8.958169],[-79.551484,8.957923],[-79.551468,8.957803],[-79.551349,8.955722],[-79.551291,8.955577],[-79.551117,8.955425],[-79.551005,8.955386],[-79.550976,8.955374]]}},{"type":"Feature","properties":{"name":"Calle Leonardo Villanueva","highway":"residential"},"geometry":{"type":"LineString","coordinates":[[-79.551817,8.960463],[-79.551817,8.960379],[-79.551826,8.960292],[-79.551859,8.960237],[-79.551947,8.960161],[-79.551994,8.960108],[-79.55201,8.960044],[-79.551999,8.959833],[-79.551975,8.959538],[-79.551883,8.958862],[-79.551853,8.958531],[-79.551819,8.958432],[-79.551785,8.958361]]}},{"type":"Feature","properties":{"name":"Parkinson Lane","highway":"residential"},"geometry":{"type":"LineString","coordinates":[[-79.551042,8.952787],[-79.551165,8.952692],[-79.551333,8.952736],[-79.551665,8.952905],[-79.551674,8.953168],[-79.551648,8.954418],[-79.55169,8.954701],[-79.551742,8.95486],[-79.551702,8.955423]]}},{"type":"Feature","properties":{"name":"Avenida Ascanio Arosemena Chávez","highway":"trunk_link"},"geometry":{"type":"LineString","coordinates":[[-79.555259,8.96097],[-79.555199,8.961027],[-79.555148,8.961106],[-79.554656,8.962298],[-79.554609,8.962398],[-79.554561,8.962475],[-79.55449,8.962576],[-79.554362,8.962706],[-79.554228,8.962832],[-79.554134,8.962958],[-79.554033,8.96312]]}},{"type":"Feature","properties":{"name":"Dorhman Place","highway":"service"},"geometry":{"type":"LineString","coordinates":[[-79.553873,8.954645],[-79.553732,8.954885]]}},{"type":"Feature","properties":{"name":"Barnebey","highway":"residential"},"geometry":{"type":"LineString","coordinates":[[-79.556578,8.953976],[-79.556547,8.954025],[-79.556528,8.954066],[-79.5565,8.954136],[-79.556485,8.954182],[-79.556472,8.954232],[-79.556462,8.95428],[-79.556393,8.954725],[-79.556345,8.95504],[-79.55628,8.955428],[-79.556208,8.955861],[-79.556146,8.956223],[-79.556034,8.956913],[-79.555989,8.957151],[-79.555942,8.957273],[-79.555871,8.957383],[-79.555795,8.957484]]}},{"type":"Feature","properties":{"name":"Calle Fontant","highway":"residential"},"geometry":{"type":"LineString","coordinates":[[-79.555326,8.956998],[-79.555178,8.95702],[-79.555103,8.95703],[-79.554968,8.957023],[-79.554854,8.956992],[-79.554757,8.956864],[-79.554641,8.95657],[-79.55448,8.956207],[-79.554313,8.955956],[-79.554063,8.955744],[-79.553719,8.955622],[-79.553582,8.955521],[-79.55348,8.955334]]}},{"type":"Feature","properties":{"name":"Calle Voise","highway":"residential"},"geometry":{"type":"LineString","coordinates":[[-79.556464,8.952799],[-79.55639,8.952835],[-79.556121,8.952962],[-79.555835,8.953097]]}},{"type":"Feature","properties":{"name":"Calle John F. Wallace","highway":"residential"},"geometry":{"type":"LineString","coordinates":[[-79.555406,8.952477],[-79.55538,8.952352],[-79.555267,8.952177],[-79.555036,8.951997],[-79.554699,8.951879],[-79.554518,8.951881],[-79.554283,8.95189],[-79.554048,8.951918],[-79.553781,8.952091],[-79.553532,8.952282]]}},{"type":"Feature","properties":{"name":"Calle Dirks","highway":"residential"},"geometry":{"type":"LineString","coordinates":[[-79.553764,8.953341],[-79.553893,8.953365],[-79.554183,8.95337],[-79.554538,8.95328],[-79.554785,8.953147],[-79.55508,8.952958],[-79.555263,8.952808],[-79.555376,8.952669],[-79.555401,8.95257],[-79.555406,8.952477]]}},{"type":"Feature","properties":{"name":"Pearson Street","highway":"residential"},"geometry":{"type":"LineString","coordinates":[[-79.555406,8.952477],[-79.555596,8.952592],[-79.555736,8.952835],[-79.555835,8.953097]]}},{"type":"Feature","properties":{"name":"Avenida Antonio J De Sucre","highway":"residential"},"geometry":{"type":"LineString","coordinates":[[-79.53371,8.953529],[-79.53331,8.95349]]}},{"type":"Feature","properties":{"name":"Avenida Balboa","highway":"trunk"},"geometry":{"type":"LineString","coordinates":[[-79.536497,8.961463],[-79.536912,8.960724],[-79.537108,8.960389],[-79.537345,8.959979],[-79.537428,8.959823],[-79.537458,8.959769],[-79.537536,8.959644]]}},{"type":"Feature","properties":{"name":"Calle Juan de Arco Galindo","highway":"residential"},"geometry":{"type":"LineString","coordinates":[[-79.544355,8.960582],[-79.544504,8.960558],[-79.544602,8.960517],[-79.544676,8.960468],[-79.544743,8.960371],[-79.544818,8.960281],[-79.545003,8.959997],[-79.545092,8.959874],[-79.545199,8.959683],[-79.545319,8.959437],[-79.54534,8.959381],[-79.545367,8.959271],[-79.545382,8.959079],[-79.545376,8.958607],[-79.545365,8.958331],[-79.545412,8.958157],[-79.545459,8.958038],[-79.545491,8.957973],[-79.545515,8.957925],[-79.545598,8.957817],[-79.54562,8.957691],[-79.545589,8.957514]]}},{"type":"Feature","properties":{"name":null,"highway":"trunk_link"},"geometry":{"type":"LineString","coordinates":[[-79.550555,8.948053],[-79.550804,8.947917],[-79.550915,8.947861],[-79.55104,8.947813],[-79.551213,8.947753],[-79.551361,8.94771],[-79.551493,8.947674],[-79.551733,8.947616],[-79.552067,8.947549],[-79.552433,8.947494],[-79.552579,8.947465],[-79.552715,8.947429],[-79.552879,8.94737]]}},{"type":"Feature","properties":{"name":null,"highway":"trunk_link"},"geometry":{"type":"LineString","coordinates":[[-79.552335,8.946768],[-79.552052,8.946812],[-79.55161,8.946932],[-79.551475,8.946978],[-79.551283,8.947054],[-79.551115,8.947123],[-79.550928,8.947208],[-79.550843,8.947257]]}},{"type":"Feature","properties":{"name":"Avenida de los Poetas","highway":"primary"},"geometry":{"type":"LineString","coordinates":[[-79.553868,8.946156],[-79.553766,8.946369],[-79.553688,8.946502],[-79.553598,8.946631],[-79.553444,8.946799],[-79.553246,8.946934],[-79.553137,8.946979],[-79.553021,8.947009],[-79.552874,8.947024],[-79.552604,8.947012],[-79.552227,8.946955]]}},{"type":"Feature","properties":{"name":"Avenida de los Poetas","highway":"primary"},"geometry":{"type":"LineString","coordinates":[[-79.554076,8.944672],[-79.554113,8.944841],[-79.554131,8.945075],[-79.554129,8.945219],[-79.554116,8.945372],[-79.554084,8.945602],[-79.554036,8.94577],[-79.553995,8.945884],[-79.553918,8.94606],[-79.553868,8.946156]]}},{"type":"Feature","properties":{"name":"Avenida de los Mártires","highway":"trunk"},"geometry":{"type":"LineString","coordinates":[[-79.554883,8.947222],[-79.554811,8.947232],[-79.554738,8.94724],[-79.554599,8.94725],[-79.554459,8.947252]]}},{"type":"Feature","properties":{"name":"Avenida de los Mártires","highway":"trunk"},"geometry":{"type":"LineString","coordinates":[[-79.548573,8.951431],[-79.548667,8.951234],[-79.548803,8.950895],[-79.549026,8.950268],[-79.549211,8.94981],[-79.549387,8.949415],[-79.549621,8.948989],[-79.549705,8.948849],[-79.549957,8.948552],[-79.550205,8.948326],[-79.550555,8.948053],[-79.550793,8.947882],[-79.550999,8.947749],[-79.55124,8.947633],[-79.551545,8.9475],[-79.55181,8.947411],[-79.552101,8.947326]]}},{"type":"Feature","properties":{"name":null,"highway":"trunk_link"},"geometry":{"type":"LineString","coordinates":[[-79.554318,8.947123],[-79.55417,8.947064],[-79.554117,8.947034],[-79.554066,8.946998],[-79.554017,8.946954],[-79.553976,8.946902],[-79.553942,8.946843],[-79.553916,8.946778],[-79.553908,8.946729],[-79.553902,8.946666],[-79.553901,8.946597],[-79.553911,8.946518],[-79.553931,8.946425],[-79.553966,8.946283]]}},{"type":"Feature","properties":{"name":null,"highway":"trunk_link"},"geometry":{"type":"LineString","coordinates":[[-79.55555,8.947956],[-79.555147,8.948061],[-79.554853,8.948126],[-79.554651,8.948164],[-79.55454,8.948179],[-79.554457,8.948186],[-79.554376,8.948187],[-79.554305,8.948186],[-79.554235,8.948177],[-79.554174,8.948162],[-79.554136,8.948149],[-79.554091,8.948128],[-79.554051,8.948101],[-79.554009,8.948066],[-79.553963,8.948016],[-79.553933,8.947973],[-79.55391,8.947938],[-79.553889,8.947892],[-79.553875,8.94785],[-79.553862,8.94779],[-79.553858,8.94773],[-79.553861,8.94767],[-79.553869,8.947629],[-79.553886,8.94757],[-79.553904,8.94753],[-79.553926,8.94749],[-79.553954,8.94745],[-79.554008,8.947399],[-79.55406,8.947363],[-79.554099,8.947346],[-79.554166,8.947323],[-79.554262,8.9473],[-79.554459,8.947252]]}},{"type":"Feature","properties":{"name":null,"highway":"trunk_link"},"geometry":{"type":"LineString","coordinates":[[-79.536096,8.962181],[-79.536101,8.962134],[-79.5361,8.962088],[-79.536092,8.962043],[-79.53608,8.961998],[-79.536059,8.961957]]}},{"type":"Feature","properties":{"name":null,"highway":"trunk_link"},"geometry":{"type":"LineString","coordinates":[[-79.534434,8.964283],[-79.534404,8.9644],[-79.534394,8.964469],[-79.534389,8.964535],[-79.534397,8.964577],[-79.53442,8.964611],[-79.534444,8.964633],[-79.534474,8.964651],[-79.534496,8.964658],[-79.534508,8.964661],[-79.534558,8.964662],[-79.534584,8.964655],[-79.534627,8.964636],[-79.534672,8.964604],[-79.534822,8.964444]]}},{"type":"Feature","properties":{"name":null,"highway":"trunk_link"},"geometry":{"type":"LineString","coordinates":[[-79.534531,8.964986],[-79.534528,8.96487],[-79.534521,8.964827],[-79.534503,8.964778],[-79.534482,8.964751],[-79.534455,8.964729],[-79.534421,8.964714],[-79.534381,8.964708],[-79.534335,8.964714],[-79.534282,8.964734],[-79.534228,8.964774],[-79.534171,8.964824],[-79.534075,8.964925]]}},{"type":"Feature","properties":{"name":"Avenida Balboa Viaducto","highway":"trunk"},"geometry":{"type":"LineString","coordinates":[[-79.539363,8.960665],[-79.539208,8.960443],[-79.539121,8.960339],[-79.539037,8.960261],[-79.538913,8.96018],[-79.53877,8.960108],[-79.538125,8.95983]]}},{"type":"Feature","properties":{"name":"Cinta Costera","highway":"trunk"},"geometry":{"type":"LineString","coordinates":[[-79.537761,8.959239],[-79.537694,8.959312],[-79.537611,8.959355],[-79.53752,8.959376],[-79.537444,8.959373],[-79.537311,8.959352],[-79.537194,8.959344],[-79.537105,8.959346],[-79.537022,8.959357],[-79.536947,8.959374],[-79.536869,8.959402],[-79.53676,8.95945],[-79.536663,8.959511],[-79.536579,8.959578],[-79.536493,8.959671],[-79.536431,8.959753],[-79.536345,8.959893],[-79.536297,8.960035],[-79.536256,8.960188],[-79.536237,8.960314],[-79.536229,8.96046],[-79.536223,8.960621],[-79.536219,8.960741],[-79.536207,8.960957]]}},{"type":"Feature","properties":{"name":"Avenida Balboa Viaducto","highway":"trunk"},"geometry":{"type":"LineString","coordinates":[[-79.536497,8.961463],[-79.536525,8.961259],[-79.536542,8.961064],[-79.536542,8.960906],[-79.536533,8.960781],[-79.536507,8.960483],[-79.536512,8.960327],[-79.536535,8.96017],[-79.536592,8.960029]]}},{"type":"Feature","properties":{"name":"Calle 27","highway":"residential"},"geometry":{"type":"LineString","coordinates":[[-79.548094,8.95136],[-79.548064,8.951339],[-79.548023,8.951293],[-79.547996,8.951238],[-79.547984,8.951178],[-79.547986,8.951115]]}},{"type":"Feature","properties":{"name":null,"highway":"trunk_link"},"geometry":{"type":"LineString","coordinates":[[-79.548667,8.951234],[-79.548756,8.951136],[-79.548799,8.951104],[-79.548839,8.951082],[-79.548891,8.951061],[-79.54904,8.951029],[-79.549098,8.951035],[-79.549143,8.951045],[-79.549183,8.951065],[-79.549221,8.951096],[-79.549247,8.951128],[-79.549274,8.951177],[-79.549289,8.951225],[-79.549296,8.951279],[-79.549292,8.951334],[-79.549281,8.951378],[-79.549265,8.951415],[-79.549248,8.951458],[-79.549211,8.951508],[-79.549161,8.951544],[-79.549098,8.951573],[-79.548946,8.951624],[-79.54888,8.951627],[-79.54873,8.95161]]}},{"type":"Feature","properties":{"name":"Avenida Arnulfo Arias Madrid","highway":"primary"},"geometry":{"type":"LineString","coordinates":[[-79.549537,8.951871],[-79.55013,8.951938],[-79.550277,8.951949],[-79.55039,8.951951],[-79.550529,8.951947],[-79.550706,8.951934],[-79.550894,8.951912]]}},{"type":"Feature","properties":{"name":null,"highway":"trunk_link"},"geometry":{"type":"LineString","coordinates":[[-79.548613,8.949397],[-79.548684,8.949406],[-79.54875,8.949423],[-79.548799,8.94944],[-79.548838,8.94946],[-79.548872,8.94948],[-79.54891,8.949513],[-79.548948,8.949544],[-79.548968,8.949569],[-79.548984,8.949595],[-79.549003,8.949636],[-79.549011,8.949663],[-79.549014,8.949701],[-79.54901,8.949739],[-79.549001,8.949785],[-79.548868,8.950167],[-79.548749,8.950603],[-79.548714,8.950882]]}},{"type":"Feature","properties":{"name":null,"highway":"trunk_link"},"geometry":{"type":"LineString","coordinates":[[-79.549371,8.951376],[-79.549354,8.951206],[-79.549348,8.951155],[-79.549337,8.951109],[-79.549316,8.951053],[-79.549292,8.951008],[-79.549153,8.950826],[-79.549118,8.950775],[-79.549094,8.950731],[-79.549072,8.950681],[-79.549056,8.950636],[-79.549042,8.95058],[-79.549034,8.950521],[-79.549031,8.950473],[-79.549026,8.950268]]}},{"type":"Feature","properties":{"name":"Calle 23 Este","highway":"secondary"},"geometry":{"type":"LineString","coordinates":[[-79.542128,8.963798],[-79.541929,8.963706],[-79.541813,8.963616],[-79.541744,8.963531],[-79.541692,8.963436],[-79.541632,8.963304],[-79.541475,8.96295],[-79.541346,8.962718],[-79.541275,8.962563]]}},{"type":"Feature","properties":{"name":"Calle Rochet","highway":"residential"},"geometry":{"type":"LineString","coordinates":[[-79.542673,8.96029],[-79.542257,8.960271],[-79.542023,8.960261],[-79.541961,8.960258]]}},{"type":"Feature","properties":{"name":"Cinta Costera","highway":"trunk"},"geometry":{"type":"LineString","coordinates":[[-79.536405,8.960339],[-79.53637,8.960468],[-79.536306,8.960679],[-79.536262,8.960809],[-79.536207,8.960957]]}},{"type":"Feature","properties":{"name":"Avenida Omar Torrijos Herrera","highway":"trunk"},"geometry":{"type":"LineString","coordinates":[[-79.542545,8.964294],[-79.542481,8.964227],[-79.542426,8.964154],[-79.542381,8.964074],[-79.542345,8.963989],[-79.542321,8.963901],[-79.542308,8.96381]]}},{"type":"Feature","properties":{"name":null,"highway":"trunk_link"},"geometry":{"type":"LineString","coordinates":[[-79.542306,8.963338],[-79.542246,8.963398],[-79.542167,8.96345],[-79.542067,8.963483],[-79.541967,8.963487],[-79.541864,8.963463],[-79.541782,8.963418],[-79.541729,8.963335],[-79.541652,8.963181],[-79.541516,8.962908],[-79.541379,8.962683],[-79.541275,8.962563]]}},{"type":"Feature","properties":{"name":"Avenida de los Mártires","highway":"trunk"},"geometry":{"type":"LineString","coordinates":[[-79.548495,8.951566],[-79.548573,8.951431]]}},{"type":"Feature","properties":{"name":null,"highway":"trunk_link"},"geometry":{"type":"LineString","coordinates":[[-79.54277,8.963979],[-79.542869,8.963944],[-79.542958,8.963862],[-79.543003,8.963794],[-79.543034,8.963712],[-79.543039,8.96364],[-79.543032,8.963565],[-79.543002,8.963475],[-79.542966,8.963412],[-79.5429,8.963336],[-79.542839,8.963264],[-79.542795,8.963182],[-79.54277,8.963094],[-79.542763,8.963007],[-79.542776,8.962904],[-79.542806,8.962749]]}},{"type":"Feature","properties":{"name":"Calle K","highway":"residential"},"geometry":{"type":"LineString","coordinates":[[-79.54181,8.96067],[-79.541957,8.960739],[-79.542217,8.961034],[-79.5423,8.961253],[-79.542304,8.961326]]}},{"type":"Feature","properties":{"name":"Calle Estudiante","highway":"residential"},"geometry":{"type":"LineString","coordinates":[[-79.54217,8.957803],[-79.542689,8.957122],[-79.543098,8.956584],[-79.54374,8.955698],[-79.543983,8.955386],[-79.544114,8.955214],[-79.544173,8.955116],[-79.544222,8.954981],[-79.544264,8.954806],[-79.544268,8.954655],[-79.544233,8.954495],[-79.544155,8.954224]]}},{"type":"Feature","properties":{"name":"Avenida de los Mártires","highway":"trunk"},"geometry":{"type":"LineString","coordinates":[[-79.548404,8.951543],[-79.548268,8.951756],[-79.548122,8.951964]]}},{"type":"Feature","properties":{"name":"Avenida Ancón","highway":"residential"},"geometry":{"type":"LineString","coordinates":[[-79.542905,8.955548],[-79.54287,8.955738],[-79.542742,8.956244],[-79.542687,8.956395],[-79.542651,8.956448],[-79.542607,8.956479],[-79.542562,8.956495]]}},{"type":"Feature","properties":{"name":null,"highway":"trunk_link"},"geometry":{"type":"LineString","coordinates":[[-79.542308,8.96381],[-79.542386,8.963652],[-79.542422,8.963572],[-79.542454,8.963527],[-79.542489,8.96349],[-79.542549,8.963444],[-79.542627,8.963408],[-79.542702,8.963394],[-79.542769,8.963402],[-79.542836,8.963433],[-79.542873,8.963463],[-79.542906,8.963504],[-79.542927,8.963548],[-79.542941,8.963611],[-79.542934,8.963681]]}},{"type":"Feature","properties":{"name":"Calle DIJ","highway":"residential"},"geometry":{"type":"LineString","coordinates":[[-79.54471,8.965514],[-79.544784,8.965584],[-79.54488,8.965622],[-79.54507,8.96568],[-79.545339,8.965737],[-79.54559,8.965765],[-79.545915,8.96578],[-79.546066,8.965779]]}},{"type":"Feature","properties":{"name":null,"highway":"residential"},"geometry":{"type":"LineString","coordinates":[[-79.547814,8.951079],[-79.547835,8.951118],[-79.54786,8.951143],[-79.547884,8.951153],[-79.547893,8.951157],[-79.547929,8.951156],[-79.547962,8.951141],[-79.547986,8.951115]]}},{"type":"Feature","properties":{"name":"Calle 23 Este","highway":"secondary"},"geometry":{"type":"LineString","coordinates":[[-79.542934,8.963681],[-79.542924,8.963732],[-79.542903,8.96378],[-79.542872,8.963822],[-79.542833,8.963856],[-79.542792,8.963882],[-79.54271,8.963912],[-79.542586,8.963916],[-79.542476,8.963899]]}},{"type":"Feature","properties":{"name":"Calle 1ra Oeste","highway":"residential"},"geometry":{"type":"LineString","coordinates":[[-79.532394,8.951251],[-79.532222,8.95033],[-79.53221,8.950262]]}},{"type":"Feature","properties":{"name":"Avenida Balboa Viaducto","highway":"trunk"},"geometry":{"type":"LineString","coordinates":[[-79.536592,8.960029],[-79.536683,8.959891],[-79.536781,8.95979],[-79.536896,8.959716],[-79.537028,8.959659],[-79.537161,8.959627],[-79.53729,8.959622]]}},{"type":"Feature","properties":{"name":"Avenida Balboa Viaducto","highway":"trunk"},"geometry":{"type":"LineString","coordinates":[[-79.541325,8.962834],[-79.541432,8.96313],[-79.541538,8.963492],[-79.541602,8.96361],[-79.541778,8.96382],[-79.541999,8.964006]]}},{"type":"Feature","properties":{"name":null,"highway":"trunk_link"},"geometry":{"type":"LineString","coordinates":[[-79.542739,8.963829],[-79.542671,8.96384],[-79.542592,8.963843],[-79.542443,8.963823],[-79.542329,8.963793],[-79.542229,8.963761],[-79.542099,8.963709],[-79.541976,8.963648],[-79.541882,8.963569],[-79.541809,8.963477],[-79.541744,8.963346],[-79.541641,8.963081]]}},{"type":"Feature","properties":{"name":"Bulevar Ancón","highway":"primary"},"geometry":{"type":"LineString","coordinates":[[-79.544407,8.96547],[-79.543924,8.965168]]}},{"type":"Feature","properties":{"name":"Bulevar Ancón","highway":"primary"},"geometry":{"type":"LineString","coordinates":[[-79.543924,8.965168],[-79.543373,8.964823],[-79.54284,8.964473],[-79.542545,8.964294]]}},{"type":"Feature","properties":{"name":"Avenida de los Mártires","highway":"trunk"},"geometry":{"type":"LineString","coordinates":[[-79.548487,8.9514],[-79.548404,8.951543]]}},{"type":"Feature","properties":{"name":null,"highway":"trunk_link"},"geometry":{"type":"LineString","coordinates":[[-79.537249,8.959428],[-79.537176,8.959435],[-79.537076,8.959444],[-79.536974,8.959472],[-79.536849,8.959525],[-79.53674,8.959593],[-79.536654,8.959663],[-79.536592,8.959744],[-79.536514,8.959862],[-79.53644,8.960044],[-79.536421,8.960128],[-79.536405,8.960339]]}},{"type":"Feature","properties":{"name":"Calle 12 Este","highway":"residential"},"geometry":{"type":"LineString","coordinates":[[-79.538463,8.953641],[-79.538397,8.95363],[-79.537881,8.953926],[-79.537818,8.953986],[-79.53687,8.954617]]}},{"type":"Feature","properties":{"name":"Avenida de los Mártires","highway":"trunk"},"geometry":{"type":"LineString","coordinates":[[-79.54497,8.956291],[-79.545382,8.955734],[-79.545874,8.955102],[-79.546464,8.954326],[-79.547283,8.953244],[-79.548179,8.952061]]}},{"type":"Feature","properties":{"name":"Avenida 1A Norte","highway":"residential"},"geometry":{"type":"LineString","coordinates":[[-79.54152,8.964658],[-79.541448,8.964787],[-79.541397,8.964865],[-79.54129,8.965031],[-79.541129,8.965461],[-79.541022,8.965788]]}},{"type":"Feature","properties":{"name":"Avenida de los Mártires","highway":"trunk"},"geometry":{"type":"LineString","coordinates":[[-79.556962,8.946541],[-79.556892,8.94657],[-79.556632,8.946672],[-79.556323,8.946794],[-79.555862,8.946976],[-79.555478,8.947094]]}},{"type":"Feature","properties":{"name":"Calle E","highway":"residential"},"geometry":{"type":"LineString","coordinates":[[-79.542662,8.954116],[-79.541897,8.954214],[-79.541601,8.954246],[-79.541208,8.954248],[-79.540689,8.954204],[-79.540642,8.954197],[-79.540228,8.954195],[-79.539735,8.954217]]}},{"type":"Feature","properties":{"name":null,"highway":"trunk_link"},"geometry":{"type":"LineString","coordinates":[[-79.552879,8.94737],[-79.553045,8.947298],[-79.553202,8.947209],[-79.553347,8.947103],[-79.55348,8.946981]]}},{"type":"Feature","properties":{"name":null,"highway":"trunk_link"},"geometry":{"type":"LineString","coordinates":[[-79.550171,8.947353],[-79.550326,8.947413],[-79.550439,8.947451],[-79.550533,8.947478],[-79.550638,8.947495],[-79.550797,8.947513],[-79.550935,8.947517],[-79.551069,8.947509],[-79.551279,8.947485],[-79.551445,8.947453],[-79.551601,8.94742],[-79.551776,8.947378]]}},{"type":"Feature","properties":{"name":"Avenida de los Poetas","highway":"primary"},"geometry":{"type":"LineString","coordinates":[[-79.549915,8.947275],[-79.550171,8.947353],[-79.550318,8.947392],[-79.550484,8.947435],[-79.550635,8.947464],[-79.550857,8.947484],[-79.551048,8.947476]]}},{"type":"Feature","properties":{"name":"Avenida Ascanio Villalaz","highway":"secondary"},"geometry":{"type":"LineString","coordinates":[[-79.54958,8.966039],[-79.549655,8.966061],[-79.549695,8.966077],[-79.549723,8.966091],[-79.549752,8.96611],[-79.549774,8.966127],[-79.549796,8.966148],[-79.549814,8.966172],[-79.549828,8.966197],[-79.549844,8.966226],[-79.549856,8.966254],[-79.549868,8.966287],[-79.549886,8.966346]]}},{"type":"Feature","properties":{"name":"Avenida de los Poetas","highway":"primary"},"geometry":{"type":"LineString","coordinates":[[-79.553783,8.946599],[-79.553966,8.946283],[-79.554009,8.946208],[-79.554148,8.945968],[-79.554308,8.945601]]}},{"type":"Feature","properties":{"name":"Avenida Balboa","highway":"trunk"},"geometry":{"type":"LineString","coordinates":[[-79.529631,8.971998],[-79.529722,8.971809],[-79.529786,8.971663],[-79.53004,8.971042],[-79.530252,8.970543],[-79.530425,8.970222],[-79.530593,8.96996],[-79.530687,8.969828],[-79.530798,8.969685],[-79.532249,8.967996],[-79.532718,8.967452],[-79.533047,8.967045],[-79.533085,8.966999],[-79.533313,8.96672],[-79.533565,8.966449],[-79.533645,8.966354],[-79.53385,8.96614],[-79.533931,8.966054],[-79.534059,8.965805],[-79.534285,8.965433],[-79.534447,8.965136],[-79.534531,8.964986],[-79.534822,8.964444],[-79.534851,8.964391],[-79.53528,8.963622],[-79.535423,8.963369],[-79.535568,8.963113],[-79.535664,8.962935],[-79.535938,8.962457],[-79.536096,8.962181],[-79.536497,8.961463]]}},{"type":"Feature","properties":{"name":null,"highway":"trunk_link"},"geometry":{"type":"LineString","coordinates":[[-79.544195,8.965585],[-79.544144,8.965571],[-79.5441,8.965563],[-79.54405,8.965563],[-79.543994,8.965571],[-79.543951,8.965579],[-79.543904,8.965594],[-79.543853,8.96562],[-79.543824,8.965638],[-79.543786,8.965665],[-79.543701,8.965754]]}},{"type":"Feature","properties":{"name":"Avenida José Vallarino","highway":"residential"},"geometry":{"type":"LineString","coordinates":[[-79.541438,8.963609],[-79.541184,8.963899],[-79.540826,8.964311]]}},{"type":"Feature","properties":{"name":"Calle Mateo Iturralde","highway":"residential"},"geometry":{"type":"LineString","coordinates":[[-79.542515,8.951378],[-79.542325,8.950961],[-79.542834,8.950727],[-79.543459,8.950467]]}},{"type":"Feature","properties":{"name":"Calle 6ta Este","highway":"pedestrian"},"geometry":{"type":"LineString","coordinates":[[-79.534667,8.953158],[-79.534668,8.953142],[-79.534692,8.952851]]}},{"type":"Feature","properties":{"name":"Calle 10ma Este","highway":"residential"},"geometry":{"type":"LineString","coordinates":[[-79.536919,8.952559],[-79.536816,8.952842],[-79.536754,8.953336],[-79.536752,8.953361]]}},{"type":"Feature","properties":{"name":"Avenida B","highway":"tertiary"},"geometry":{"type":"LineString","coordinates":[[-79.53751,8.953147],[-79.537694,8.953606]]}},{"type":"Feature","properties":{"name":"Calle 10ma Oeste","highway":"residential"},"geometry":{"type":"LineString","coordinates":[[-79.537295,8.952109],[-79.537274,8.952364],[-79.537249,8.952671]]}},{"type":"Feature","properties":{"name":null,"highway":"steps"},"geometry":{"type":"LineString","coordinates":[[-79.532176,8.949537],[-79.532119,8.949344]]}},{"type":"Feature","properties":{"name":"Cinta Costera","highway":"trunk"},"geometry":{"type":"LineString","coordinates":[[-79.537428,8.958346],[-79.537354,8.958309],[-79.5373,8.958266],[-79.537196,8.95816],[-79.537078,8.95785]]}},{"type":"Feature","properties":{"name":"Avenida Eloy Alfaro","highway":"residential"},"geometry":{"type":"LineString","coordinates":[[-79.533264,8.954037],[-79.53303,8.954029],[-79.532657,8.954017]]}},{"type":"Feature","properties":{"name":null,"highway":"footway"},"geometry":{"type":"LineString","coordinates":[[-79.532788,8.953009],[-79.532768,8.953006],[-79.532723,8.953001],[-79.532393,8.952965],[-79.53249,8.952118],[-79.53255,8.952096],[-79.532572,8.95207],[-79.532622,8.952076],[-79.532625,8.952038],[-79.532637,8.951969],[-79.532644,8.951923]]}},{"type":"Feature","properties":{"name":null,"highway":"service"},"geometry":{"type":"LineString","coordinates":[[-79.532819,8.952991],[-79.532771,8.952984],[-79.532675,8.952972],[-79.532551,8.952957],[-79.532517,8.952915],[-79.532512,8.952863],[-79.532548,8.952684]]}},{"type":"Feature","properties":{"name":"Calle 5a Oeste","highway":"residential"},"geometry":{"type":"LineString","coordinates":[[-79.534613,8.950877],[-79.534564,8.951481]]}},{"type":"Feature","properties":{"name":"Calle 7a Oeste","highway":"residential"},"geometry":{"type":"LineString","coordinates":[[-79.534906,8.953978],[-79.534907,8.953958],[-79.534936,8.953531],[-79.534961,8.953198],[-79.534962,8.953189]]}},{"type":"Feature","properties":{"name":"Avenida Central","highway":"pedestrian"},"geometry":{"type":"LineString","coordinates":[[-79.540677,8.957457],[-79.540637,8.957317],[-79.540596,8.957254],[-79.540462,8.957176],[-79.540014,8.956588]]}},{"type":"Feature","properties":{"name":"Avenida Eloy Alfaro","highway":"residential"},"geometry":{"type":"LineString","coordinates":[[-79.53564,8.953999],[-79.535617,8.954001],[-79.535217,8.953996],[-79.534906,8.953978]]}},{"type":"Feature","properties":{"name":"Calle 4a Oeste","highway":"residential"},"geometry":{"type":"LineString","coordinates":[[-79.533929,8.951416],[-79.533964,8.950993]]}},{"type":"Feature","properties":{"name":"Calle 5a Oeste","highway":"pedestrian"},"geometry":{"type":"LineString","coordinates":[[-79.534432,8.952826],[-79.534404,8.953103],[-79.534401,8.953128],[-79.534399,8.953155]]}},{"type":"Feature","properties":{"name":"Calle 6ta Este","highway":"residential"},"geometry":{"type":"LineString","coordinates":[[-79.534596,8.954032],[-79.534602,8.953949],[-79.534663,8.9532]]}},{"type":"Feature","properties":{"name":"Calle 5a Oeste","highway":"residential"},"geometry":{"type":"LineString","coordinates":[[-79.534564,8.951481],[-79.534559,8.95154],[-79.534522,8.95192],[-79.534507,8.952055],[-79.534506,8.952068],[-79.534516,8.952184]]}},{"type":"Feature","properties":{"name":"Avenida A","highway":"tertiary"},"geometry":{"type":"LineString","coordinates":[[-79.537092,8.951748],[-79.536883,8.951725],[-79.536793,8.951715],[-79.536482,8.951681]]}},{"type":"Feature","properties":{"name":"Calle 3ra Oeste","highway":"residential"},"geometry":{"type":"LineString","coordinates":[[-79.533538,8.951376],[-79.533569,8.951037]]}},{"type":"Feature","properties":{"name":null,"highway":"residential"},"geometry":{"type":"LineString","coordinates":[[-79.53219,8.950158],[-79.532342,8.950122]]}},{"type":"Feature","properties":{"name":"Calle 2 Oeste","highway":"residential"},"geometry":{"type":"LineString","coordinates":[[-79.532625,8.951961],[-79.532632,8.951902],[-79.532698,8.951318],[-79.532701,8.951289]]}},{"type":"Feature","properties":{"name":"Calle 7a Oeste","highway":"residential"},"geometry":{"type":"LineString","coordinates":[[-79.53501,8.952225],[-79.535063,8.952128],[-79.535115,8.951538]]}},{"type":"Feature","properties":{"name":"Calle 4a Oeste","highway":"residential"},"geometry":{"type":"LineString","coordinates":[[-79.533845,8.952239],[-79.533926,8.951442],[-79.533929,8.951416]]}},{"type":"Feature","properties":{"name":"Calle 6a Oeste","highway":"residential"},"geometry":{"type":"LineString","coordinates":[[-79.534898,8.950922],[-79.534842,8.951491],[-79.534841,8.95151]]}},{"type":"Feature","properties":{"name":"Calle 7a Oeste","highway":"residential"},"geometry":{"type":"LineString","coordinates":[[-79.535115,8.951538],[-79.535176,8.950956]]}},{"type":"Feature","properties":{"name":"Avenida B","highway":"residential"},"geometry":{"type":"LineString","coordinates":[[-79.537222,8.953427],[-79.537562,8.953538],[-79.537694,8.953606]]}},{"type":"Feature","properties":{"name":"Calle 3a Oeste","highway":"residential"},"geometry":{"type":"LineString","coordinates":[[-79.533538,8.951376],[-79.533519,8.951418],[-79.533441,8.952204]]}},{"type":"Feature","properties":{"name":"Calle 4a Este","highway":"residential"},"geometry":{"type":"LineString","coordinates":[[-79.533751,8.953074],[-79.533845,8.952239]]}},{"type":"Feature","properties":{"name":"Paseo Esteban Huertas [Paseo de Las Bovedas]","highway":"pedestrian"},"geometry":{"type":"LineString","coordinates":[[-79.532119,8.949344],[-79.532078,8.949285],[-79.532032,8.94925],[-79.531982,8.949239],[-79.531934,8.949254],[-79.531911,8.949278],[-79.531863,8.949373],[-79.531512,8.950248],[-79.532012,8.951072]]}},{"type":"Feature","properties":{"name":null,"highway":"trunk_link"},"geometry":{"type":"LineString","coordinates":[[-79.534684,8.964983],[-79.534736,8.964785],[-79.534822,8.964444]]}},{"type":"Feature","properties":{"name":null,"highway":"service"},"geometry":{"type":"LineString","coordinates":[[-79.534447,8.965136],[-79.534451,8.964989],[-79.534446,8.964956],[-79.534434,8.964934],[-79.534413,8.964914],[-79.534382,8.96491],[-79.534359,8.964912],[-79.534341,8.964918],[-79.534324,8.964931],[-79.5343,8.964971]]}},{"type":"Feature","properties":{"name":null,"highway":"service"},"geometry":{"type":"LineString","coordinates":[[-79.5343,8.964971],[-79.534191,8.965177],[-79.533938,8.965644],[-79.533918,8.965689],[-79.533937,8.965743],[-79.534059,8.965805]]}},{"type":"Feature","properties":{"name":null,"highway":"service"},"geometry":{"type":"LineString","coordinates":[[-79.534665,8.964359],[-79.534708,8.964379],[-79.534755,8.964391],[-79.534803,8.964395],[-79.534851,8.964391]]}},{"type":"Feature","properties":{"name":null,"highway":"service"},"geometry":{"type":"LineString","coordinates":[[-79.534482,8.964197],[-79.534466,8.964369],[-79.534472,8.964398],[-79.534493,8.964433],[-79.534512,8.964452],[-79.534541,8.964464],[-79.534568,8.964465],[-79.534591,8.964459],[-79.534609,8.96445],[-79.534624,8.964434],[-79.534665,8.964359]]}},{"type":"Feature","properties":{"name":"Avenida Balboa","highway":"trunk"},"geometry":{"type":"LineString","coordinates":[[-79.537776,8.959413],[-79.537922,8.959227],[-79.538132,8.958961]]}},{"type":"Feature","properties":{"name":"Avenida Balboa","highway":"tertiary"},"geometry":{"type":"LineString","coordinates":[[-79.538132,8.958961],[-79.53842,8.958578],[-79.53849,8.958467],[-79.538515,8.958448],[-79.53859,8.958393],[-79.538703,8.958337]]}},{"type":"Feature","properties":{"name":"Cinta Costera","highway":"trunk"},"geometry":{"type":"LineString","coordinates":[[-79.538132,8.958961],[-79.538126,8.958862],[-79.538112,8.958764],[-79.538084,8.958682],[-79.538031,8.9586],[-79.5379,8.958491],[-79.537534,8.958378],[-79.537489,8.958366],[-79.537428,8.958346]]}},{"type":"Feature","properties":{"name":"Calle 23 Este","highway":"secondary"},"geometry":{"type":"LineString","coordinates":[[-79.53832,8.960019],[-79.538714,8.960186],[-79.538833,8.960243],[-79.538937,8.960307],[-79.539049,8.960404]]}},{"type":"Feature","properties":{"name":null,"highway":"footway"},"geometry":{"type":"LineString","coordinates":[[-79.537286,8.959235],[-79.537394,8.958743]]}},{"type":"Feature","properties":{"name":"Calle Pedro J Sosa","highway":"residential"},"geometry":{"type":"LineString","coordinates":[[-79.535729,8.952936],[-79.535716,8.952935],[-79.534999,8.952833]]}},{"type":"Feature","properties":{"name":"Calle 5a Oeste","highway":"residential"},"geometry":{"type":"LineString","coordinates":[[-79.534516,8.952184],[-79.534506,8.952295],[-79.534504,8.952331],[-79.534468,8.952741]]}},{"type":"Feature","properties":{"name":null,"highway":"footway"},"geometry":{"type":"LineString","coordinates":[[-79.536131,8.960345],[-79.536099,8.960424],[-79.535753,8.961164],[-79.535611,8.961538],[-79.535349,8.962134],[-79.535182,8.962426],[-79.535133,8.962526],[-79.535105,8.962581],[-79.535011,8.962744],[-79.535004,8.962756],[-79.534831,8.963046],[-79.534425,8.963738],[-79.534364,8.963878],[-79.53423,8.964107],[-79.533946,8.964508],[-79.533087,8.965461],[-79.532558,8.966032],[-79.532516,8.966076],[-79.532393,8.966231],[-79.532252,8.966393],[-79.53207,8.966605],[-79.532001,8.966667],[-79.531899,8.966739],[-79.531823,8.966762],[-79.531707,8.966774],[-79.531527,8.96676],[-79.531429,8.966741],[-79.531357,8.966751],[-79.531279,8.966776],[-79.531219,8.966823],[-79.531149,8.966903],[-79.531114,8.966985],[-79.531105,8.967061],[-79.53111,8.967133],[-79.53114,8.967233],[-79.531189,8.967351],[-79.531201,8.96738],[-79.53121,8.967424],[-79.531217,8.967484],[-79.531216,8.967558],[-79.5312,8.967676],[-79.531154,8.967769],[-79.531111,8.967841],[-79.531064,8.967897],[-79.530283,8.968836],[-79.5295,8.969792],[-79.529138,8.97043],[-79.529129,8.970541],[-79.529172,8.970745],[-79.529169,8.970787],[-79.529168,8.970801],[-79.52907,8.970933],[-79.528877,8.971036],[-79.528754,8.971105],[-79.528598,8.971373],[-79.528541,8.97147],[-79.528392,8.971727],[-79.528205,8.972047],[-79.528069,8.972281],[-79.528032,8.972345],[-79.527958,8.972432],[-79.527668,8.972784],[-79.5275,8.972964],[-79.527344,8.973117],[-79.527151,8.973295],[-79.527005,8.973397],[-79.526585,8.973652],[-79.526159,8.97386],[-79.526033,8.973922],[-79.525837,8.974023],[-79.525581,8.974151],[-79.525468,8.974195],[-79.525426,8.97421],[-79.525358,8.974244],[-79.525232,8.974314],[-79.524912,8.97444],[-79.524563,8.974553],[-79.524248,8.97463],[-79.523961,8.974681],[-79.523543,8.974729],[-79.523253,8.974756],[-79.522972,8.974767],[-79.522466,8.97475],[-79.521944,8.974715],[-79.521133,8.97463],[-79.520749,8.974582],[-79.520402,8.97453],[-79.519687,8.974423],[-79.519628,8.974425],[-79.519468,8.974434],[-79.519216,8.974501],[-79.519172,8.974554],[-79.519098,8.974708],[-79.519,8.974768],[-79.518863,8.974831],[-79.51882,8.974829],[-79.518694,8.974824],[-79.518572,8.974784]]}},{"type":"Feature","properties":{"name":"Calle 8va Este","highway":"residential"},"geometry":{"type":"LineString","coordinates":[[-79.535729,8.952936],[-79.535744,8.95275],[-79.535779,8.952431]]}},{"type":"Feature","properties":{"name":"Avenida Eloy Alfaro","highway":"residential"},"geometry":{"type":"LineString","coordinates":[[-79.533668,8.954055],[-79.533633,8.95407],[-79.533264,8.954037]]}},{"type":"Feature","properties":{"name":"Calle 9a Este","highway":"tertiary"},"geometry":{"type":"LineString","coordinates":[[-79.536223,8.953637],[-79.536192,8.953675],[-79.53616,8.953726],[-79.536039,8.953902],[-79.536015,8.953924],[-79.535988,8.953943],[-79.53596,8.953961]]}},{"type":"Feature","properties":{"name":"Calle 3a Este","highway":"residential"},"geometry":{"type":"LineString","coordinates":[[-79.533441,8.952204],[-79.533431,8.952245],[-79.53335,8.95304]]}},{"type":"Feature","properties":{"name":"Avenida Demetrio H. Brid","highway":"residential"},"geometry":{"type":"LineString","coordinates":[[-79.535929,8.951048],[-79.535194,8.950958],[-79.535176,8.950956],[-79.534898,8.950922]]}},{"type":"Feature","properties":{"name":"Calle 8va Oeste","highway":"residential"},"geometry":{"type":"LineString","coordinates":[[-79.535929,8.951048],[-79.535925,8.951086],[-79.535866,8.95158],[-79.535863,8.951615],[-79.535819,8.952055],[-79.535817,8.952086],[-79.535783,8.9524],[-79.535779,8.952431]]}},{"type":"Feature","properties":{"name":"Calle 11 Oeste","highway":"residential"},"geometry":{"type":"LineString","coordinates":[[-79.53793,8.951261],[-79.537949,8.951462],[-79.537982,8.951806],[-79.537987,8.951846]]}},{"type":"Feature","properties":{"name":"Calle José D. de la Obaldía","highway":"residential"},"geometry":{"type":"LineString","coordinates":[[-79.536431,8.952135],[-79.536957,8.952188],[-79.536993,8.952186],[-79.537022,8.952172],[-79.537043,8.952144],[-79.537063,8.952096],[-79.537068,8.95203],[-79.537092,8.951748]]}},{"type":"Feature","properties":{"name":"Calle 12 Oeste","highway":"tertiary"},"geometry":{"type":"LineString","coordinates":[[-79.538501,8.951915],[-79.538505,8.952163],[-79.538506,8.952227]]}},{"type":"Feature","properties":{"name":"Calle 11 A","highway":"tertiary"},"geometry":{"type":"LineString","coordinates":[[-79.53772,8.952941],[-79.537676,8.952999],[-79.53751,8.953147]]}},{"type":"Feature","properties":{"name":"Avenida A","highway":"tertiary"},"geometry":{"type":"LineString","coordinates":[[-79.542203,8.951513],[-79.541523,8.951566],[-79.540833,8.951662],[-79.540352,8.951754],[-79.539905,8.951836],[-79.539535,8.95186],[-79.538927,8.951919],[-79.538501,8.951915]]}},{"type":"Feature","properties":{"name":"Calle Pedro A. Díaz","highway":"residential"},"geometry":{"type":"LineString","coordinates":[[-79.537295,8.952109],[-79.538069,8.952368]]}},{"type":"Feature","properties":{"name":"Calle 22 Este","highway":"residential"},"geometry":{"type":"LineString","coordinates":[[-79.541173,8.959924],[-79.541105,8.959935],[-79.54051,8.960087]]}},{"type":"Feature","properties":{"name":"Calle 20 Este","highway":"residential"},"geometry":{"type":"LineString","coordinates":[[-79.539987,8.959537],[-79.54026,8.959466]]}},{"type":"Feature","properties":{"name":"Avenida Central","highway":"pedestrian"},"geometry":{"type":"LineString","coordinates":[[-79.540677,8.957457],[-79.540704,8.957518],[-79.541111,8.958426],[-79.541124,8.958452]]}},{"type":"Feature","properties":{"name":"Avenida Central","highway":"pedestrian"},"geometry":{"type":"LineString","coordinates":[[-79.541236,8.958863],[-79.541173,8.958585],[-79.541151,8.958526],[-79.541124,8.958452]]}},{"type":"Feature","properties":{"name":"Avenida B","highway":"tertiary"},"geometry":{"type":"LineString","coordinates":[[-79.54089,8.961197],[-79.540821,8.961583],[-79.540782,8.961768]]}},{"type":"Feature","properties":{"name":"Calle J","highway":"residential"},"geometry":{"type":"LineString","coordinates":[[-79.542805,8.959108],[-79.542735,8.959093],[-79.542269,8.958989],[-79.542147,8.958962],[-79.541771,8.958866],[-79.541633,8.958786],[-79.541368,8.958606],[-79.541241,8.958524],[-79.541124,8.958452]]}},{"type":"Feature","properties":{"name":"Calle 19 Este","highway":"residential"},"geometry":{"type":"LineString","coordinates":[[-79.540129,8.959154],[-79.540821,8.958972],[-79.541166,8.958882],[-79.541197,8.958874],[-79.541236,8.958863]]}},{"type":"Feature","properties":{"name":"Avenida Central","highway":"pedestrian"},"geometry":{"type":"LineString","coordinates":[[-79.541236,8.958863],[-79.541269,8.959101],[-79.541273,8.959233]]}},{"type":"Feature","properties":{"name":"Avenida Balboa","highway":"tertiary"},"geometry":{"type":"LineString","coordinates":[[-79.539288,8.958084],[-79.539704,8.957908],[-79.540584,8.957537],[-79.540658,8.957474],[-79.540677,8.957457]]}},{"type":"Feature","properties":{"name":"Avenida Balboa","highway":"tertiary"},"geometry":{"type":"LineString","coordinates":[[-79.538896,8.958142],[-79.538708,8.958228],[-79.538548,8.958315],[-79.538429,8.958404],[-79.53838,8.958444]]}},{"type":"Feature","properties":{"name":"Calle 11 A","highway":"residential"},"geometry":{"type":"LineString","coordinates":[[-79.53751,8.953147],[-79.537222,8.953427]]}},{"type":"Feature","properties":{"name":"Calle Central","highway":"tertiary"},"geometry":{"type":"LineString","coordinates":[[-79.532625,8.951961],[-79.532637,8.951969],[-79.532904,8.952127]]}},{"type":"Feature","properties":{"name":"Avenida Eloy Alfaro","highway":"residential"},"geometry":{"type":"LineString","coordinates":[[-79.534596,8.954032],[-79.53431,8.954034]]}},{"type":"Feature","properties":{"name":"Avenida Eloy Alfaro","highway":"residential"},"geometry":{"type":"LineString","coordinates":[[-79.534906,8.953978],[-79.534634,8.953996],[-79.534596,8.954032]]}},{"type":"Feature","properties":{"name":"Avenida Central","highway":"pedestrian"},"geometry":{"type":"LineString","coordinates":[[-79.541258,8.959576],[-79.541273,8.959233]]}},{"type":"Feature","properties":{"name":"Calle 21 Este","highway":"residential"},"geometry":{"type":"LineString","coordinates":[[-79.540387,8.959771],[-79.5406,8.959723],[-79.54077,8.959685],[-79.541162,8.959597],[-79.541219,8.959584],[-79.541258,8.959576]]}},{"type":"Feature","properties":{"name":"Avenida Justo Arosemena","highway":"residential"},"geometry":{"type":"LineString","coordinates":[[-79.540189,8.96207],[-79.540143,8.962102],[-79.539025,8.962949],[-79.538962,8.962997]]}},{"type":"Feature","properties":{"name":"Avenida Eloy Alfaro","highway":"residential"},"geometry":{"type":"LineString","coordinates":[[-79.537458,8.956505],[-79.537716,8.957342],[-79.537752,8.957459],[-79.537775,8.957534]]}},{"type":"Feature","properties":{"name":"Calle 22B Este","highway":"secondary"},"geometry":{"type":"LineString","coordinates":[[-79.540782,8.961768],[-79.540891,8.961751]]}},{"type":"Feature","properties":{"name":"Avenida Pablo Arosemena","highway":"tertiary"},"geometry":{"type":"LineString","coordinates":[[-79.536814,8.954839],[-79.536761,8.954858],[-79.53656,8.955016],[-79.536198,8.955314]]}},{"type":"Feature","properties":{"name":"Calle 27","highway":"residential"},"geometry":{"type":"LineString","coordinates":[[-79.548613,8.949397],[-79.548651,8.949119],[-79.548737,8.947769],[-79.548743,8.947469],[-79.548727,8.947338],[-79.54868,8.947175]]}},{"type":"Feature","properties":{"name":null,"highway":"trunk_link"},"geometry":{"type":"LineString","coordinates":[[-79.548475,8.949775],[-79.548515,8.949693],[-79.548547,8.949642],[-79.548576,8.9496],[-79.5486,8.949573],[-79.548629,8.949543],[-79.548657,8.94952],[-79.548684,8.949503],[-79.548711,8.949489],[-79.548746,8.94948],[-79.548778,8.949477],[-79.548814,8.949479],[-79.54886,8.949491],[-79.54891,8.949513]]}},{"type":"Feature","properties":{"name":null,"highway":"steps"},"geometry":{"type":"LineString","coordinates":[[-79.549784,8.952547],[-79.549792,8.952653],[-79.549813,8.952797],[-79.549663,8.952941],[-79.549738,8.953038]]}},{"type":"Feature","properties":{"name":null,"highway":"service"},"geometry":{"type":"LineString","coordinates":[[-79.542728,8.952683],[-79.542843,8.952658]]}},{"type":"Feature","properties":{"name":"Avenida Amador","highway":"secondary"},"geometry":{"type":"LineString","coordinates":[[-79.554348,8.944885],[-79.554045,8.944119]]}},{"type":"Feature","properties":{"name":"Avenida Amador","highway":"primary"},"geometry":{"type":"LineString","coordinates":[[-79.554763,8.945974],[-79.554348,8.944885]]}},{"type":"Feature","properties":{"name":"Avenida de los Mártires","highway":"trunk"},"geometry":{"type":"LineString","coordinates":[[-79.555478,8.947094],[-79.555281,8.947142],[-79.555082,8.947185],[-79.554883,8.947222]]}},{"type":"Feature","properties":{"name":"Calle 9a Este","highway":"tertiary"},"geometry":{"type":"LineString","coordinates":[[-79.536223,8.953637],[-79.536256,8.953582],[-79.536315,8.953325]]}},{"type":"Feature","properties":{"name":"Calle Higinio Duran","highway":"residential"},"geometry":{"type":"LineString","coordinates":[[-79.541755,8.965268],[-79.542443,8.964477]]}},{"type":"Feature","properties":{"name":"Calle República de Belice","highway":"residential"},"geometry":{"type":"LineString","coordinates":[[-79.537348,8.960769],[-79.537468,8.960682],[-79.538227,8.960143],[-79.538273,8.9601],[-79.53832,8.960019]]}},{"type":"Feature","properties":{"name":null,"highway":"residential"},"geometry":{"type":"LineString","coordinates":[[-79.542071,8.965923],[-79.542943,8.964916]]}},{"type":"Feature","properties":{"name":"Avenida Nicaragua","highway":"residential"},"geometry":{"type":"LineString","coordinates":[[-79.537304,8.963339],[-79.537355,8.963303],[-79.538093,8.962786],[-79.538567,8.96245]]}},{"type":"Feature","properties":{"name":"Calle 24 Este","highway":"residential"},"geometry":{"type":"LineString","coordinates":[[-79.538962,8.962997],[-79.538892,8.962892],[-79.538841,8.962819],[-79.538703,8.962633],[-79.538567,8.96245],[-79.538155,8.961881]]}},{"type":"Feature","properties":{"name":"Calle 29 Este","highway":"residential"},"geometry":{"type":"LineString","coordinates":[[-79.534684,8.964983],[-79.535314,8.965336],[-79.535585,8.965492],[-79.535665,8.965542],[-79.536606,8.966077],[-79.537599,8.966616],[-79.538005,8.96685],[-79.538111,8.966909],[-79.538223,8.966972],[-79.538287,8.967008],[-79.538438,8.967097],[-79.538595,8.967186],[-79.539517,8.967745]]}},{"type":"Feature","properties":{"name":"Calle Mango","highway":"residential"},"geometry":{"type":"LineString","coordinates":[[-79.555842,8.948668],[-79.554047,8.948746],[-79.553936,8.948725],[-79.553851,8.948681],[-79.553751,8.948589],[-79.553664,8.948491]]}},{"type":"Feature","properties":{"name":"Calle Celia Orilla","highway":"residential"},"geometry":{"type":"LineString","coordinates":[[-79.549675,8.941991],[-79.5499,8.941954],[-79.550177,8.941911],[-79.550291,8.941843],[-79.55035,8.941776],[-79.550425,8.941596],[-79.550513,8.941277],[-79.550594,8.941113],[-79.550742,8.940949],[-79.550813,8.940887],[-79.550868,8.94071],[-79.550875,8.940691],[-79.550881,8.940645]]}},{"type":"Feature","properties":{"name":"Tranversal A","highway":"residential"},"geometry":{"type":"LineString","coordinates":[[-79.555764,8.942098],[-79.555727,8.94208],[-79.55529,8.941765],[-79.554661,8.941315]]}},{"type":"Feature","properties":{"name":null,"highway":"residential"},"geometry":{"type":"LineString","coordinates":[[-79.555764,8.942098],[-79.555807,8.942095],[-79.55584,8.942077],[-79.55664,8.941203]]}},{"type":"Feature","properties":{"name":"Calle Frink","highway":"residential"},"geometry":{"type":"LineString","coordinates":[[-79.5499,8.941954],[-79.54982,8.941505],[-79.549827,8.941365],[-79.549948,8.941024],[-79.550124,8.940798]]}},{"type":"Feature","properties":{"name":"Calle Estudiante","highway":"residential"},"geometry":{"type":"LineString","coordinates":[[-79.541392,8.961569],[-79.541424,8.9615],[-79.54161,8.961099],[-79.54181,8.96067]]}},{"type":"Feature","properties":{"name":"Calle 14 Este","highway":"residential"},"geometry":{"type":"LineString","coordinates":[[-79.539871,8.955733],[-79.539845,8.955452],[-79.539802,8.954974],[-79.539794,8.954892],[-79.539735,8.954217]]}},{"type":"Feature","properties":{"name":"Calle 14 Este","highway":"residential"},"geometry":{"type":"LineString","coordinates":[[-79.538782,8.955415],[-79.538243,8.955618]]}},{"type":"Feature","properties":{"name":"Calle F","highway":"residential"},"geometry":{"type":"LineString","coordinates":[[-79.540295,8.954865],[-79.54064,8.954882]]}},{"type":"Feature","properties":{"name":"Calle H","highway":"residential"},"geometry":{"type":"LineString","coordinates":[[-79.539734,8.956167],[-79.539749,8.956156],[-79.539794,8.956136],[-79.540568,8.95597],[-79.540601,8.955964]]}},{"type":"Feature","properties":{"name":"Calle 18 Este","highway":"residential"},"geometry":{"type":"LineString","coordinates":[[-79.541124,8.958452],[-79.54109,8.958455],[-79.541055,8.958462],[-79.539786,8.958905]]}},{"type":"Feature","properties":{"name":"Avenida México","highway":"residential"},"geometry":{"type":"LineString","coordinates":[[-79.539443,8.960966],[-79.539556,8.960887]]}},{"type":"Feature","properties":{"name":"Calle 13 Este","highway":"residential"},"geometry":{"type":"LineString","coordinates":[[-79.536976,8.95491],[-79.537082,8.954919],[-79.537506,8.954831]]}},{"type":"Feature","properties":{"name":"Calle Colón","highway":"residential"},"geometry":{"type":"LineString","coordinates":[[-79.539148,8.956814],[-79.539088,8.956573]]}},{"type":"Feature","properties":{"name":"Avenida Ancón","highway":"residential"},"geometry":{"type":"LineString","coordinates":[[-79.542147,8.958962],[-79.542133,8.958857],[-79.542035,8.958592],[-79.542023,8.958558],[-79.541867,8.958139],[-79.541724,8.957753],[-79.541705,8.957649],[-79.541723,8.957576],[-79.54177,8.957507]]}},{"type":"Feature","properties":{"name":"Calle 15 Este","highway":"residential"},"geometry":{"type":"LineString","coordinates":[[-79.538633,8.956668],[-79.538876,8.956617],[-79.539088,8.956573]]}},{"type":"Feature","properties":{"name":"Calle K","highway":"residential"},"geometry":{"type":"LineString","coordinates":[[-79.54181,8.96067],[-79.541747,8.960631],[-79.541708,8.960586],[-79.541558,8.960302],[-79.541443,8.960158],[-79.541287,8.960015],[-79.541265,8.959995],[-79.541223,8.959957],[-79.541173,8.959924]]}},{"type":"Feature","properties":{"name":"Calle Estudiante","highway":"residential"},"geometry":{"type":"LineString","coordinates":[[-79.542147,8.958962],[-79.542207,8.958902],[-79.542341,8.95857],[-79.542396,8.957968]]}},{"type":"Feature","properties":{"name":"Calle H","highway":"residential"},"geometry":{"type":"LineString","coordinates":[[-79.540601,8.955964],[-79.540981,8.955959],[-79.54116,8.955965],[-79.541273,8.955994],[-79.541379,8.956036],[-79.541839,8.956302],[-79.542457,8.956468],[-79.542562,8.956495],[-79.543015,8.956579],[-79.543098,8.956584],[-79.543152,8.956602],[-79.543567,8.956917]]}},{"type":"Feature","properties":{"name":null,"highway":"trunk_link"},"geometry":{"type":"LineString","coordinates":[[-79.553193,8.964018],[-79.553107,8.964195],[-79.553067,8.964329],[-79.553051,8.964461],[-79.553063,8.964598],[-79.553101,8.964722],[-79.553178,8.964838],[-79.55328,8.96493],[-79.553398,8.964995],[-79.55355,8.965027],[-79.553688,8.965021],[-79.553889,8.964952]]}},{"type":"Feature","properties":{"name":"Calle 19","highway":"residential"},"geometry":{"type":"LineString","coordinates":[[-79.542203,8.951513],[-79.542063,8.951184],[-79.541936,8.950889]]}},{"type":"Feature","properties":{"name":"Avenida Ancón","highway":"residential"},"geometry":{"type":"LineString","coordinates":[[-79.542562,8.956495],[-79.542437,8.95659],[-79.54227,8.956777],[-79.54177,8.957507]]}},{"type":"Feature","properties":{"name":"Calle Pedro A. Díaz","highway":"residential"},"geometry":{"type":"LineString","coordinates":[[-79.537068,8.95203],[-79.537295,8.952109]]}},{"type":"Feature","properties":{"name":"Avenida Haití","highway":"residential"},"geometry":{"type":"LineString","coordinates":[[-79.539049,8.960404],[-79.538139,8.961055],[-79.537875,8.96124],[-79.537751,8.961325]]}},{"type":"Feature","properties":{"name":null,"highway":"residential"},"geometry":{"type":"LineString","coordinates":[[-79.542341,8.95857],[-79.54297,8.958778],[-79.543032,8.958798]]}},{"type":"Feature","properties":{"name":"Calle 19","highway":"residential"},"geometry":{"type":"LineString","coordinates":[[-79.54256,8.952339],[-79.542378,8.951918]]}},{"type":"Feature","properties":{"name":"Calle Abel Bravo Obarrio","highway":"residential"},"geometry":{"type":"LineString","coordinates":[[-79.541143,8.952436],[-79.541804,8.952169]]}},{"type":"Feature","properties":{"name":"Calle Central","highway":"tertiary"},"geometry":{"type":"LineString","coordinates":[[-79.532394,8.951251],[-79.532335,8.951244],[-79.532319,8.951605],[-79.532353,8.951716],[-79.532406,8.951799],[-79.532625,8.951961]]}},{"type":"Feature","properties":{"name":"Calle Jerónimo de la Ossa","highway":"residential"},"geometry":{"type":"LineString","coordinates":[[-79.544155,8.954224],[-79.543861,8.954199],[-79.543748,8.954202],[-79.543712,8.954203],[-79.543391,8.954245],[-79.542746,8.95434],[-79.542722,8.954343]]}},{"type":"Feature","properties":{"name":"Calle 11 Este","highway":"residential"},"geometry":{"type":"LineString","coordinates":[[-79.536608,8.954301],[-79.536645,8.95424],[-79.536809,8.954027],[-79.536906,8.95394],[-79.536948,8.953901],[-79.53703,8.953825],[-79.537088,8.953747],[-79.537147,8.953637],[-79.537222,8.953427]]}},{"type":"Feature","properties":{"name":"Calle 14","highway":"residential"},"geometry":{"type":"LineString","coordinates":[[-79.538859,8.950715],[-79.539105,8.950707],[-79.53912,8.950711],[-79.539182,8.950726],[-79.539317,8.95087]]}},{"type":"Feature","properties":{"name":"Avenida Omar Torrijos Herrera","highway":"trunk"},"geometry":{"type":"LineString","coordinates":[[-79.542306,8.963338],[-79.54226,8.963494],[-79.542233,8.963601],[-79.542222,8.963692],[-79.54222,8.963796],[-79.542233,8.963903],[-79.54226,8.964029],[-79.542309,8.964124],[-79.542357,8.964218],[-79.542417,8.96431],[-79.542504,8.964414]]}},{"type":"Feature","properties":{"name":"Calle Rodolfo Herbruger","highway":"residential"},"geometry":{"type":"LineString","coordinates":[[-79.553468,8.942225],[-79.553605,8.942174],[-79.553852,8.942166],[-79.553956,8.942216],[-79.554026,8.942305],[-79.554078,8.942416],[-79.554109,8.942478],[-79.554144,8.942614],[-79.554154,8.942829],[-79.554201,8.943003],[-79.554335,8.943256],[-79.554555,8.943672],[-79.554636,8.943873],[-79.554912,8.94456],[-79.555586,8.946315],[-79.555609,8.946393],[-79.555643,8.946473],[-79.555678,8.946544],[-79.555705,8.946599],[-79.555713,8.946653],[-79.555698,8.946698],[-79.555663,8.946723],[-79.555592,8.946751]]}},{"type":"Feature","properties":{"name":null,"highway":"track"},"geometry":{"type":"LineString","coordinates":[[-79.556157,8.944348],[-79.556758,8.944485],[-79.556716,8.944714],[-79.556688,8.94489],[-79.556686,8.944992],[-79.556701,8.945122],[-79.556707,8.94525],[-79.556664,8.945422],[-79.556567,8.945636],[-79.556546,8.945739],[-79.556527,8.94589],[-79.556555,8.946041],[-79.556621,8.946135],[-79.5567,8.946198],[-79.556877,8.946239],[-79.557059,8.946229],[-79.557206,8.946157],[-79.557299,8.946058],[-79.557345,8.945953],[-79.557448,8.945747],[-79.557693,8.944564],[-79.557842,8.943845],[-79.557942,8.943432],[-79.557954,8.943165],[-79.557881,8.942903],[-79.557797,8.942686],[-79.557756,8.942585],[-79.557556,8.942374],[-79.557295,8.942309],[-79.556494,8.94219],[-79.55632,8.942164],[-79.556025,8.942192],[-79.555832,8.942313],[-79.555683,8.942466],[-79.555608,8.942736],[-79.555531,8.943158],[-79.555547,8.943232]]}},{"type":"Feature","properties":{"name":"Calle Sadler","highway":"residential"},"geometry":{"type":"LineString","coordinates":[[-79.554144,8.942614],[-79.55443,8.942524],[-79.55466,8.942501],[-79.554963,8.942425],[-79.555095,8.942348],[-79.555127,8.942244],[-79.555038,8.942147],[-79.554884,8.94217],[-79.554716,8.942216],[-79.554449,8.942322],[-79.554344,8.942407],[-79.554109,8.942478]]}},{"type":"Feature","properties":{"name":"Calle Manzanillo","highway":"residential"},"geometry":{"type":"LineString","coordinates":[[-79.547313,8.965725],[-79.547314,8.965254],[-79.547313,8.964961],[-79.547281,8.964567],[-79.54719,8.964099],[-79.547064,8.963766],[-79.5469,8.963459],[-79.546782,8.96321],[-79.546745,8.963128],[-79.546721,8.963006],[-79.546713,8.96286],[-79.54682,8.962516]]}},{"type":"Feature","properties":{"name":"Calle Loro","highway":"residential"},"geometry":{"type":"LineString","coordinates":[[-79.546097,8.964743],[-79.547281,8.964567]]}},{"type":"Feature","properties":{"name":"Calle Perico","highway":"residential"},"geometry":{"type":"LineString","coordinates":[[-79.54627,8.965377],[-79.547314,8.965254]]}},{"type":"Feature","properties":{"name":"Avenida Ascanio Villalaz","highway":"secondary"},"geometry":{"type":"LineString","coordinates":[[-79.549886,8.966346],[-79.549903,8.966295],[-79.549918,8.966258],[-79.549931,8.966233],[-79.549949,8.966202],[-79.549968,8.966178],[-79.549992,8.966154],[-79.550022,8.96613],[-79.550052,8.96611],[-79.550094,8.966087],[-79.550131,8.966069],[-79.550161,8.966059],[-79.550223,8.966041]]}},{"type":"Feature","properties":{"name":"Calle Portobelo","highway":"residential"},"geometry":{"type":"LineString","coordinates":[[-79.543769,8.964936],[-79.543891,8.964726],[-79.543904,8.964556],[-79.543861,8.964401],[-79.54384,8.964264],[-79.543864,8.964139],[-79.543933,8.963785],[-79.544003,8.963428],[-79.544039,8.963095],[-79.54404,8.963083],[-79.544042,8.963062],[-79.544049,8.962879],[-79.544049,8.962654],[-79.544023,8.962345],[-79.544004,8.962184],[-79.543989,8.962064],[-79.543984,8.96201],[-79.543941,8.961798],[-79.543899,8.961584]]}},{"type":"Feature","properties":{"name":null,"highway":"residential"},"geometry":{"type":"LineString","coordinates":[[-79.546023,8.962913],[-79.545812,8.963033],[-79.545758,8.963109],[-79.545737,8.963238],[-79.545776,8.963329],[-79.545925,8.963372],[-79.546033,8.963287],[-79.546076,8.963147],[-79.546071,8.963023],[-79.546023,8.962913],[-79.546201,8.962443],[-79.546263,8.962302]]}},{"type":"Feature","properties":{"name":"Morgan Avenue","highway":"residential"},"geometry":{"type":"LineString","coordinates":[[-79.555417,8.95606],[-79.55348,8.955334],[-79.553076,8.954981],[-79.552887,8.954756],[-79.552778,8.954566],[-79.552736,8.954439],[-79.552729,8.954306],[-79.552817,8.953929],[-79.552978,8.953545],[-79.553185,8.95306],[-79.55343,8.952508],[-79.553513,8.952371],[-79.553532,8.952282]]}},{"type":"Feature","properties":{"name":null,"highway":"residential"},"geometry":{"type":"LineString","coordinates":[[-79.547238,8.950015],[-79.546804,8.949978],[-79.546016,8.949922],[-79.5456,8.949888]]}},{"type":"Feature","properties":{"name":"Calle Juan Mendoza","highway":"residential"},"geometry":{"type":"LineString","coordinates":[[-79.53783,8.955772],[-79.537889,8.956072],[-79.537936,8.95646],[-79.538002,8.957077]]}},{"type":"Feature","properties":{"name":"Calle 10ma B Oeste","highway":"residential"},"geometry":{"type":"LineString","coordinates":[[-79.536883,8.951725],[-79.536883,8.951685],[-79.536879,8.95132]]}},{"type":"Feature","properties":{"name":"Calle Veraguas","highway":"residential"},"geometry":{"type":"LineString","coordinates":[[-79.538367,8.956765],[-79.537996,8.955709]]}},{"type":"Feature","properties":{"name":"Calle 22 Oeste","highway":"residential"},"geometry":{"type":"LineString","coordinates":[[-79.544473,8.950921],[-79.544551,8.949814],[-79.544604,8.949742]]}},{"type":"Feature","properties":{"name":null,"highway":"residential"},"geometry":{"type":"LineString","coordinates":[[-79.556407,8.951359],[-79.556432,8.951321],[-79.556456,8.951284],[-79.55647,8.951262],[-79.556486,8.951238],[-79.556498,8.951215],[-79.556545,8.951137],[-79.556621,8.950917],[-79.556673,8.950586],[-79.556676,8.950387],[-79.556645,8.95012],[-79.556441,8.949462],[-79.556377,8.949253],[-79.555856,8.947617]]}},{"type":"Feature","properties":{"name":"Calle Boca del Toro","highway":"residential"},"geometry":{"type":"LineString","coordinates":[[-79.545653,8.949178],[-79.54647,8.949239],[-79.547285,8.949302],[-79.547947,8.949349],[-79.548249,8.949373],[-79.548613,8.949397]]}},{"type":"Feature","properties":{"name":"Calle Balsa","highway":"residential"},"geometry":{"type":"LineString","coordinates":[[-79.552688,8.948274],[-79.551665,8.949117]]}},{"type":"Feature","properties":{"name":"Calle Gorgas","highway":"tertiary"},"geometry":{"type":"LineString","coordinates":[[-79.551321,8.960599],[-79.551235,8.96075],[-79.551155,8.960909],[-79.551086,8.961018],[-79.550935,8.961257],[-79.550743,8.961615],[-79.550529,8.962013],[-79.5504,8.962203],[-79.550298,8.96231],[-79.550221,8.962351],[-79.550125,8.962393],[-79.549876,8.962412],[-79.549593,8.962377],[-79.549275,8.962236],[-79.54909,8.962159],[-79.548989,8.962138],[-79.548921,8.962122],[-79.548783,8.962119],[-79.548507,8.962164],[-79.548305,8.9622],[-79.54813,8.962193],[-79.547905,8.962093],[-79.547848,8.962048],[-79.547695,8.961841],[-79.547646,8.961747],[-79.547581,8.961625],[-79.547458,8.961506],[-79.547388,8.961446],[-79.546933,8.961066],[-79.546684,8.960884],[-79.546592,8.960865],[-79.546035,8.9609],[-79.545916,8.960869],[-79.545822,8.960789],[-79.545763,8.960718],[-79.545717,8.960647],[-79.545658,8.960553],[-79.545623,8.960479],[-79.545595,8.960421],[-79.545537,8.960334],[-79.545383,8.960184],[-79.545316,8.960133],[-79.545274,8.960101],[-79.545003,8.959997],[-79.544816,8.959952],[-79.544428,8.959844],[-79.544052,8.959731],[-79.543879,8.959689]]}},{"type":"Feature","properties":{"name":"Calle Bomparte Wise","highway":"residential"},"geometry":{"type":"LineString","coordinates":[[-79.552559,8.951822],[-79.552593,8.951766],[-79.553027,8.951541],[-79.553297,8.951449],[-79.553614,8.95143],[-79.55381,8.951481],[-79.55393,8.951602],[-79.554048,8.951918]]}},{"type":"Feature","properties":{"name":"Calle del Transbordo","highway":"residential"},"geometry":{"type":"LineString","coordinates":[[-79.544604,8.949742],[-79.544738,8.949735],[-79.545606,8.949807]]}},{"type":"Feature","properties":{"name":"Calle 24 Oeste","highway":"residential"},"geometry":{"type":"LineString","coordinates":[[-79.545715,8.952274],[-79.545712,8.9523],[-79.545682,8.952608],[-79.545678,8.952643],[-79.545627,8.953165],[-79.545605,8.95336],[-79.545593,8.95345],[-79.545551,8.953766]]}},{"type":"Feature","properties":{"name":"Calle del Chorrillo","highway":"residential"},"geometry":{"type":"LineString","coordinates":[[-79.547367,8.94835],[-79.547356,8.948303],[-79.547302,8.948291],[-79.546506,8.948544],[-79.546354,8.948593],[-79.54619,8.948645],[-79.545681,8.948804]]}},{"type":"Feature","properties":{"name":null,"highway":"residential"},"geometry":{"type":"LineString","coordinates":[[-79.551137,8.94848],[-79.551665,8.949117]]}},{"type":"Feature","properties":{"name":"Calle Plank","highway":"residential"},"geometry":{"type":"LineString","coordinates":[[-79.553112,8.950821],[-79.55344,8.950561],[-79.553827,8.950287]]}},{"type":"Feature","properties":{"name":null,"highway":"residential"},"geometry":{"type":"LineString","coordinates":[[-79.551696,8.951055],[-79.551623,8.950626],[-79.551563,8.950276],[-79.551575,8.950145],[-79.551702,8.949917],[-79.552034,8.949643],[-79.552089,8.949603]]}},{"type":"Feature","properties":{"name":"Calle Bayano","highway":"residential"},"geometry":{"type":"LineString","coordinates":[[-79.548144,8.964154],[-79.548215,8.964328],[-79.548292,8.964464],[-79.5484,8.964569],[-79.548524,8.964642],[-79.548668,8.964876],[-79.548768,8.964976],[-79.548888,8.965058],[-79.549006,8.965082],[-79.549165,8.965067],[-79.549629,8.964956],[-79.549866,8.964923],[-79.550012,8.964927],[-79.550172,8.964959],[-79.550433,8.965043],[-79.550775,8.965114],[-79.550851,8.965115],[-79.550973,8.965096],[-79.551328,8.965005],[-79.551584,8.965027],[-79.551913,8.96508],[-79.552175,8.965149]]}},{"type":"Feature","properties":{"name":null,"highway":"residential"},"geometry":{"type":"LineString","coordinates":[[-79.550803,8.964667],[-79.550758,8.964586],[-79.550593,8.964326],[-79.550465,8.964214],[-79.550296,8.964145],[-79.550073,8.964124],[-79.549853,8.964137],[-79.54961,8.964187],[-79.549299,8.964309],[-79.548769,8.964508],[-79.548524,8.964642]]}},{"type":"Feature","properties":{"name":"Calle Almond","highway":"residential"},"geometry":{"type":"LineString","coordinates":[[-79.553163,8.948868],[-79.55218,8.949683]]}},{"type":"Feature","properties":{"name":"Calle Cacao","highway":"residential"},"geometry":{"type":"LineString","coordinates":[[-79.552169,8.94767],[-79.552139,8.947672],[-79.55211,8.947683],[-79.552086,8.947701],[-79.551137,8.94848]]}},{"type":"Feature","properties":{"name":"Calle Chagres","highway":"residential"},"geometry":{"type":"LineString","coordinates":[[-79.551328,8.965005],[-79.551176,8.964877],[-79.550803,8.964667],[-79.550709,8.964672],[-79.550586,8.964652],[-79.550423,8.964573],[-79.550214,8.964504],[-79.549961,8.964471],[-79.549707,8.964502],[-79.549191,8.964705],[-79.548668,8.964876],[-79.548274,8.96492],[-79.547759,8.964947],[-79.547313,8.964961]]}},{"type":"Feature","properties":{"name":"Calle Haychel Wong de González","highway":"residential"},"geometry":{"type":"LineString","coordinates":[[-79.546654,8.963938],[-79.546254,8.964071],[-79.546029,8.964094],[-79.545838,8.964079],[-79.545404,8.964033],[-79.544964,8.963999],[-79.544682,8.963999]]}},{"type":"Feature","properties":{"name":"Avenida Central","highway":"pedestrian"},"geometry":{"type":"LineString","coordinates":[[-79.541258,8.959576],[-79.541223,8.959957],[-79.541101,8.960289]]}},{"type":"Feature","properties":{"name":"Calle 16","highway":"residential"},"geometry":{"type":"LineString","coordinates":[[-79.540014,8.956588],[-79.539961,8.956614],[-79.539941,8.956621],[-79.539477,8.956766],[-79.539148,8.956814]]}},{"type":"Feature","properties":{"name":"Calle F","highway":"residential"},"geometry":{"type":"LineString","coordinates":[[-79.539794,8.954892],[-79.540234,8.954867],[-79.540295,8.954865]]}},{"type":"Feature","properties":{"name":"Calle 14 Este","highway":"residential"},"geometry":{"type":"LineString","coordinates":[[-79.53783,8.955772],[-79.537996,8.955709],[-79.538243,8.955618]]}},{"type":"Feature","properties":{"name":"Avenida Eloy Alfaro","highway":"residential"},"geometry":{"type":"LineString","coordinates":[[-79.536964,8.954927],[-79.537027,8.955],[-79.537123,8.955449],[-79.537131,8.955483],[-79.537322,8.956098],[-79.537458,8.956505]]}},{"type":"Feature","properties":{"name":"Avenida B","highway":"tertiary"},"geometry":{"type":"LineString","coordinates":[[-79.532819,8.952991],[-79.533301,8.95304],[-79.53335,8.95304],[-79.533751,8.953074]]}},{"type":"Feature","properties":{"name":"Calle N","highway":"residential"},"geometry":{"type":"LineString","coordinates":[[-79.543419,8.966158],[-79.543818,8.966535],[-79.544037,8.966741]]}},{"type":"Feature","properties":{"name":"Calle M","highway":"residential"},"geometry":{"type":"LineString","coordinates":[[-79.542943,8.964916],[-79.54345,8.965316],[-79.543666,8.965494],[-79.54368,8.965508],[-79.543689,8.965522],[-79.543696,8.965537],[-79.543698,8.965553],[-79.543697,8.965575],[-79.543694,8.965601],[-79.543689,8.965623],[-79.543677,8.965664]]}},{"type":"Feature","properties":{"name":"Calle O","highway":"residential"},"geometry":{"type":"LineString","coordinates":[[-79.540291,8.964804],[-79.54129,8.965031]]}},{"type":"Feature","properties":{"name":null,"highway":"steps"},"geometry":{"type":"LineString","coordinates":[[-79.555135,8.959408],[-79.554991,8.959302],[-79.555029,8.959262],[-79.555073,8.959233],[-79.555254,8.958941],[-79.555335,8.959003],[-79.555348,8.959022],[-79.555179,8.959269],[-79.555186,8.959351],[-79.555135,8.959408]]}},{"type":"Feature","properties":{"name":"Calle Boquete","highway":"residential"},"geometry":{"type":"LineString","coordinates":[[-79.536369,8.952805],[-79.53635,8.952804],[-79.535744,8.95275]]}},{"type":"Feature","properties":{"name":"Avenida Amador","highway":"primary"},"geometry":{"type":"LineString","coordinates":[[-79.554308,8.945601],[-79.554417,8.945666],[-79.554516,8.945724],[-79.554606,8.945796],[-79.554689,8.945881],[-79.554763,8.945974]]}},{"type":"Feature","properties":{"name":null,"highway":"primary_link"},"geometry":{"type":"LineString","coordinates":[[-79.554076,8.944672],[-79.554159,8.944796],[-79.554188,8.94495],[-79.554203,8.94517],[-79.554206,8.945357],[-79.554219,8.945423],[-79.554241,8.945499],[-79.554266,8.945547],[-79.554308,8.945601]]}},{"type":"Feature","properties":{"name":"Avenida de los Mártires","highway":"trunk"},"geometry":{"type":"LineString","coordinates":[[-79.548179,8.952061],[-79.548421,8.951686],[-79.548495,8.951566]]}},{"type":"Feature","properties":{"name":"Avenida de los Mártires","highway":"trunk"},"geometry":{"type":"LineString","coordinates":[[-79.548122,8.951964],[-79.546562,8.954037],[-79.546412,8.954241],[-79.545962,8.954831],[-79.545402,8.955575],[-79.544982,8.956147],[-79.544741,8.956468]]}},{"type":"Feature","properties":{"name":"Calle 23 Este","highway":"secondary"},"geometry":{"type":"LineString","coordinates":[[-79.537568,8.959836],[-79.537611,8.959809],[-79.537631,8.9598],[-79.537662,8.959791],[-79.537701,8.959785],[-79.537747,8.959787]]}},{"type":"Feature","properties":{"name":"Avenida de los Poetas","highway":"primary"},"geometry":{"type":"LineString","coordinates":[[-79.554308,8.945601],[-79.554359,8.94541],[-79.554371,8.945227],[-79.554348,8.944885]]}},{"type":"Feature","properties":{"name":null,"highway":"trunk_link"},"geometry":{"type":"LineString","coordinates":[[-79.548179,8.952061],[-79.54826,8.952002],[-79.548318,8.951965],[-79.548386,8.951932],[-79.54847,8.951897],[-79.548532,8.951877],[-79.548595,8.95186],[-79.548684,8.951848],[-79.548804,8.951838],[-79.548919,8.951834],[-79.549066,8.951837],[-79.549537,8.951871]]}},{"type":"Feature","properties":{"name":"Calle 23 Este","highway":"secondary"},"geometry":{"type":"LineString","coordinates":[[-79.539556,8.960887],[-79.539237,8.960411],[-79.539149,8.960284],[-79.539065,8.960189],[-79.539001,8.960121]]}},{"type":"Feature","properties":{"name":"Avenida de los Mártires","highway":"trunk"},"geometry":{"type":"LineString","coordinates":[[-79.542806,8.962749],[-79.542851,8.962652],[-79.542887,8.962503],[-79.542896,8.962333],[-79.542863,8.962052],[-79.54285,8.961983]]}},{"type":"Feature","properties":{"name":null,"highway":"steps"},"geometry":{"type":"LineString","coordinates":[[-79.532537,8.952074],[-79.532398,8.95211]]}},{"type":"Feature","properties":{"name":"Avenida Omar Torrijos Herrera","highway":"trunk"},"geometry":{"type":"LineString","coordinates":[[-79.556634,8.962746],[-79.556407,8.962679],[-79.556175,8.962628],[-79.555941,8.962594],[-79.555704,8.962575],[-79.555588,8.962566]]}},{"type":"Feature","properties":{"name":"Avenida Omar Torrijos Herrera","highway":"trunk"},"geometry":{"type":"LineString","coordinates":[[-79.554597,8.964247],[-79.554679,8.964145],[-79.554772,8.964053],[-79.554875,8.963971],[-79.554987,8.963901],[-79.555105,8.963843],[-79.555229,8.963798],[-79.555358,8.963767],[-79.555489,8.96375],[-79.555621,8.963747],[-79.555752,8.963758],[-79.555882,8.963784],[-79.556008,8.963823],[-79.556129,8.963876]]}},{"type":"Feature","properties":{"name":"Corredor Norte","highway":"motorway"},"geometry":{"type":"LineString","coordinates":[[-79.553131,8.968163],[-79.553349,8.967917],[-79.553854,8.967374],[-79.554014,8.967186],[-79.554095,8.96709],[-79.554167,8.966982],[-79.554236,8.966868],[-79.554293,8.966757],[-79.554338,8.966662],[-79.554377,8.966557],[-79.554415,8.966438],[-79.554458,8.966298],[-79.554477,8.966205],[-79.55449,8.966105],[-79.554496,8.965964],[-79.554492,8.965811],[-79.554457,8.965413]]}},{"type":"Feature","properties":{"name":"Corredor Norte","highway":"motorway"},"geometry":{"type":"LineString","coordinates":[[-79.554244,8.965456],[-79.55422,8.96582],[-79.554199,8.966196],[-79.554193,8.966347],[-79.554172,8.9665]]}},{"type":"Feature","properties":{"name":"Avenida de la Amistad","highway":"primary"},"geometry":{"type":"LineString","coordinates":[[-79.554259,8.964037],[-79.554244,8.965456]]}},{"type":"Feature","properties":{"name":null,"highway":"service"},"geometry":{"type":"LineString","coordinates":[[-79.539092,8.961214],[-79.539195,8.961203]]}},{"type":"Feature","properties":{"name":null,"highway":"footway"},"geometry":{"type":"LineString","coordinates":[[-79.533296,8.965656],[-79.533251,8.965633],[-79.533197,8.965589],[-79.533192,8.965559],[-79.533194,8.965523],[-79.533203,8.965493],[-79.533235,8.965463],[-79.533271,8.965457],[-79.533325,8.96547],[-79.533353,8.965512],[-79.533356,8.96556],[-79.533333,8.965615]]}},{"type":"Feature","properties":{"name":null,"highway":"footway"},"geometry":{"type":"LineString","coordinates":[[-79.533985,8.966263],[-79.533953,8.96624],[-79.53385,8.96614],[-79.533816,8.966111],[-79.533788,8.966104],[-79.533745,8.966146],[-79.533705,8.966114],[-79.533676,8.966087],[-79.53364,8.966083],[-79.533592,8.966103],[-79.533587,8.966105],[-79.533555,8.966084],[-79.533606,8.966001],[-79.533654,8.965919]]}},{"type":"Feature","properties":{"name":null,"highway":"footway"},"geometry":{"type":"LineString","coordinates":[[-79.536519,8.954543],[-79.536385,8.954653],[-79.536376,8.95466],[-79.536263,8.954753],[-79.536185,8.954817],[-79.536039,8.954936]]}},{"type":"Feature","properties":{"name":null,"highway":"footway"},"geometry":{"type":"LineString","coordinates":[[-79.533698,8.965919],[-79.533585,8.965841],[-79.533296,8.965656]]}},{"type":"Feature","properties":{"name":null,"highway":"footway"},"geometry":{"type":"LineString","coordinates":[[-79.533197,8.965902],[-79.533158,8.965886],[-79.533091,8.965488],[-79.533087,8.965461]]}},{"type":"Feature","properties":{"name":null,"highway":"footway"},"geometry":{"type":"LineString","coordinates":[[-79.536385,8.954653],[-79.536214,8.954214],[-79.536159,8.954089],[-79.536156,8.954082],[-79.536024,8.954033],[-79.535954,8.954013]]}},{"type":"Feature","properties":{"name":"Avenida Omar Torrijos Herrera","highway":"trunk"},"geometry":{"type":"LineString","coordinates":[[-79.554033,8.96312],[-79.553855,8.96333],[-79.553193,8.964018],[-79.552849,8.964407],[-79.552485,8.964844],[-79.552286,8.965046],[-79.552175,8.965149],[-79.552054,8.965253],[-79.55191,8.965356],[-79.551696,8.965468],[-79.55149,8.965556],[-79.551171,8.965651],[-79.550923,8.965694],[-79.550663,8.965712],[-79.550239,8.965709],[-79.549737,8.965696]]}},{"type":"Feature","properties":{"name":"Avenida B","highway":"tertiary"},"geometry":{"type":"LineString","coordinates":[[-79.540624,8.960385],[-79.540648,8.960488],[-79.540796,8.960818],[-79.540887,8.961074],[-79.54089,8.961197]]}},{"type":"Feature","properties":{"name":"Avenida Central","highway":"secondary"},"geometry":{"type":"LineString","coordinates":[[-79.540106,8.965584],[-79.540291,8.964804],[-79.54037,8.964429],[-79.540421,8.964208],[-79.540584,8.963451],[-79.540655,8.962975]]}},{"type":"Feature","properties":{"name":"Avenida Perú","highway":"secondary"},"geometry":{"type":"LineString","coordinates":[[-79.539705,8.964314],[-79.539651,8.964608],[-79.539632,8.964659],[-79.53961,8.964688],[-79.539458,8.964836],[-79.539388,8.965046],[-79.539389,8.965134],[-79.539413,8.965219],[-79.53945,8.965285],[-79.539582,8.965451],[-79.539277,8.96602],[-79.539092,8.966334],[-79.538945,8.966601],[-79.53892,8.966652],[-79.538595,8.967186],[-79.53825,8.96776],[-79.538023,8.968161],[-79.537902,8.96837],[-79.537553,8.968977],[-79.537224,8.969549]]}},{"type":"Feature","properties":{"name":"Calle M","highway":"secondary"},"geometry":{"type":"LineString","coordinates":[[-79.539874,8.963292],[-79.539705,8.964314]]}},{"type":"Feature","properties":{"name":"Calle 24 Este","highway":"residential"},"geometry":{"type":"LineString","coordinates":[[-79.537751,8.961325],[-79.537348,8.960769],[-79.537148,8.960601]]}},{"type":"Feature","properties":{"name":"Avenida de los Mártires","highway":"trunk"},"geometry":{"type":"LineString","coordinates":[[-79.542308,8.96381],[-79.542309,8.963695],[-79.542319,8.963604],[-79.542339,8.963508],[-79.542386,8.963371],[-79.542661,8.96295],[-79.542806,8.962749]]}},{"type":"Feature","properties":{"name":"Avenida Justo Arosemena","highway":"residential"},"geometry":{"type":"LineString","coordinates":[[-79.540189,8.96207],[-79.540295,8.961994]]}},{"type":"Feature","properties":{"name":"Calle 23 Este","highway":"secondary"},"geometry":{"type":"LineString","coordinates":[[-79.540189,8.96207],[-79.540248,8.962121],[-79.540305,8.962156],[-79.540374,8.962199],[-79.540496,8.96225],[-79.540677,8.962318]]}},{"type":"Feature","properties":{"name":"Avenida México","highway":"residential"},"geometry":{"type":"LineString","coordinates":[[-79.538155,8.961881],[-79.537484,8.962371],[-79.537421,8.962427],[-79.537316,8.962572]]}},{"type":"Feature","properties":{"name":"Avenida México","highway":"residential"},"geometry":{"type":"LineString","coordinates":[[-79.538155,8.961881],[-79.538418,8.961691]]}},{"type":"Feature","properties":{"name":"Avenida México","highway":"residential"},"geometry":{"type":"LineString","coordinates":[[-79.538418,8.961691],[-79.539092,8.961214]]}},{"type":"Feature","properties":{"name":null,"highway":"trunk_link"},"geometry":{"type":"LineString","coordinates":[[-79.542934,8.963681],[-79.542904,8.963737],[-79.542859,8.963783],[-79.542802,8.963814],[-79.542739,8.963829]]}},{"type":"Feature","properties":{"name":"Avenida Omar Torrijos Herrera","highway":"trunk"},"geometry":{"type":"LineString","coordinates":[[-79.55175,8.965864],[-79.552117,8.965732],[-79.552296,8.965669],[-79.552445,8.96561],[-79.552719,8.965507],[-79.553528,8.965168],[-79.553667,8.965104],[-79.553767,8.965043],[-79.553889,8.964952],[-79.553969,8.964888],[-79.554072,8.964801],[-79.554193,8.96469],[-79.554333,8.96455],[-79.554597,8.964247]]}},{"type":"Feature","properties":{"name":"Avenida Cuba","highway":"residential"},"geometry":{"type":"LineString","coordinates":[[-79.538622,8.964888],[-79.538677,8.964761],[-79.538779,8.96418],[-79.53892,8.963436],[-79.538949,8.963097],[-79.538962,8.962997]]}},{"type":"Feature","properties":{"name":"Avenida Central","highway":"secondary"},"geometry":{"type":"LineString","coordinates":[[-79.539517,8.967745],[-79.539599,8.967597],[-79.539736,8.967136],[-79.539768,8.966997],[-79.539911,8.96637],[-79.540106,8.965584]]}},{"type":"Feature","properties":{"name":"Calle 26 Este","highway":"tertiary"},"geometry":{"type":"LineString","coordinates":[[-79.540106,8.965584],[-79.539582,8.965451]]}},{"type":"Feature","properties":{"name":"Calle 26 Este","highway":"tertiary"},"geometry":{"type":"LineString","coordinates":[[-79.542917,8.966523],[-79.542134,8.965968],[-79.542071,8.965923],[-79.541656,8.965633],[-79.541045,8.965794],[-79.541022,8.965788],[-79.540106,8.965584]]}},{"type":"Feature","properties":{"name":null,"highway":"service"},"geometry":{"type":"LineString","coordinates":[[-79.538428,8.962051],[-79.538381,8.961991],[-79.538352,8.961943],[-79.538342,8.961888]]}},{"type":"Feature","properties":{"name":"Avenida Balboa","highway":"secondary"},"geometry":{"type":"LineString","coordinates":[[-79.534021,8.966144],[-79.534373,8.965565],[-79.534684,8.964983],[-79.535024,8.964376],[-79.535354,8.96379],[-79.535691,8.963189],[-79.536028,8.962584],[-79.536067,8.962517],[-79.536343,8.962023],[-79.536483,8.961778],[-79.537148,8.960601],[-79.537372,8.960189],[-79.537389,8.960159],[-79.537568,8.959836]]}},{"type":"Feature","properties":{"name":"Avenida Balboa","highway":"tertiary"},"geometry":{"type":"LineString","coordinates":[[-79.538703,8.958337],[-79.539288,8.958084]]}},{"type":"Feature","properties":{"name":"Avenida de la Amistad","highway":"primary"},"geometry":{"type":"LineString","coordinates":[[-79.553856,8.977372],[-79.553925,8.976537],[-79.553936,8.976456],[-79.554131,8.974208],[-79.554249,8.972846],[-79.554256,8.972755],[-79.554439,8.970674],[-79.554448,8.970573],[-79.55448,8.97022],[-79.554571,8.969214],[-79.554719,8.967548],[-79.55475,8.967011],[-79.554738,8.966816],[-79.554713,8.96665],[-79.554457,8.965413]]}},{"type":"Feature","properties":{"name":"Corredor Norte","highway":"trunk"},"geometry":{"type":"LineString","coordinates":[[-79.554457,8.965413],[-79.554425,8.965243],[-79.554405,8.965073],[-79.554405,8.964902],[-79.554425,8.964731],[-79.554464,8.964564],[-79.554522,8.964403],[-79.554597,8.964247]]}},{"type":"Feature","properties":{"name":"Avenida Central","highway":"secondary"},"geometry":{"type":"LineString","coordinates":[[-79.540716,8.962645],[-79.540741,8.962514]]}},{"type":"Feature","properties":{"name":null,"highway":"service"},"geometry":{"type":"LineString","coordinates":[[-79.549737,8.965696],[-79.54936,8.965601],[-79.548903,8.965612],[-79.54884,8.96563],[-79.548659,8.965713]]}},{"type":"Feature","properties":{"name":null,"highway":"service"},"geometry":{"type":"LineString","coordinates":[[-79.545872,8.96608],[-79.546248,8.966131],[-79.546395,8.966149],[-79.546752,8.966154],[-79.546866,8.96614],[-79.547077,8.966066]]}},{"type":"Feature","properties":{"name":null,"highway":"service"},"geometry":{"type":"LineString","coordinates":[[-79.546985,8.965729],[-79.546885,8.965678],[-79.546819,8.96566],[-79.546717,8.965659],[-79.546578,8.965674],[-79.54643,8.965713],[-79.54636,8.965746],[-79.546301,8.965792],[-79.546213,8.965872]]}},{"type":"Feature","properties":{"name":null,"highway":"trunk_link"},"geometry":{"type":"LineString","coordinates":[[-79.545576,8.965938],[-79.545445,8.965935],[-79.545315,8.965926],[-79.545184,8.965912],[-79.545055,8.965891],[-79.544926,8.965864],[-79.5448,8.965832],[-79.544674,8.965793],[-79.544551,8.965749],[-79.54443,8.9657],[-79.544311,8.965645],[-79.544195,8.965585]]}},{"type":"Feature","properties":{"name":"Avenida Omar Torrijos Herrera","highway":"trunk"},"geometry":{"type":"LineString","coordinates":[[-79.549737,8.965696],[-79.549325,8.965702],[-79.548659,8.965713]]}},{"type":"Feature","properties":{"name":"Avenida Omar Torrijos Herrera","highway":"trunk"},"geometry":{"type":"LineString","coordinates":[[-79.548659,8.965713],[-79.547313,8.965725]]}},{"type":"Feature","properties":{"name":"Avenida Omar Torrijos Herrera","highway":"trunk"},"geometry":{"type":"LineString","coordinates":[[-79.546985,8.965729],[-79.546769,8.965745],[-79.546587,8.965774],[-79.546408,8.965816],[-79.546213,8.965872]]}},{"type":"Feature","properties":{"name":"Avenida Omar Torrijos Herrera","highway":"trunk"},"geometry":{"type":"LineString","coordinates":[[-79.545872,8.96608],[-79.547077,8.966066]]}},{"type":"Feature","properties":{"name":"Avenida Omar Torrijos Herrera","highway":"trunk"},"geometry":{"type":"LineString","coordinates":[[-79.547245,8.966066],[-79.547427,8.966064],[-79.548361,8.966053],[-79.548986,8.966046],[-79.549116,8.966044],[-79.549298,8.966038],[-79.54958,8.966039]]}},{"type":"Feature","properties":{"name":null,"highway":"trunk_link"},"geometry":{"type":"LineString","coordinates":[[-79.549705,8.948849],[-79.549758,8.948748],[-79.549836,8.948636],[-79.550006,8.948429],[-79.550318,8.948145],[-79.550367,8.948095],[-79.550398,8.948041],[-79.550408,8.947972],[-79.550396,8.947913],[-79.550354,8.947867],[-79.550298,8.947845],[-79.550225,8.94785],[-79.550154,8.947873],[-79.550084,8.947918],[-79.54993,8.948059],[-79.549711,8.948291]]}},{"type":"Feature","properties":{"name":"Avenida de los Mártires","highway":"trunk"},"geometry":{"type":"LineString","coordinates":[[-79.554205,8.947254],[-79.554043,8.947223],[-79.553864,8.947203],[-79.553524,8.947177],[-79.552662,8.947116],[-79.552266,8.947077],[-79.551929,8.947059],[-79.551654,8.947072],[-79.551402,8.947122],[-79.551114,8.947192],[-79.550758,8.947327]]}},{"type":"Feature","properties":{"name":null,"highway":"trunk_link"},"geometry":{"type":"LineString","coordinates":[[-79.554318,8.947123],[-79.554209,8.94705],[-79.554143,8.946996],[-79.55409,8.946941],[-79.554053,8.946898],[-79.554024,8.946854],[-79.554003,8.946805],[-79.553991,8.946756],[-79.553989,8.946708],[-79.553989,8.946659],[-79.553997,8.946608],[-79.554013,8.94655],[-79.554033,8.946491],[-79.554054,8.946442],[-79.554082,8.946392],[-79.554118,8.946347],[-79.55416,8.9463],[-79.554197,8.946269],[-79.554249,8.946232],[-79.554302,8.946202],[-79.554372,8.946173],[-79.554621,8.946089],[-79.55479,8.946039]]}},{"type":"Feature","properties":{"name":"Avenida de los Poetas","highway":"primary"},"geometry":{"type":"LineString","coordinates":[[-79.551048,8.947476],[-79.551241,8.947451],[-79.551359,8.947428],[-79.551595,8.947359],[-79.551867,8.947291],[-79.552186,8.947229],[-79.552454,8.947214],[-79.55269,8.94721],[-79.55285,8.947196],[-79.553,8.947165],[-79.553116,8.947126],[-79.553247,8.947067],[-79.553421,8.946944]]}},{"type":"Feature","properties":{"name":null,"highway":"trunk_link"},"geometry":{"type":"LineString","coordinates":[[-79.54878,8.946915],[-79.549256,8.946955],[-79.5496,8.946975],[-79.549972,8.946996],[-79.550123,8.94702],[-79.550279,8.947056],[-79.550391,8.947089],[-79.550498,8.947127]]}},{"type":"Feature","properties":{"name":null,"highway":"trunk_link"},"geometry":{"type":"LineString","coordinates":[[-79.550498,8.947127],[-79.550571,8.947188],[-79.550597,8.947226],[-79.550605,8.947253],[-79.550607,8.94728],[-79.550601,8.947312],[-79.550581,8.947351],[-79.550402,8.947549]]}},{"type":"Feature","properties":{"name":"Avenida de los Poetas","highway":"primary"},"geometry":{"type":"LineString","coordinates":[[-79.54878,8.946915],[-79.549915,8.947275]]}},{"type":"Feature","properties":{"name":"Cinta Costera","highway":"primary"},"geometry":{"type":"LineString","coordinates":[[-79.548834,8.946612],[-79.548534,8.946625],[-79.548368,8.94664],[-79.548208,8.946661],[-79.547952,8.946695],[-79.547473,8.946791],[-79.547227,8.946863],[-79.546991,8.946987],[-79.546678,8.947184],[-79.546423,8.947398],[-79.54631,8.947461],[-79.54621,8.947512],[-79.546123,8.947549]]}},{"type":"Feature","properties":{"name":"Cinta Costera","highway":"primary"},"geometry":{"type":"LineString","coordinates":[[-79.544339,8.94825],[-79.545373,8.947925],[-79.545717,8.947819],[-79.545935,8.94775],[-79.546184,8.947665],[-79.546345,8.947591],[-79.546487,8.947507],[-79.546579,8.947445],[-79.546652,8.947383],[-79.546848,8.947226],[-79.546955,8.947162],[-79.547067,8.947104],[-79.547219,8.94703],[-79.547411,8.94696],[-79.547586,8.946909],[-79.547838,8.946863],[-79.548048,8.94685],[-79.548259,8.946858]]}},{"type":"Feature","properties":{"name":null,"highway":"primary_link"},"geometry":{"type":"LineString","coordinates":[[-79.546694,8.947749],[-79.546655,8.947723],[-79.54663,8.947703],[-79.546607,8.947676],[-79.54659,8.947646],[-79.546582,8.947589],[-79.546597,8.947513],[-79.54665,8.947431],[-79.546796,8.94731],[-79.546848,8.947226]]}},{"type":"Feature","properties":{"name":"Cinta Costera","highway":"primary"},"geometry":{"type":"LineString","coordinates":[[-79.542497,8.948228],[-79.542057,8.948418],[-79.541678,8.948613],[-79.541284,8.948759],[-79.541171,8.948788],[-79.540965,8.948843],[-79.540717,8.948863],[-79.540344,8.948869],[-79.539997,8.948825]]}},{"type":"Feature","properties":{"name":"Calle 21 Oeste","highway":"residential"},"geometry":{"type":"LineString","coordinates":[[-79.543466,8.949631],[-79.543469,8.949544],[-79.543351,8.949153],[-79.543289,8.948946]]}},{"type":"Feature","properties":{"name":"Cinta Costera","highway":"primary"},"geometry":{"type":"LineString","coordinates":[[-79.541639,8.949138],[-79.541779,8.949087],[-79.542109,8.948976]]}},{"type":"Feature","properties":{"name":null,"highway":"primary_link"},"geometry":{"type":"LineString","coordinates":[[-79.541678,8.948613],[-79.541575,8.948711],[-79.541522,8.948757],[-79.54148,8.948821],[-79.541468,8.948877],[-79.54147,8.948953],[-79.541498,8.949],[-79.541528,8.949025],[-79.541588,8.949053],[-79.541646,8.949068],[-79.541779,8.949087]]}},{"type":"Feature","properties":{"name":"Cinta Costera","highway":"primary"},"geometry":{"type":"LineString","coordinates":[[-79.539997,8.948825],[-79.539723,8.948753],[-79.539472,8.948651],[-79.539186,8.948522],[-79.538563,8.948251]]}},{"type":"Feature","properties":{"name":"Cinta Costera","highway":"primary"},"geometry":{"type":"LineString","coordinates":[[-79.53394,8.946116],[-79.53344,8.945898],[-79.533138,8.945781],[-79.532741,8.945649],[-79.53247,8.945593],[-79.532179,8.945543],[-79.531833,8.945524],[-79.531552,8.945524],[-79.531124,8.94556],[-79.530738,8.945625],[-79.530433,8.945698],[-79.530237,8.945765],[-79.530036,8.945842],[-79.529803,8.945944],[-79.529627,8.946034],[-79.529242,8.946273],[-79.528919,8.946516],[-79.528719,8.946703],[-79.528476,8.946955]]}},{"type":"Feature","properties":{"name":"Cinta Costera","highway":"primary"},"geometry":{"type":"LineString","coordinates":[[-79.528476,8.946955],[-79.528254,8.947219],[-79.528122,8.947406],[-79.527988,8.947595],[-79.52778,8.948025],[-79.527629,8.94838],[-79.527524,8.948704],[-79.527491,8.948828],[-79.527414,8.949268],[-79.527391,8.949492],[-79.527385,8.949738],[-79.527387,8.95004],[-79.527484,8.951249],[-79.527629,8.952846],[-79.527699,8.953436],[-79.527752,8.953681],[-79.52779,8.953829],[-79.527904,8.954143],[-79.527999,8.954376],[-79.528132,8.954645],[-79.528298,8.954913],[-79.528435,8.955122],[-79.52859,8.955325],[-79.528706,8.955464],[-79.528919,8.955689],[-79.529136,8.955864],[-79.529374,8.956038],[-79.529606,8.956197],[-79.529871,8.956352],[-79.530149,8.956495],[-79.530408,8.956598],[-79.530709,8.9567],[-79.531043,8.956782],[-79.531464,8.95684],[-79.53332,8.956986]]}},{"type":"Feature","properties":{"name":"Cinta Costera","highway":"primary"},"geometry":{"type":"LineString","coordinates":[[-79.53332,8.956986],[-79.535214,8.957124]]}},{"type":"Feature","properties":{"name":null,"highway":"trunk_link"},"geometry":{"type":"LineString","coordinates":[[-79.53701,8.957748],[-79.536883,8.957651],[-79.536822,8.957605],[-79.536747,8.957582],[-79.536665,8.957594],[-79.536613,8.957624],[-79.536571,8.957673],[-79.536558,8.957732],[-79.53656,8.957784]]}},{"type":"Feature","properties":{"name":"Calle C","highway":"residential"},"geometry":{"type":"LineString","coordinates":[[-79.539032,8.953643],[-79.538572,8.953652],[-79.538463,8.953641]]}},{"type":"Feature","properties":{"name":"Calle 12B","highway":"residential"},"geometry":{"type":"LineString","coordinates":[[-79.538438,8.950581],[-79.538852,8.950571]]}},{"type":"Feature","properties":{"name":"Calle I","highway":"residential"},"geometry":{"type":"LineString","coordinates":[[-79.542396,8.957968],[-79.543193,8.958575]]}},{"type":"Feature","properties":{"name":"Calle 16","highway":"residential"},"geometry":{"type":"LineString","coordinates":[[-79.540352,8.951754],[-79.540362,8.9518],[-79.540561,8.952686]]}},{"type":"Feature","properties":{"name":"Calle 4a Este","highway":"residential"},"geometry":{"type":"LineString","coordinates":[[-79.53371,8.953529],[-79.533678,8.953944],[-79.533668,8.954055]]}},{"type":"Feature","properties":{"name":"Avenida B","highway":"tertiary"},"geometry":{"type":"LineString","coordinates":[[-79.533751,8.953074],[-79.534401,8.953128],[-79.534667,8.953158],[-79.534962,8.953189],[-79.535686,8.953269],[-79.535699,8.95327],[-79.536232,8.953317],[-79.536315,8.953325]]}},{"type":"Feature","properties":{"name":null,"highway":"footway"},"geometry":{"type":"LineString","coordinates":[[-79.535016,8.963527],[-79.535035,8.963469],[-79.535035,8.963375],[-79.535065,8.963259],[-79.535214,8.962997],[-79.535324,8.962793],[-79.535417,8.962658],[-79.535486,8.962554],[-79.535539,8.962477],[-79.53575,8.962114],[-79.535787,8.962135],[-79.535516,8.962586],[-79.535491,8.962642],[-79.535505,8.962678],[-79.535514,8.962705],[-79.535555,8.962729],[-79.535608,8.962729],[-79.535658,8.962695],[-79.535671,8.962638],[-79.535648,8.962585],[-79.535599,8.962547]]}},{"type":"Feature","properties":{"name":null,"highway":"footway"},"geometry":{"type":"LineString","coordinates":[[-79.53253,8.9667],[-79.532524,8.966449],[-79.532516,8.966076]]}},{"type":"Feature","properties":{"name":null,"highway":"footway"},"geometry":{"type":"LineString","coordinates":[[-79.532562,8.966694],[-79.532558,8.966032]]}},{"type":"Feature","properties":{"name":null,"highway":"footway"},"geometry":{"type":"LineString","coordinates":[[-79.536105,8.962538],[-79.536067,8.962517],[-79.535938,8.962457],[-79.535871,8.962421],[-79.535852,8.962369],[-79.535844,8.962303],[-79.535847,8.962196],[-79.535837,8.962171],[-79.535787,8.962135]]}},{"type":"Feature","properties":{"name":null,"highway":"footway"},"geometry":{"type":"LineString","coordinates":[[-79.535599,8.962547],[-79.535318,8.962382],[-79.5353,8.962363],[-79.535288,8.962338],[-79.535305,8.96231]]}},{"type":"Feature","properties":{"name":null,"highway":"footway"},"geometry":{"type":"LineString","coordinates":[[-79.533333,8.965615],[-79.533294,8.965678],[-79.533261,8.965752],[-79.533197,8.965902],[-79.533161,8.965985],[-79.533019,8.966272],[-79.53269,8.966642]]}},{"type":"Feature","properties":{"name":null,"highway":"footway"},"geometry":{"type":"LineString","coordinates":[[-79.535305,8.96231],[-79.535405,8.962122],[-79.535546,8.961861],[-79.535752,8.961511],[-79.535755,8.961266],[-79.535753,8.961164]]}},{"type":"Feature","properties":{"name":null,"highway":"footway"},"geometry":{"type":"LineString","coordinates":[[-79.533654,8.965919],[-79.53371,8.965821],[-79.533744,8.96579],[-79.533786,8.965779],[-79.533834,8.965791],[-79.533871,8.965826],[-79.533875,8.965864],[-79.533856,8.965923],[-79.533831,8.965944],[-79.533786,8.96596],[-79.533729,8.965936],[-79.533698,8.965919]]}},{"type":"Feature","properties":{"name":null,"highway":"pedestrian"},"geometry":{"type":"LineString","coordinates":[[-79.537428,8.958346],[-79.537333,8.95823],[-79.537264,8.958129],[-79.537247,8.958094],[-79.537221,8.958039],[-79.537165,8.957799],[-79.537122,8.957632],[-79.53699,8.95726],[-79.536807,8.956625],[-79.536436,8.955807],[-79.536378,8.955676],[-79.536317,8.955525],[-79.536311,8.955483],[-79.536323,8.955451],[-79.536408,8.955367],[-79.536828,8.955025],[-79.536864,8.954947]]}},{"type":"Feature","properties":{"name":"Calle Puntas Veraguas","highway":"residential"},"geometry":{"type":"LineString","coordinates":[[-79.506244,8.97175],[-79.506277,8.971869],[-79.50631,8.971932],[-79.506353,8.971978],[-79.506386,8.972008],[-79.506427,8.972031],[-79.506495,8.97205],[-79.506546,8.972053],[-79.506596,8.972046],[-79.506651,8.97203],[-79.506698,8.972007],[-79.506735,8.971966],[-79.506762,8.971921],[-79.506784,8.971871],[-79.506792,8.97182],[-79.506785,8.97172],[-79.506773,8.971644],[-79.50673,8.9715],[-79.506659,8.971241],[-79.506577,8.97089],[-79.506527,8.970605],[-79.506502,8.97045],[-79.50648,8.97026],[-79.506484,8.969998],[-79.506519,8.969863],[-79.506564,8.969733],[-79.506716,8.96929],[-79.506723,8.969215],[-79.506752,8.969064],[-79.506745,8.968976],[-79.506708,8.968704],[-79.506701,8.968568],[-79.506714,8.96841],[-79.506728,8.968287],[-79.506753,8.968169],[-79.506806,8.968032],[-79.506862,8.967917],[-79.506898,8.96784],[-79.506925,8.967748],[-79.506933,8.967687],[-79.50693,8.967626],[-79.50691,8.967555],[-79.506883,8.967488],[-79.50685,8.967438],[-79.506778,8.96736],[-79.506707,8.967292],[-79.506645,8.967226],[-79.506572,8.967088],[-79.50641,8.966532],[-79.506354,8.966355],[-79.506329,8.966316],[-79.506283,8.9663],[-79.506241,8.9663],[-79.5062,8.966313],[-79.506168,8.966341],[-79.506155,8.966393],[-79.506197,8.966594],[-79.506209,8.966707],[-79.50622,8.966794],[-79.506225,8.966884],[-79.506231,8.967134],[-79.506181,8.967495],[-79.506172,8.967589],[-79.506171,8.967675],[-79.506183,8.967762],[-79.506206,8.967847],[-79.506228,8.967923],[-79.506259,8.967997],[-79.506312,8.968088],[-79.506356,8.96818],[-79.50642,8.968313],[-79.506473,8.968451],[-79.506501,8.968564],[-79.506521,8.968685],[-79.506532,8.968824],[-79.50653,8.968963],[-79.506522,8.969102],[-79.506498,8.969242],[-79.506411,8.969474],[-79.506311,8.969702],[-79.506272,8.969779],[-79.506234,8.969857],[-79.506207,8.969947],[-79.506183,8.970035],[-79.506152,8.970213],[-79.50614,8.97039],[-79.506141,8.9705]]}},{"type":"Feature","properties":{"name":null,"highway":"footway"},"geometry":{"type":"LineString","coordinates":[[-79.536343,8.955011],[-79.536266,8.954916],[-79.536185,8.954817]]}},{"type":"Feature","properties":{"name":null,"highway":"footway"},"geometry":{"type":"LineString","coordinates":[[-79.536122,8.955033],[-79.536266,8.954916],[-79.536407,8.9548],[-79.536455,8.954761]]}},{"type":"Feature","properties":{"name":null,"highway":"footway"},"geometry":{"type":"LineString","coordinates":[[-79.535962,8.954299],[-79.536101,8.954303],[-79.536166,8.954305],[-79.536289,8.954623],[-79.536207,8.954689],[-79.535969,8.954881],[-79.535936,8.954908],[-79.535932,8.954982]]}},{"type":"Feature","properties":{"name":null,"highway":"footway"},"geometry":{"type":"LineString","coordinates":[[-79.535962,8.954299],[-79.535955,8.954025],[-79.535954,8.954013]]}},{"type":"Feature","properties":{"name":null,"highway":"footway"},"geometry":{"type":"LineString","coordinates":[[-79.536201,8.955131],[-79.536122,8.955033],[-79.536039,8.954936]]}},{"type":"Feature","properties":{"name":null,"highway":"footway"},"geometry":{"type":"LineString","coordinates":[[-79.536201,8.955131],[-79.536343,8.955011],[-79.536484,8.954898],[-79.536686,8.954741],[-79.536601,8.954641],[-79.536519,8.954543]]}},{"type":"Feature","properties":{"name":null,"highway":"cycleway"},"geometry":{"type":"LineString","coordinates":[[-79.533335,8.956776],[-79.53286,8.956738],[-79.532138,8.956695],[-79.531556,8.956651],[-79.531184,8.9566],[-79.53093,8.956557],[-79.530683,8.956482],[-79.53035,8.956363],[-79.530099,8.95625],[-79.52981,8.95609],[-79.529445,8.955844],[-79.529127,8.955581],[-79.528856,8.955302],[-79.528576,8.954957],[-79.528302,8.954509],[-79.528173,8.954239],[-79.528078,8.954001],[-79.527982,8.953686],[-79.527929,8.953501],[-79.527873,8.953238],[-79.527812,8.952641],[-79.52769,8.95115],[-79.527596,8.949903],[-79.527602,8.949501],[-79.52763,8.949259],[-79.5277,8.948867],[-79.527736,8.948702],[-79.527825,8.948421],[-79.528002,8.947999],[-79.528168,8.947692],[-79.528404,8.947354],[-79.528567,8.947144],[-79.528767,8.946935],[-79.529044,8.946678],[-79.529381,8.946429],[-79.529708,8.946221],[-79.529973,8.946091],[-79.530419,8.945918],[-79.530694,8.945838],[-79.530995,8.945775],[-79.531333,8.945732],[-79.531669,8.945717],[-79.531916,8.945728],[-79.532174,8.945749],[-79.532435,8.94579],[-79.53274,8.945858],[-79.533102,8.945973],[-79.533579,8.94617],[-79.534389,8.946533],[-79.53517,8.946897],[-79.53685,8.947687],[-79.537474,8.947981],[-79.538254,8.948344],[-79.538303,8.948385],[-79.538328,8.948439]]}},{"type":"Feature","properties":{"name":"Cinta Costera","highway":"primary"},"geometry":{"type":"LineString","coordinates":[[-79.53333,8.956868],[-79.531474,8.956732],[-79.531187,8.956697],[-79.530937,8.956654],[-79.530658,8.956581],[-79.530384,8.956477],[-79.529919,8.956269],[-79.52961,8.956069],[-79.529352,8.955894],[-79.52899,8.955596],[-79.5288,8.955404],[-79.528611,8.955192],[-79.528435,8.954936],[-79.528216,8.95456],[-79.528065,8.954254],[-79.527939,8.953931],[-79.527843,8.953631],[-79.527788,8.953287],[-79.527716,8.952593],[-79.527654,8.951914],[-79.527571,8.950909],[-79.527501,8.94997],[-79.527503,8.9496],[-79.52756,8.949074],[-79.527634,8.948711],[-79.527733,8.948408],[-79.527963,8.94789],[-79.528099,8.94766],[-79.528244,8.947437],[-79.528404,8.947201],[-79.528727,8.946847],[-79.528986,8.946611],[-79.529187,8.946444],[-79.529403,8.946295],[-79.529636,8.946152],[-79.529871,8.946034],[-79.530233,8.945883],[-79.530603,8.945769],[-79.531072,8.945667],[-79.531392,8.945634],[-79.531789,8.945631],[-79.532169,8.945661],[-79.532415,8.945693],[-79.532675,8.945747],[-79.532969,8.945838],[-79.533262,8.94595],[-79.533919,8.946235],[-79.538517,8.94835]]}},{"type":"Feature","properties":{"name":null,"highway":"footway"},"geometry":{"type":"LineString","coordinates":[[-79.527982,8.953686],[-79.528111,8.953659]]}},{"type":"Feature","properties":{"name":"Cinta Costera","highway":"primary"},"geometry":{"type":"LineString","coordinates":[[-79.538563,8.948251],[-79.536919,8.947495],[-79.53585,8.947004],[-79.534871,8.946565],[-79.53394,8.946116]]}},{"type":"Feature","properties":{"name":"Cinta Costera","highway":"primary"},"geometry":{"type":"LineString","coordinates":[[-79.538517,8.94835],[-79.540119,8.949081],[-79.540361,8.94915],[-79.540465,8.949168],[-79.540637,8.949191],[-79.540777,8.949203],[-79.541004,8.949209],[-79.541293,8.949189],[-79.541639,8.949138]]}},{"type":"Feature","properties":{"name":null,"highway":"cycleway"},"geometry":{"type":"LineString","coordinates":[[-79.533782,8.956789],[-79.533784,8.956744],[-79.533381,8.956711],[-79.533105,8.956623]]}},{"type":"Feature","properties":{"name":null,"highway":"cycleway"},"geometry":{"type":"LineString","coordinates":[[-79.536337,8.95939],[-79.53628,8.959492],[-79.53611,8.959784],[-79.535702,8.960302],[-79.535481,8.960481],[-79.535367,8.960573],[-79.535052,8.96072],[-79.534876,8.960752],[-79.534698,8.96076],[-79.5344,8.960718],[-79.534107,8.960619],[-79.533964,8.960592],[-79.533836,8.960591],[-79.53379,8.960592],[-79.533682,8.960635],[-79.533571,8.960724],[-79.533518,8.960848],[-79.5335,8.960975],[-79.533512,8.961115],[-79.533583,8.961275],[-79.533637,8.96137],[-79.533735,8.961571],[-79.533817,8.961733],[-79.534123,8.962392],[-79.534335,8.962821],[-79.534407,8.962993],[-79.534471,8.963247],[-79.534478,8.963481],[-79.53447,8.963561],[-79.534433,8.963682],[-79.534425,8.963738]]}},{"type":"Feature","properties":{"name":null,"highway":"trunk"},"geometry":{"type":"LineString","coordinates":[[-79.536375,8.957512],[-79.536396,8.957514],[-79.536416,8.957515],[-79.536437,8.957514],[-79.536457,8.957511],[-79.536477,8.957507],[-79.536497,8.957501],[-79.536516,8.957493],[-79.536534,8.957484],[-79.536551,8.957473],[-79.536568,8.957461],[-79.536583,8.957447],[-79.536597,8.957432],[-79.536609,8.957416],[-79.53662,8.957399],[-79.53663,8.957381],[-79.536638,8.957362],[-79.536644,8.957343],[-79.536649,8.957323],[-79.536652,8.957303],[-79.536653,8.957283],[-79.536652,8.957258],[-79.536648,8.957233],[-79.536641,8.957208],[-79.536632,8.957185],[-79.53662,8.957162],[-79.536606,8.957141],[-79.53659,8.957122],[-79.536573,8.957106],[-79.536554,8.957091],[-79.536534,8.957078],[-79.536513,8.957068],[-79.536491,8.957059],[-79.536469,8.957053],[-79.536445,8.957049],[-79.536422,8.957047],[-79.536398,8.957048],[-79.536375,8.95705],[-79.536351,8.957056],[-79.536329,8.957063],[-79.536305,8.957074],[-79.536283,8.957087],[-79.536267,8.957099],[-79.536252,8.957112],[-79.536238,8.957126],[-79.536225,8.957142],[-79.536214,8.957158],[-79.536204,8.957175],[-79.536196,8.957193],[-79.536189,8.957212],[-79.536184,8.957231],[-79.536181,8.957251],[-79.536179,8.95727],[-79.536179,8.957293],[-79.536181,8.957315],[-79.536186,8.957337],[-79.536192,8.957359],[-79.536201,8.95738],[-79.536212,8.9574],[-79.536224,8.957419],[-79.536238,8.957436],[-79.536254,8.957452],[-79.536272,8.957467],[-79.536291,8.95748],[-79.536311,8.957491],[-79.536331,8.9575],[-79.536353,8.957507],[-79.536375,8.957512]]}},{"type":"Feature","properties":{"name":"Avenida Pablo Arosemena","highway":"tertiary"},"geometry":{"type":"LineString","coordinates":[[-79.53659,8.957122],[-79.536577,8.95706],[-79.536565,8.956968],[-79.536566,8.956865],[-79.536582,8.956712],[-79.536589,8.956597],[-79.536589,8.956489],[-79.536583,8.956408]]}},{"type":"Feature","properties":{"name":"Avenida Pablo Arosemena","highway":"tertiary"},"geometry":{"type":"LineString","coordinates":[[-79.536131,8.955616],[-79.536187,8.955743],[-79.53625,8.955885],[-79.536378,8.956185],[-79.536433,8.956379],[-79.536467,8.956565],[-79.536465,8.956715],[-79.53645,8.9568],[-79.53643,8.956873],[-79.536398,8.956955],[-79.536329,8.957063]]}},{"type":"Feature","properties":{"name":"Cinta Costera","highway":"primary"},"geometry":{"type":"LineString","coordinates":[[-79.536283,8.957087],[-79.535718,8.957018],[-79.535494,8.957],[-79.53333,8.956868]]}},{"type":"Feature","properties":{"name":null,"highway":"trunk_link"},"geometry":{"type":"LineString","coordinates":[[-79.542673,8.96029],[-79.54266,8.960491],[-79.542671,8.960644],[-79.542696,8.960788],[-79.542713,8.960857],[-79.542755,8.960927]]}},{"type":"Feature","properties":{"name":null,"highway":"trunk_link"},"geometry":{"type":"LineString","coordinates":[[-79.54412,8.95732],[-79.543193,8.958575],[-79.543032,8.958798],[-79.542898,8.959005]]}},{"type":"Feature","properties":{"name":"Avenida de los Mártires","highway":"trunk"},"geometry":{"type":"LineString","coordinates":[[-79.544741,8.956468],[-79.544505,8.95678],[-79.544307,8.957049],[-79.54412,8.95732]]}},{"type":"Feature","properties":{"name":null,"highway":"residential"},"geometry":{"type":"LineString","coordinates":[[-79.547992,8.952012],[-79.547879,8.951977],[-79.54783,8.951959],[-79.54779,8.951934],[-79.547763,8.951907],[-79.547754,8.951875],[-79.547772,8.951427],[-79.547783,8.951394],[-79.547853,8.951335],[-79.547946,8.951298]]}},{"type":"Feature","properties":{"name":"Calle 23 Este","highway":"secondary"},"geometry":{"type":"LineString","coordinates":[[-79.539001,8.960121],[-79.538853,8.959995],[-79.538772,8.95995],[-79.538601,8.959856],[-79.537898,8.959566]]}},{"type":"Feature","properties":{"name":"Calle 23 Este","highway":"secondary"},"geometry":{"type":"LineString","coordinates":[[-79.540788,8.962256],[-79.540695,8.962223],[-79.540532,8.962151],[-79.540426,8.96209],[-79.540295,8.961994],[-79.540161,8.961831],[-79.539556,8.960887]]}},{"type":"Feature","properties":{"name":"Calle 23 Este","highway":"secondary"},"geometry":{"type":"LineString","coordinates":[[-79.540878,8.962393],[-79.540937,8.962425],[-79.541031,8.962484],[-79.541114,8.962542],[-79.541195,8.962616],[-79.54126,8.962701],[-79.541315,8.962792],[-79.541395,8.962967]]}},{"type":"Feature","properties":{"name":"Calle 23 Este","highway":"secondary"},"geometry":{"type":"LineString","coordinates":[[-79.541395,8.962967],[-79.541644,8.963582],[-79.541752,8.963706],[-79.5419,8.96384],[-79.54203,8.963958],[-79.542128,8.964058],[-79.542204,8.964166]]}},{"type":"Feature","properties":{"name":"Avenida Pablo Arosemena","highway":"tertiary"},"geometry":{"type":"LineString","coordinates":[[-79.536198,8.955314],[-79.536129,8.955406],[-79.536113,8.955458],[-79.536114,8.955547],[-79.536131,8.955616]]}},{"type":"Feature","properties":{"name":"Avenida Pablo Arosemena","highway":"tertiary"},"geometry":{"type":"LineString","coordinates":[[-79.536208,8.955553],[-79.536199,8.955507],[-79.536203,8.955469],[-79.536226,8.955408],[-79.53632,8.955311],[-79.5365,8.955161],[-79.53682,8.954906]]}},{"type":"Feature","properties":{"name":"Avenida Pablo Arosemena","highway":"tertiary"},"geometry":{"type":"LineString","coordinates":[[-79.536583,8.956408],[-79.536319,8.955826],[-79.536268,8.955715],[-79.536229,8.955614],[-79.536208,8.955553]]}},{"type":"Feature","properties":{"name":"Avenida Balboa","highway":"tertiary"},"geometry":{"type":"LineString","coordinates":[[-79.53838,8.958444],[-79.538286,8.958507],[-79.538218,8.958546],[-79.538129,8.958564],[-79.538037,8.958549],[-79.5379,8.958491]]}},{"type":"Feature","properties":{"name":"Cinta Costera","highway":"trunk"},"geometry":{"type":"LineString","coordinates":[[-79.537966,8.958785],[-79.537964,8.958851],[-79.53795,8.958927],[-79.537921,8.959004],[-79.537879,8.959077],[-79.537761,8.959239]]}},{"type":"Feature","properties":{"name":null,"highway":"secondary_link"},"geometry":{"type":"LineString","coordinates":[[-79.537898,8.959566],[-79.537822,8.959587],[-79.537787,8.959617],[-79.53776,8.959654],[-79.537744,8.959697],[-79.53774,8.959742],[-79.537747,8.959787]]}},{"type":"Feature","properties":{"name":null,"highway":"trunk_link"},"geometry":{"type":"LineString","coordinates":[[-79.542812,8.959247],[-79.542786,8.959409],[-79.542754,8.959639]]}},{"type":"Feature","properties":{"name":"Avenida de los Mártires","highway":"trunk"},"geometry":{"type":"LineString","coordinates":[[-79.54412,8.95732],[-79.543973,8.957614],[-79.543834,8.95784],[-79.543453,8.958337],[-79.543249,8.958616],[-79.543052,8.9589]]}},{"type":"Feature","properties":{"name":"Avenida de los Mártires","highway":"trunk"},"geometry":{"type":"LineString","coordinates":[[-79.542859,8.959418],[-79.542827,8.959586],[-79.542801,8.960004],[-79.542718,8.960398],[-79.542721,8.960619],[-79.542735,8.960794],[-79.542755,8.960927],[-79.542804,8.96109]]}},{"type":"Feature","properties":{"name":"Avenida de los Mártires","highway":"trunk"},"geometry":{"type":"LineString","coordinates":[[-79.543052,8.9589],[-79.542922,8.959175],[-79.542888,8.959283],[-79.542859,8.959418]]}},{"type":"Feature","properties":{"name":"Avenida de los Mártires","highway":"trunk"},"geometry":{"type":"LineString","coordinates":[[-79.54285,8.961983],[-79.542838,8.962221]]}},{"type":"Feature","properties":{"name":null,"highway":"trunk_link"},"geometry":{"type":"LineString","coordinates":[[-79.542647,8.962732],[-79.542529,8.962886],[-79.542246,8.963266],[-79.542165,8.963337],[-79.542073,8.963375],[-79.541973,8.963382],[-79.541883,8.96336],[-79.541803,8.963313],[-79.541742,8.963245],[-79.541641,8.963081]]}},{"type":"Feature","properties":{"name":"Avenida de los Mártires","highway":"trunk"},"geometry":{"type":"LineString","coordinates":[[-79.542804,8.96109],[-79.542797,8.960891],[-79.542788,8.960616],[-79.542806,8.960378],[-79.542876,8.960027],[-79.542896,8.959705],[-79.542905,8.959585],[-79.542931,8.959437]]}},{"type":"Feature","properties":{"name":"Avenida de los Mártires","highway":"trunk"},"geometry":{"type":"LineString","coordinates":[[-79.543118,8.958937],[-79.543514,8.958385],[-79.543821,8.957976],[-79.544023,8.957692],[-79.544192,8.957376],[-79.544354,8.957149],[-79.544707,8.956651],[-79.54497,8.956291]]}},{"type":"Feature","properties":{"name":"Avenida de los Mártires","highway":"trunk"},"geometry":{"type":"LineString","coordinates":[[-79.542931,8.959437],[-79.54297,8.959286],[-79.543028,8.959148],[-79.543118,8.958937]]}},{"type":"Feature","properties":{"name":"Avenida de los Mártires","highway":"trunk"},"geometry":{"type":"LineString","coordinates":[[-79.542804,8.96109],[-79.54283,8.961307],[-79.542847,8.961525],[-79.542854,8.961757],[-79.54285,8.961983]]}},{"type":"Feature","properties":{"name":null,"highway":"trunk_link"},"geometry":{"type":"LineString","coordinates":[[-79.542868,8.960396],[-79.542926,8.960074],[-79.542969,8.95963],[-79.542981,8.959529],[-79.543,8.95945],[-79.543035,8.959345]]}},{"type":"Feature","properties":{"name":null,"highway":"trunk_link"},"geometry":{"type":"LineString","coordinates":[[-79.543132,8.959063],[-79.543162,8.959001],[-79.543216,8.958914],[-79.543277,8.958832],[-79.543545,8.958483],[-79.543946,8.957914],[-79.544088,8.957696],[-79.544354,8.957149]]}},{"type":"Feature","properties":{"name":null,"highway":"trunk_link"},"geometry":{"type":"LineString","coordinates":[[-79.542969,8.95963],[-79.543009,8.959541],[-79.543055,8.959479],[-79.543111,8.959443],[-79.543192,8.959425],[-79.543256,8.959425],[-79.543352,8.959442]]}},{"type":"Feature","properties":{"name":null,"highway":"trunk_link"},"geometry":{"type":"LineString","coordinates":[[-79.543406,8.959427],[-79.543335,8.959321],[-79.543294,8.959247],[-79.543266,8.959179],[-79.54325,8.959092],[-79.543247,8.959005],[-79.543256,8.958917],[-79.543277,8.958832]]}},{"type":"Feature","properties":{"name":null,"highway":"trunk_link"},"geometry":{"type":"LineString","coordinates":[[-79.543677,8.965664],[-79.543601,8.965752],[-79.543168,8.966208],[-79.543096,8.966343]]}},{"type":"Feature","properties":{"name":null,"highway":"trunk_link"},"geometry":{"type":"LineString","coordinates":[[-79.543701,8.965754],[-79.543221,8.966258],[-79.543096,8.966343]]}},{"type":"Feature","properties":{"name":"Avenida Omar Torrijos Herrera","highway":"trunk"},"geometry":{"type":"LineString","coordinates":[[-79.545576,8.965938],[-79.54544,8.965911],[-79.545335,8.965879],[-79.545216,8.965844],[-79.545118,8.965811],[-79.545037,8.965781],[-79.54491,8.965727],[-79.544825,8.965689],[-79.544744,8.965655],[-79.544664,8.965628],[-79.544542,8.965598],[-79.544418,8.965562],[-79.544258,8.965511],[-79.544096,8.965457],[-79.543896,8.965358],[-79.543723,8.965235],[-79.543237,8.964854],[-79.542861,8.964564],[-79.542688,8.964423],[-79.542545,8.964294]]}},{"type":"Feature","properties":{"name":"Calle Francisco J. Morales","highway":"residential"},"geometry":{"type":"LineString","coordinates":[[-79.543924,8.965168],[-79.543807,8.965064],[-79.543692,8.964961],[-79.543591,8.96486],[-79.543505,8.964734],[-79.543429,8.964566],[-79.543121,8.963487],[-79.543018,8.963198],[-79.542983,8.963031],[-79.542968,8.962891],[-79.542964,8.962743],[-79.543011,8.962314],[-79.543039,8.962183],[-79.54306,8.962092],[-79.543095,8.962027],[-79.543163,8.961941],[-79.543266,8.961858],[-79.543527,8.961707],[-79.543899,8.961584],[-79.544026,8.961552],[-79.544485,8.961431]]}},{"type":"Feature","properties":{"name":"Calle M","highway":"residential"},"geometry":{"type":"LineString","coordinates":[[-79.544608,8.966399],[-79.544611,8.966346],[-79.544466,8.966247],[-79.54441,8.966204],[-79.54388,8.965709]]}},{"type":"Feature","properties":{"name":"Avenida Nacional","highway":"residential"},"geometry":{"type":"LineString","coordinates":[[-79.54388,8.965709],[-79.543805,8.965756],[-79.543419,8.966158],[-79.542994,8.966588],[-79.542567,8.967032],[-79.542298,8.967311],[-79.541643,8.96797]]}},{"type":"Feature","properties":{"name":null,"highway":"trunk_link"},"geometry":{"type":"LineString","coordinates":[[-79.544798,8.966059],[-79.544838,8.966045],[-79.544892,8.966038],[-79.54524,8.96605]]}},{"type":"Feature","properties":{"name":"Avenida A","highway":"tertiary"},"geometry":{"type":"LineString","coordinates":[[-79.54714,8.951189],[-79.547093,8.951185],[-79.546718,8.95115],[-79.545519,8.951004]]}},{"type":"Feature","properties":{"name":null,"highway":"trunk_link"},"geometry":{"type":"LineString","coordinates":[[-79.549298,8.966038],[-79.549355,8.966014],[-79.549384,8.965996],[-79.549411,8.965974],[-79.549428,8.965957],[-79.54945,8.96593],[-79.549469,8.9659],[-79.549476,8.965877],[-79.549479,8.96584],[-79.549473,8.965806],[-79.54946,8.965776],[-79.549441,8.965751],[-79.549414,8.965728],[-79.549381,8.965714],[-79.549325,8.965702]]}},{"type":"Feature","properties":{"name":"Calle Gorgas","highway":"tertiary"},"geometry":{"type":"LineString","coordinates":[[-79.554214,8.961088],[-79.554276,8.961048],[-79.554377,8.960931],[-79.554583,8.960778],[-79.554739,8.960731],[-79.554906,8.960714]]}},{"type":"Feature","properties":{"name":"Calle Juan Mendoza","highway":"residential"},"geometry":{"type":"LineString","coordinates":[[-79.537506,8.954831],[-79.537511,8.954857],[-79.537577,8.955197]]}},{"type":"Feature","properties":{"name":"Calle 15 Este","highway":"residential"},"geometry":{"type":"LineString","coordinates":[[-79.539088,8.956573],[-79.539274,8.956528],[-79.53947,8.956476],[-79.539767,8.956348],[-79.539795,8.956335],[-79.539836,8.956316]]}},{"type":"Feature","properties":{"name":"Calle 9a Este","highway":"tertiary"},"geometry":{"type":"LineString","coordinates":[[-79.536402,8.952493],[-79.536427,8.952177],[-79.536431,8.952135]]}},{"type":"Feature","properties":{"name":"Calle 9a Este","highway":"tertiary"},"geometry":{"type":"LineString","coordinates":[[-79.536315,8.953325],[-79.536317,8.9533],[-79.536369,8.952805],[-79.536402,8.952493]]}},{"type":"Feature","properties":{"name":"Calle B","highway":"residential"},"geometry":{"type":"LineString","coordinates":[[-79.547992,8.952012],[-79.547814,8.952072],[-79.547646,8.952128],[-79.547343,8.952229],[-79.547063,8.95232]]}},{"type":"Feature","properties":{"name":"Calle 14 Oeste","highway":"residential"},"geometry":{"type":"LineString","coordinates":[[-79.539317,8.95087],[-79.539461,8.951074],[-79.539535,8.95186],[-79.539563,8.952155],[-79.539625,8.952808],[-79.539682,8.953613]]}},{"type":"Feature","properties":{"name":"Calle 14 Oeste","highway":"residential"},"geometry":{"type":"LineString","coordinates":[[-79.539735,8.954217],[-79.539717,8.954031],[-79.539682,8.953613]]}},{"type":"Feature","properties":{"name":"Calle I","highway":"residential"},"geometry":{"type":"LineString","coordinates":[[-79.54177,8.957507],[-79.541243,8.957111]]}},{"type":"Feature","properties":{"name":"Calle 18 Oeste","highway":"residential"},"geometry":{"type":"LineString","coordinates":[[-79.542662,8.954116],[-79.542722,8.954343]]}},{"type":"Feature","properties":{"name":"Avenida Eloy Alfaro","highway":"residential"},"geometry":{"type":"LineString","coordinates":[[-79.53431,8.954034],[-79.533833,8.954018],[-79.533726,8.954035]]}},{"type":"Feature","properties":{"name":"Calle Jerónimo de la Ossa","highway":"residential"},"geometry":{"type":"LineString","coordinates":[[-79.544155,8.954224],[-79.544745,8.954292],[-79.545101,8.954326],[-79.545357,8.954381],[-79.545498,8.954457],[-79.545573,8.954511],[-79.545962,8.954831]]}},{"type":"Feature","properties":{"name":"Calle 13 Oeste","highway":"residential"},"geometry":{"type":"LineString","coordinates":[[-79.538859,8.950715],[-79.538852,8.950571]]}},{"type":"Feature","properties":{"name":"Calle 18 Oeste","highway":"residential"},"geometry":{"type":"LineString","coordinates":[[-79.542722,8.954343],[-79.54285,8.954865],[-79.54292,8.955172],[-79.542905,8.955548]]}},{"type":"Feature","properties":{"name":"Calle Colón","highway":"residential"},"geometry":{"type":"LineString","coordinates":[[-79.538782,8.955415],[-79.538743,8.955284],[-79.538539,8.954596]]}},{"type":"Feature","properties":{"name":"Calle 20 de Diciembre","highway":"residential"},"geometry":{"type":"LineString","coordinates":[[-79.539512,8.95072],[-79.539752,8.950658]]}},{"type":"Feature","properties":{"name":"Calle C","highway":"residential"},"geometry":{"type":"LineString","coordinates":[[-79.540692,8.953602],[-79.540331,8.953604],[-79.540141,8.953605],[-79.539931,8.953609],[-79.539682,8.953613],[-79.539277,8.953632],[-79.539032,8.953643]]}},{"type":"Feature","properties":{"name":"Avenida Nicaragua","highway":"residential"},"geometry":{"type":"LineString","coordinates":[[-79.538567,8.96245],[-79.538853,8.962242],[-79.539179,8.962011],[-79.539415,8.961841],[-79.539787,8.961572],[-79.539825,8.961545]]}},{"type":"Feature","properties":{"name":"Calle 31 Este","highway":"residential"},"geometry":{"type":"LineString","coordinates":[[-79.534021,8.966144],[-79.534908,8.966659],[-79.535,8.96671],[-79.535296,8.966876],[-79.535606,8.967049],[-79.53566,8.967079],[-79.535949,8.96724],[-79.536926,8.967799],[-79.537355,8.968065],[-79.537793,8.968309],[-79.537902,8.96837],[-79.538838,8.96893]]}},{"type":"Feature","properties":{"name":"Avenida México","highway":"residential"},"geometry":{"type":"LineString","coordinates":[[-79.533587,8.969123],[-79.533922,8.968543],[-79.533962,8.968478],[-79.534319,8.967882],[-79.534646,8.967297],[-79.535,8.96671],[-79.535341,8.966119],[-79.535665,8.965542],[-79.535802,8.965297],[-79.536007,8.964931],[-79.536352,8.96435],[-79.536686,8.963766],[-79.537039,8.963191]]}},{"type":"Feature","properties":{"name":"Calle 26 Este","highway":"tertiary"},"geometry":{"type":"LineString","coordinates":[[-79.539582,8.965451],[-79.539187,8.96522],[-79.53901,8.965116],[-79.538622,8.964888]]}},{"type":"Feature","properties":{"name":"Avenida 1A Norte","highway":"residential"},"geometry":{"type":"LineString","coordinates":[[-79.541022,8.965788],[-79.540825,8.96638],[-79.540538,8.967326],[-79.540392,8.967883]]}},{"type":"Feature","properties":{"name":"Calle M","highway":"residential"},"geometry":{"type":"LineString","coordinates":[[-79.542943,8.964916],[-79.542443,8.964477],[-79.542011,8.96409],[-79.541438,8.963609],[-79.540584,8.963451]]}},{"type":"Feature","properties":{"name":"Calle M","highway":"pedestrian"},"geometry":{"type":"LineString","coordinates":[[-79.540584,8.963451],[-79.540472,8.963437],[-79.539874,8.963292]]}},{"type":"Feature","properties":{"name":null,"highway":"secondary_link"},"geometry":{"type":"LineString","coordinates":[[-79.539458,8.964836],[-79.539226,8.965166],[-79.539187,8.96522]]}},{"type":"Feature","properties":{"name":"Holden Place","highway":"residential"},"geometry":{"type":"LineString","coordinates":[[-79.554921,8.954832],[-79.554872,8.955192]]}},{"type":"Feature","properties":{"name":null,"highway":"secondary_link"},"geometry":{"type":"LineString","coordinates":[[-79.552674,8.940933],[-79.552603,8.940977],[-79.552544,8.941027]]}},{"type":"Feature","properties":{"name":"Calle Gorgas","highway":"tertiary"},"geometry":{"type":"LineString","coordinates":[[-79.552784,8.959516],[-79.552836,8.959514],[-79.552919,8.959524],[-79.553074,8.959588],[-79.553157,8.959622],[-79.553347,8.959676],[-79.553651,8.959707],[-79.553988,8.959701],[-79.554146,8.959698],[-79.554171,8.959696],[-79.554188,8.9597],[-79.554244,8.959715],[-79.554313,8.959757],[-79.554352,8.95981],[-79.554363,8.959869],[-79.554354,8.959938],[-79.554324,8.95999],[-79.554252,8.960061],[-79.55416,8.960144],[-79.554096,8.960216],[-79.554036,8.960296],[-79.554001,8.960368],[-79.553997,8.960399],[-79.553986,8.960497],[-79.553991,8.96092],[-79.554006,8.960992],[-79.554042,8.961042],[-79.554097,8.961083],[-79.554142,8.961095],[-79.554214,8.961088]]}},{"type":"Feature","properties":{"name":"Calle Tomás Guardia","highway":"residential"},"geometry":{"type":"LineString","coordinates":[[-79.544485,8.961431],[-79.544744,8.961547],[-79.544865,8.961609],[-79.545009,8.961672],[-79.545568,8.962013],[-79.545688,8.96209],[-79.54617,8.962269],[-79.546263,8.962302],[-79.546305,8.962317],[-79.54682,8.962516],[-79.547003,8.962592],[-79.547228,8.96275],[-79.547307,8.962836],[-79.547392,8.962928],[-79.548144,8.964154],[-79.548309,8.964227],[-79.548373,8.96423],[-79.549009,8.964049],[-79.549333,8.963907],[-79.549591,8.963832],[-79.549867,8.963782],[-79.550132,8.96375],[-79.550366,8.963758],[-79.550559,8.963814],[-79.550694,8.963909],[-79.550839,8.964103],[-79.550994,8.964308],[-79.551213,8.964388],[-79.551401,8.964378],[-79.551549,8.964317],[-79.551669,8.964225],[-79.551787,8.964052],[-79.551818,8.963836],[-79.551842,8.963434],[-79.551852,8.96334],[-79.551874,8.963061],[-79.552026,8.962881],[-79.552412,8.962652],[-79.552669,8.962525],[-79.553382,8.962533],[-79.553618,8.962482],[-79.553712,8.962396],[-79.553768,8.962293],[-79.553879,8.962065],[-79.553968,8.961777],[-79.554043,8.961561]]}},{"type":"Feature","properties":{"name":"Calle Chame","highway":"service"},"geometry":{"type":"LineString","coordinates":[[-79.544606,8.962537],[-79.544722,8.96234],[-79.544796,8.962163],[-79.544818,8.961999],[-79.545034,8.962053]]}},{"type":"Feature","properties":{"name":"Calle Venedo","highway":"service"},"geometry":{"type":"LineString","coordinates":[[-79.544668,8.963701],[-79.545054,8.963684]]}},{"type":"Feature","properties":{"name":"Calle Dauprat","highway":"residential"},"geometry":{"type":"LineString","coordinates":[[-79.551222,8.951841],[-79.551303,8.951904],[-79.551477,8.951957]]}},{"type":"Feature","properties":{"name":null,"highway":"footway"},"geometry":{"type":"LineString","coordinates":[[-79.546189,8.966194],[-79.546114,8.965846]]}},{"type":"Feature","properties":{"name":"Avenida Haití","highway":"residential"},"geometry":{"type":"LineString","coordinates":[[-79.537751,8.961325],[-79.536577,8.962149]]}},{"type":"Feature","properties":{"name":"Avenida México","highway":"residential"},"geometry":{"type":"LineString","coordinates":[[-79.537039,8.963191],[-79.537321,8.96264],[-79.537316,8.962572]]}},{"type":"Feature","properties":{"name":"Avenida México","highway":"residential"},"geometry":{"type":"LineString","coordinates":[[-79.537316,8.962572],[-79.537257,8.962609],[-79.536943,8.96313],[-79.536609,8.963722],[-79.536276,8.9643],[-79.535935,8.964896],[-79.535585,8.965492],[-79.535259,8.966072],[-79.534908,8.966659],[-79.534568,8.967249],[-79.534236,8.967834],[-79.533879,8.968432],[-79.533846,8.968498],[-79.533517,8.969093]]}},{"type":"Feature","properties":{"name":"Avenida Balboa Viaducto","highway":"trunk"},"geometry":{"type":"LineString","coordinates":[[-79.536564,8.959929],[-79.536512,8.960031],[-79.536464,8.960153],[-79.536405,8.960339]]}},{"type":"Feature","properties":{"name":"Avenida Balboa Viaducto","highway":"trunk"},"geometry":{"type":"LineString","coordinates":[[-79.538079,8.959896],[-79.538735,8.960176],[-79.538863,8.960238],[-79.538956,8.960304],[-79.539066,8.9604],[-79.539155,8.960511],[-79.539389,8.960848]]}},{"type":"Feature","properties":{"name":null,"highway":"trunk_link"},"geometry":{"type":"LineString","coordinates":[[-79.536059,8.961957],[-79.536033,8.961929],[-79.536,8.961909],[-79.535949,8.961896],[-79.535908,8.961899],[-79.535871,8.961907],[-79.535839,8.961921],[-79.53576,8.961985],[-79.535602,8.962167]]}},{"type":"Feature","properties":{"name":"Avenida Omar Torrijos Herrera","highway":"trunk"},"geometry":{"type":"LineString","coordinates":[[-79.54282,8.964675],[-79.543285,8.965025],[-79.543747,8.96541],[-79.54388,8.965507]]}},{"type":"Feature","properties":{"name":"Avenida Omar Torrijos Herrera","highway":"trunk"},"geometry":{"type":"LineString","coordinates":[[-79.54388,8.965507],[-79.544174,8.965698]]}},{"type":"Feature","properties":{"name":"Avenida Omar Torrijos Herrera","highway":"trunk"},"geometry":{"type":"LineString","coordinates":[[-79.544174,8.965698],[-79.544376,8.965798],[-79.544585,8.965883],[-79.544799,8.965954],[-79.545018,8.96601],[-79.54524,8.96605],[-79.545398,8.966069],[-79.545555,8.966081],[-79.545714,8.966084],[-79.545872,8.96608]]}},{"type":"Feature","properties":{"name":"Calle N","highway":"residential"},"geometry":{"type":"LineString","coordinates":[[-79.541656,8.965633],[-79.541755,8.965268],[-79.541569,8.964719],[-79.54152,8.964658],[-79.541417,8.964529]]}},{"type":"Feature","properties":{"name":null,"highway":"secondary_link"},"geometry":{"type":"LineString","coordinates":[[-79.540655,8.962975],[-79.540658,8.962852],[-79.540655,8.962824],[-79.540652,8.9628],[-79.540645,8.962778],[-79.540634,8.96276],[-79.540617,8.962741],[-79.540599,8.96273],[-79.540576,8.962723],[-79.540552,8.962722],[-79.540533,8.962726],[-79.540516,8.962731],[-79.540481,8.962743]]}},{"type":"Feature","properties":{"name":"Avenida Central","highway":"secondary"},"geometry":{"type":"LineString","coordinates":[[-79.540655,8.962975],[-79.540716,8.962645]]}},{"type":"Feature","properties":{"name":"Avenida Justo Arosemena","highway":"tertiary"},"geometry":{"type":"LineString","coordinates":[[-79.537649,8.964315],[-79.537316,8.964893],[-79.536966,8.96547],[-79.536606,8.966077],[-79.536283,8.966652]]}},{"type":"Feature","properties":{"name":null,"highway":"pedestrian"},"geometry":{"type":"LineString","coordinates":[[-79.537577,8.955197],[-79.537572,8.955289],[-79.537552,8.955387],[-79.537516,8.955468],[-79.53746,8.955568],[-79.537745,8.956459]]}},{"type":"Feature","properties":{"name":null,"highway":"pedestrian"},"geometry":{"type":"LineString","coordinates":[[-79.537745,8.956459],[-79.537458,8.956505]]}},{"type":"Feature","properties":{"name":null,"highway":"footway"},"geometry":{"type":"LineString","coordinates":[[-79.543005,8.962034],[-79.543009,8.961794],[-79.542724,8.961813],[-79.542587,8.96157]]}},{"type":"Feature","properties":{"name":"Avenida B","highway":"tertiary"},"geometry":{"type":"LineString","coordinates":[[-79.537694,8.953606],[-79.537794,8.953879],[-79.537818,8.953986],[-79.537974,8.954728],[-79.538243,8.955618],[-79.538633,8.956668],[-79.539251,8.957998],[-79.539288,8.958084],[-79.539399,8.958341],[-79.539445,8.958426],[-79.539591,8.958772],[-79.53964,8.958836],[-79.539786,8.958905],[-79.540082,8.959043],[-79.540129,8.959154],[-79.54026,8.959466],[-79.540387,8.959771]]}},{"type":"Feature","properties":{"name":null,"highway":"service"},"geometry":{"type":"LineString","coordinates":[[-79.53964,8.958836],[-79.539633,8.958961],[-79.539622,8.959014],[-79.539585,8.959031],[-79.53967,8.959292]]}},{"type":"Feature","properties":{"name":null,"highway":"footway"},"geometry":{"type":"LineString","coordinates":[[-79.532097,8.951218],[-79.532215,8.951208]]}},{"type":"Feature","properties":{"name":null,"highway":"service"},"geometry":{"type":"LineString","coordinates":[[-79.532335,8.951244],[-79.532215,8.951208]]}},{"type":"Feature","properties":{"name":null,"highway":"steps"},"geometry":{"type":"LineString","coordinates":[[-79.532012,8.951072],[-79.532042,8.951121],[-79.532097,8.951218]]}},{"type":"Feature","properties":{"name":"Calle 20 Este","highway":"residential"},"geometry":{"type":"LineString","coordinates":[[-79.54026,8.959466],[-79.541184,8.959248],[-79.541229,8.959239],[-79.541273,8.959233]]}},{"type":"Feature","properties":{"name":"Calle 16 Este","highway":"residential"},"geometry":{"type":"LineString","coordinates":[[-79.540885,8.95728],[-79.540826,8.957179],[-79.540794,8.956896],[-79.540601,8.955964],[-79.540595,8.955675],[-79.540633,8.955011],[-79.540635,8.954978],[-79.54064,8.954882],[-79.540647,8.954788],[-79.540689,8.954204],[-79.540716,8.953677],[-79.540692,8.953602]]}},{"type":"Feature","properties":{"name":"Avenida México","highway":"tertiary"},"geometry":{"type":"LineString","coordinates":[[-79.539556,8.960887],[-79.539626,8.96083],[-79.539752,8.960746],[-79.5399,8.960642],[-79.539962,8.960598],[-79.540023,8.960564],[-79.540106,8.960529],[-79.54055,8.960432],[-79.540624,8.960385]]}},{"type":"Feature","properties":{"name":"Calle 28 Este","highway":"residential"},"geometry":{"type":"LineString","coordinates":[[-79.537939,8.966024],[-79.536966,8.96547],[-79.536007,8.964931],[-79.535935,8.964896],[-79.535521,8.964659],[-79.535024,8.964376]]}},{"type":"Feature","properties":{"name":"Calle 27 Este","highway":"residential"},"geometry":{"type":"LineString","coordinates":[[-79.53828,8.965445],[-79.538724,8.965709],[-79.539277,8.96602],[-79.539911,8.96637]]}},{"type":"Feature","properties":{"name":null,"highway":"footway"},"geometry":{"type":"LineString","coordinates":[[-79.542998,8.959907],[-79.543,8.959861],[-79.542648,8.95985],[-79.54265,8.959783]]}},{"type":"Feature","properties":{"name":"Pearson Street","highway":"residential"},"geometry":{"type":"LineString","coordinates":[[-79.555835,8.953097],[-79.555879,8.953188],[-79.555914,8.953252],[-79.556042,8.953307],[-79.556262,8.953349],[-79.556461,8.953412],[-79.556546,8.953471],[-79.556583,8.953566],[-79.556604,8.953705]]}},{"type":"Feature","properties":{"name":"Avenida Roberto F. Chiari","highway":"residential"},"geometry":{"type":"LineString","coordinates":[[-79.55612,8.957936],[-79.556028,8.957928],[-79.555929,8.957957],[-79.555856,8.958033],[-79.555802,8.958084],[-79.555755,8.958134],[-79.555745,8.958144],[-79.555704,8.958202]]}},{"type":"Feature","properties":{"name":null,"highway":"service"},"geometry":{"type":"LineString","coordinates":[[-79.548783,8.962119],[-79.548354,8.961874],[-79.548014,8.96155]]}},{"type":"Feature","properties":{"name":"Calle Víctor Tejeira","highway":"residential"},"geometry":{"type":"LineString","coordinates":[[-79.553855,8.96333],[-79.553596,8.963037],[-79.553294,8.962917],[-79.552991,8.962939],[-79.552703,8.963031],[-79.552526,8.963172],[-79.552399,8.963525],[-79.552365,8.963806],[-79.552336,8.964043]]}},{"type":"Feature","properties":{"name":null,"highway":"residential"},"geometry":{"type":"LineString","coordinates":[[-79.550985,8.963416],[-79.551003,8.963365],[-79.550989,8.963312],[-79.550949,8.963275],[-79.550895,8.963265],[-79.550844,8.963285],[-79.550813,8.96333],[-79.55081,8.963384],[-79.550838,8.963431],[-79.550887,8.963456],[-79.550942,8.96345],[-79.550985,8.963416]]}},{"type":"Feature","properties":{"name":null,"highway":"living_street"},"geometry":{"type":"LineString","coordinates":[[-79.550156,8.962433],[-79.550213,8.962507],[-79.550198,8.962557],[-79.550116,8.962608],[-79.550063,8.962617],[-79.549978,8.962602]]}},{"type":"Feature","properties":{"name":null,"highway":"residential"},"geometry":{"type":"LineString","coordinates":[[-79.548921,8.962122],[-79.548831,8.962404]]}},{"type":"Feature","properties":{"name":null,"highway":"trunk_link"},"geometry":{"type":"LineString","coordinates":[[-79.54471,8.965514],[-79.544542,8.965598]]}},{"type":"Feature","properties":{"name":"Avenida Arnulfo Arias Madrid","highway":"primary"},"geometry":{"type":"LineString","coordinates":[[-79.556023,8.951983],[-79.555942,8.951906],[-79.555838,8.951819],[-79.55574,8.951745],[-79.555661,8.951689],[-79.555518,8.951595],[-79.555399,8.951521],[-79.555274,8.951451],[-79.555073,8.951343]]}},{"type":"Feature","properties":{"name":"Avenida Arnulfo Arias Madrid","highway":"primary"},"geometry":{"type":"LineString","coordinates":[[-79.553232,8.951017],[-79.55315,8.951034],[-79.553049,8.951061],[-79.552924,8.951103],[-79.55282,8.951145],[-79.552729,8.951186],[-79.552621,8.95124],[-79.552137,8.951494],[-79.552042,8.951542],[-79.551886,8.951614],[-79.551687,8.951693],[-79.551505,8.951762],[-79.551385,8.951798],[-79.551222,8.951841],[-79.551037,8.951885],[-79.550894,8.951912]]}},{"type":"Feature","properties":{"name":null,"highway":"trunk"},"geometry":{"type":"LineString","coordinates":[[-79.542841,8.959291],[-79.542881,8.959325],[-79.54293,8.959346],[-79.542982,8.959353],[-79.543035,8.959345],[-79.543054,8.959338],[-79.543073,8.959329],[-79.543091,8.959317],[-79.543125,8.959285],[-79.54315,8.959245],[-79.543164,8.959201],[-79.543166,8.959153],[-79.543155,8.959106],[-79.543132,8.959063],[-79.543096,8.959025],[-79.54305,8.958999],[-79.543,8.958987],[-79.542947,8.958989],[-79.542898,8.959005],[-79.542855,8.959034],[-79.542828,8.959065],[-79.542805,8.959108],[-79.542796,8.959149],[-79.542797,8.959199],[-79.542812,8.959247],[-79.542841,8.959291]]}},{"type":"Feature","properties":{"name":"Calle Roberto López Fábrega","highway":"tertiary"},"geometry":{"type":"LineString","coordinates":[[-79.543879,8.959689],[-79.543976,8.95989],[-79.544074,8.960061],[-79.544265,8.960402],[-79.544319,8.960481],[-79.544355,8.960582],[-79.544368,8.960618],[-79.544429,8.96103],[-79.544485,8.961431],[-79.544551,8.962013],[-79.544572,8.962161],[-79.544606,8.962537],[-79.544617,8.962755],[-79.544628,8.962943],[-79.544634,8.96306],[-79.544641,8.963188],[-79.544649,8.963334],[-79.544655,8.963446],[-79.544668,8.963701],[-79.544682,8.963999],[-79.544682,8.964336],[-79.54471,8.965514]]}},{"type":"Feature","properties":{"name":"Calle Gorgas","highway":"tertiary"},"geometry":{"type":"LineString","coordinates":[[-79.543091,8.959317],[-79.543165,8.959345],[-79.543263,8.959398],[-79.543352,8.959442],[-79.543433,8.959472]]}},{"type":"Feature","properties":{"name":"Calle 9a Oeste","highway":"residential"},"geometry":{"type":"LineString","coordinates":[[-79.536482,8.951681],[-79.536522,8.95112]]}},{"type":"Feature","properties":{"name":"Calle 9a Oeste","highway":"tertiary"},"geometry":{"type":"LineString","coordinates":[[-79.536431,8.952135],[-79.536475,8.95175],[-79.536482,8.951681]]}},{"type":"Feature","properties":{"name":"Avenida A","highway":"tertiary"},"geometry":{"type":"LineString","coordinates":[[-79.538501,8.951915],[-79.538243,8.951881],[-79.537987,8.951846]]}},{"type":"Feature","properties":{"name":"Avenida A","highway":"tertiary"},"geometry":{"type":"LineString","coordinates":[[-79.536482,8.951681],[-79.536462,8.951678],[-79.535903,8.95162]]}},{"type":"Feature","properties":{"name":"Calle 7a Oeste","highway":"residential"},"geometry":{"type":"LineString","coordinates":[[-79.534934,8.952826],[-79.534994,8.952352],[-79.53501,8.952225]]}},{"type":"Feature","properties":{"name":null,"highway":"pedestrian"},"geometry":{"type":"LineString","coordinates":[[-79.537047,8.952576],[-79.537074,8.95223],[-79.537043,8.952144]]}},{"type":"Feature","properties":{"name":"Calle 11 Oeste","highway":"residential"},"geometry":{"type":"LineString","coordinates":[[-79.537987,8.951846],[-79.538069,8.952368]]}},{"type":"Feature","properties":{"name":"Avenida A","highway":"tertiary"},"geometry":{"type":"LineString","coordinates":[[-79.537987,8.951846],[-79.537092,8.951748]]}},{"type":"Feature","properties":{"name":"Calle A","highway":"residential"},"geometry":{"type":"LineString","coordinates":[[-79.538941,8.952201],[-79.538506,8.952227]]}},{"type":"Feature","properties":{"name":"Avenida Central","highway":"residential"},"geometry":{"type":"LineString","coordinates":[[-79.53772,8.952941],[-79.537876,8.953022]]}},{"type":"Feature","properties":{"name":null,"highway":"service"},"geometry":{"type":"LineString","coordinates":[[-79.543861,8.954199],[-79.544018,8.954801]]}},{"type":"Feature","properties":{"name":"Avenida Eloy Alfaro","highway":"tertiary"},"geometry":{"type":"LineString","coordinates":[[-79.53687,8.954617],[-79.53681,8.95455],[-79.536608,8.954301],[-79.536573,8.954263],[-79.536356,8.954064],[-79.536256,8.953997],[-79.53621,8.953977],[-79.536039,8.953902]]}},{"type":"Feature","properties":{"name":"Calle 11 Oeste","highway":"residential"},"geometry":{"type":"LineString","coordinates":[[-79.538069,8.952368],[-79.538115,8.952582]]}},{"type":"Feature","properties":{"name":"Calle Colón","highway":"residential"},"geometry":{"type":"LineString","coordinates":[[-79.539088,8.956573],[-79.538782,8.955415]]}},{"type":"Feature","properties":{"name":"Calle 15 Este","highway":"residential"},"geometry":{"type":"LineString","coordinates":[[-79.540012,8.952747],[-79.540016,8.952857],[-79.540141,8.953605],[-79.540228,8.954195],[-79.540263,8.954526],[-79.540287,8.954777],[-79.540295,8.954865],[-79.5403,8.954957],[-79.540334,8.955676]]}},{"type":"Feature","properties":{"name":null,"highway":"residential"},"geometry":{"type":"LineString","coordinates":[[-79.53845,8.950818],[-79.538864,8.950792]]}},{"type":"Feature","properties":{"name":"Calle Darién","highway":"residential"},"geometry":{"type":"LineString","coordinates":[[-79.543567,8.956917],[-79.5438,8.95664],[-79.544055,8.956313],[-79.544218,8.956079]]}},{"type":"Feature","properties":{"name":"Avenida Amador","highway":"primary"},"geometry":{"type":"LineString","coordinates":[[-79.55555,8.947956],[-79.555159,8.946969],[-79.554861,8.946219],[-79.55479,8.946039]]}},{"type":"Feature","properties":{"name":"Cinta Costera","highway":"primary"},"geometry":{"type":"LineString","coordinates":[[-79.535214,8.957124],[-79.535396,8.957102],[-79.535626,8.957117],[-79.53583,8.957133],[-79.535963,8.957151],[-79.536179,8.95727]]}},{"type":"Feature","properties":{"name":null,"highway":"trunk_link"},"geometry":{"type":"LineString","coordinates":[[-79.535214,8.957124],[-79.535484,8.95718],[-79.535705,8.957253],[-79.535965,8.957392],[-79.536199,8.95757],[-79.536417,8.9578],[-79.53659,8.958041],[-79.536711,8.958149]]}},{"type":"Feature","properties":{"name":"Cinta Costera","highway":"trunk"},"geometry":{"type":"LineString","coordinates":[[-79.536375,8.957512],[-79.536432,8.957578],[-79.536483,8.957643],[-79.536515,8.957698],[-79.53656,8.957784],[-79.536588,8.957877],[-79.536646,8.958012],[-79.536711,8.958149],[-79.536737,8.958175],[-79.536811,8.958249],[-79.536875,8.958287],[-79.536896,8.958299],[-79.537037,8.958369],[-79.537452,8.958483]]}},{"type":"Feature","properties":{"name":null,"highway":"primary_link"},"geometry":{"type":"LineString","coordinates":[[-79.550498,8.947127],[-79.550686,8.947171],[-79.55075,8.947175],[-79.550792,8.947159],[-79.550818,8.947138],[-79.550842,8.947104],[-79.550853,8.94706],[-79.550843,8.947006],[-79.550822,8.946969],[-79.550797,8.946944],[-79.550765,8.946924],[-79.550706,8.946907],[-79.550399,8.946877],[-79.550218,8.946855],[-79.550086,8.946834]]}},{"type":"Feature","properties":{"name":null,"highway":"footway"},"geometry":{"type":"LineString","coordinates":[[-79.533836,8.960591],[-79.534017,8.960654],[-79.534126,8.960727],[-79.534204,8.960815],[-79.534274,8.960946],[-79.534292,8.961045],[-79.534292,8.961126],[-79.534277,8.961208],[-79.534229,8.961312],[-79.534094,8.961403],[-79.533959,8.961417],[-79.533855,8.961408],[-79.533814,8.961405],[-79.533668,8.961347],[-79.533583,8.961275]]}},{"type":"Feature","properties":{"name":null,"highway":"footway"},"geometry":{"type":"LineString","coordinates":[[-79.533817,8.961733],[-79.533914,8.961756],[-79.533992,8.96173],[-79.534146,8.961576],[-79.534231,8.9615],[-79.534324,8.961446],[-79.534464,8.961436],[-79.534556,8.961452],[-79.534709,8.961517],[-79.534805,8.96158],[-79.534864,8.961626],[-79.53499,8.961674],[-79.535179,8.961738],[-79.534875,8.962263],[-79.535169,8.962419],[-79.535182,8.962426]]}},{"type":"Feature","properties":{"name":null,"highway":"footway"},"geometry":{"type":"LineString","coordinates":[[-79.535702,8.960302],[-79.535651,8.960499],[-79.535558,8.960975],[-79.535544,8.961037],[-79.535486,8.961211],[-79.535359,8.961427],[-79.535179,8.961738]]}},{"type":"Feature","properties":{"name":null,"highway":"footway"},"geometry":{"type":"LineString","coordinates":[[-79.535486,8.961211],[-79.535402,8.960993],[-79.535365,8.96094],[-79.535272,8.960879],[-79.535156,8.960855],[-79.535006,8.960864],[-79.534876,8.960907],[-79.534774,8.960975],[-79.534726,8.961051],[-79.534691,8.961139],[-79.534685,8.961222],[-79.534695,8.961308],[-79.534751,8.961381],[-79.53487,8.961453],[-79.534805,8.96158]]}},{"type":"Feature","properties":{"name":null,"highway":"cycleway"},"geometry":{"type":"LineString","coordinates":[[-79.545425,8.942479],[-79.545302,8.941759],[-79.545286,8.941684],[-79.545269,8.941608],[-79.545262,8.941557],[-79.545249,8.941428],[-79.545245,8.941247],[-79.545233,8.940866],[-79.54522,8.94077],[-79.545189,8.940699],[-79.545064,8.940509],[-79.545028,8.940376],[-79.545031,8.940249],[-79.545056,8.940154],[-79.545064,8.940087],[-79.545059,8.940014],[-79.544989,8.939841],[-79.544894,8.939605],[-79.544899,8.939588],[-79.544865,8.939429],[-79.544833,8.939239],[-79.544816,8.939007],[-79.544814,8.938564],[-79.544861,8.937814],[-79.544834,8.937652],[-79.544849,8.937402],[-79.544887,8.937311],[-79.544897,8.937195],[-79.544942,8.936544],[-79.544958,8.936315],[-79.544964,8.936259],[-79.545145,8.934524],[-79.545071,8.93406],[-79.545056,8.933966],[-79.545019,8.933885],[-79.544973,8.93381],[-79.544943,8.933726],[-79.544941,8.933651],[-79.544934,8.933571],[-79.544921,8.933514],[-79.54491,8.933483],[-79.5449,8.933458],[-79.544673,8.933144],[-79.544527,8.93287],[-79.544349,8.932649],[-79.544218,8.932427],[-79.543852,8.931068],[-79.543706,8.930409],[-79.543651,8.930331],[-79.543564,8.930211],[-79.543487,8.930109],[-79.543463,8.930071],[-79.543451,8.930005],[-79.543436,8.929834],[-79.543405,8.929743],[-79.543384,8.929682],[-79.543338,8.929583],[-79.54179,8.927553],[-79.541611,8.927383],[-79.541443,8.927246],[-79.541341,8.927197],[-79.541116,8.92713],[-79.541021,8.927073],[-79.540951,8.926981],[-79.540911,8.926886],[-79.5409,8.926758],[-79.540915,8.926641],[-79.540896,8.926499],[-79.540826,8.926324],[-79.540707,8.926128],[-79.53999,8.925163],[-79.539585,8.924647],[-79.539362,8.924384],[-79.539065,8.924107],[-79.539021,8.924074],[-79.538964,8.924047],[-79.538887,8.92402],[-79.53875,8.923987],[-79.538653,8.92395],[-79.538573,8.923893],[-79.538519,8.923831],[-79.538475,8.923728],[-79.538464,8.923619],[-79.538475,8.923462],[-79.538447,8.923352],[-79.538393,8.923215],[-79.53831,8.92307],[-79.537999,8.922691],[-79.536686,8.921128],[-79.536339,8.920805],[-79.535978,8.920518],[-79.53575,8.920306],[-79.535556,8.92006],[-79.535343,8.919748],[-79.535049,8.919316],[-79.534168,8.918385],[-79.534023,8.918259],[-79.533936,8.918201],[-79.533847,8.918149],[-79.533622,8.918091],[-79.533556,8.918055],[-79.533512,8.917999],[-79.533488,8.917936],[-79.533463,8.917843],[-79.533424,8.917752],[-79.533335,8.917615],[-79.533195,8.917472],[-79.532783,8.917158],[-79.532603,8.917009],[-79.531956,8.916323],[-79.531618,8.916038],[-79.531361,8.915866],[-79.53102,8.915666],[-79.53084,8.915611],[-79.53052,8.915572],[-79.530307,8.915511],[-79.530082,8.9154],[-79.529933,8.915373],[-79.529246,8.915366]]}},{"type":"Feature","properties":{"name":null,"highway":"footway"},"geometry":{"type":"LineString","coordinates":[[-79.538815,8.950237],[-79.538744,8.95024],[-79.5387,8.950238],[-79.538685,8.95023],[-79.538629,8.950174],[-79.538624,8.950164],[-79.538618,8.950143],[-79.538618,8.950074],[-79.538607,8.949847],[-79.538597,8.949835],[-79.538584,8.94863],[-79.538325,8.948523]]}},{"type":"Feature","properties":{"name":null,"highway":"cycleway"},"geometry":{"type":"LineString","coordinates":[[-79.538325,8.948523],[-79.538105,8.948411],[-79.537601,8.948394],[-79.537053,8.948156],[-79.537209,8.947836],[-79.537332,8.947592],[-79.537389,8.947482]]}},{"type":"Feature","properties":{"name":"Cinta Costera","highway":"cycleway"},"geometry":{"type":"LineString","coordinates":[[-79.519247,8.974476],[-79.51946,8.974418],[-79.51971,8.974405],[-79.520804,8.974568],[-79.521427,8.97464],[-79.522026,8.974696],[-79.522564,8.97473],[-79.522783,8.97474],[-79.523016,8.974744],[-79.523326,8.974727],[-79.523555,8.974708],[-79.52381,8.974677],[-79.524127,8.974631],[-79.524466,8.974553],[-79.524544,8.974535],[-79.524929,8.974411],[-79.525082,8.974349],[-79.525221,8.974298],[-79.525356,8.974223],[-79.525423,8.974187],[-79.525452,8.974176],[-79.525468,8.97417],[-79.52553,8.974147],[-79.525846,8.974003],[-79.526066,8.973888],[-79.526302,8.973777],[-79.526434,8.973712],[-79.526611,8.973622],[-79.526793,8.973505],[-79.526991,8.973392],[-79.527147,8.973277],[-79.527266,8.973169],[-79.527387,8.973057],[-79.527584,8.972855],[-79.527699,8.972722],[-79.527832,8.972556],[-79.528002,8.972347],[-79.528228,8.971978],[-79.52854,8.971409],[-79.528573,8.971356],[-79.528747,8.971086],[-79.529058,8.970925],[-79.529151,8.970791],[-79.529153,8.97073],[-79.529113,8.970529],[-79.529121,8.970416],[-79.529455,8.969821],[-79.529949,8.969192],[-79.53009,8.969041],[-79.530636,8.968378],[-79.530844,8.968129],[-79.531006,8.96794],[-79.531097,8.967824],[-79.531143,8.96774],[-79.531179,8.967648],[-79.531197,8.967525],[-79.531198,8.967413],[-79.53115,8.967292],[-79.531103,8.967171],[-79.531095,8.96712],[-79.531086,8.967044],[-79.531099,8.96698],[-79.531145,8.96689],[-79.531178,8.966848],[-79.531203,8.966822],[-79.531266,8.966769],[-79.531338,8.966745],[-79.531421,8.966727],[-79.531533,8.96674],[-79.531627,8.966741],[-79.531728,8.966744],[-79.531805,8.966732],[-79.531877,8.966707],[-79.531975,8.966651],[-79.532054,8.966577],[-79.532206,8.966403],[-79.532523,8.966046],[-79.532723,8.96582],[-79.533162,8.96532],[-79.533412,8.965049],[-79.533661,8.964773],[-79.533931,8.964462],[-79.534145,8.96419],[-79.534248,8.964034],[-79.534335,8.963876],[-79.534433,8.963682],[-79.534801,8.963057],[-79.534992,8.962732],[-79.535003,8.962714],[-79.535114,8.962517],[-79.535169,8.962419],[-79.53533,8.962133],[-79.535419,8.96192],[-79.535635,8.961404],[-79.535741,8.961144],[-79.53575,8.961121],[-79.536131,8.960345]]}},{"type":"Feature","properties":{"name":null,"highway":"footway"},"geometry":{"type":"LineString","coordinates":[[-79.532977,8.957114],[-79.532957,8.957308],[-79.532945,8.957511],[-79.532939,8.957618],[-79.532928,8.957803],[-79.532934,8.957979],[-79.533004,8.95813],[-79.533043,8.95824],[-79.533098,8.958426],[-79.533104,8.958504],[-79.533095,8.95856],[-79.533051,8.958583],[-79.533002,8.958575],[-79.532986,8.958537]]}},{"type":"Feature","properties":{"name":null,"highway":"primary_link"},"geometry":{"type":"LineString","coordinates":[[-79.536433,8.956379],[-79.536369,8.956611],[-79.536334,8.956702],[-79.536287,8.956777],[-79.536229,8.956839],[-79.536176,8.956878],[-79.536113,8.956914],[-79.53603,8.956942],[-79.535927,8.956972],[-79.535823,8.956998],[-79.535718,8.957018]]}},{"type":"Feature","properties":{"name":null,"highway":"service"},"geometry":{"type":"LineString","coordinates":[[-79.535494,8.957],[-79.535383,8.956945],[-79.534316,8.956867],[-79.534089,8.956853],[-79.533963,8.956832],[-79.533897,8.956801],[-79.533878,8.956753],[-79.533899,8.95671],[-79.533948,8.956688],[-79.534012,8.956702],[-79.53409,8.956738],[-79.534215,8.956772]]}},{"type":"Feature","properties":{"name":null,"highway":"cycleway"},"geometry":{"type":"LineString","coordinates":[[-79.533782,8.956789],[-79.533335,8.956776]]}},{"type":"Feature","properties":{"name":null,"highway":"service"},"geometry":{"type":"LineString","coordinates":[[-79.534215,8.956772],[-79.535753,8.95688],[-79.535887,8.956868],[-79.535945,8.95686],[-79.535996,8.956844],[-79.53604,8.956827],[-79.536083,8.956809],[-79.536126,8.956785],[-79.536161,8.956761],[-79.536192,8.956736],[-79.536228,8.956687],[-79.536255,8.956632],[-79.536285,8.956527],[-79.536294,8.956433],[-79.536287,8.956345],[-79.536272,8.956264],[-79.536242,8.956169],[-79.536175,8.956038],[-79.53615,8.955987],[-79.53615,8.955956],[-79.536173,8.955932],[-79.53625,8.955885]]}},{"type":"Feature","properties":{"name":"Calle Víctor Tejeira","highway":"residential"},"geometry":{"type":"LineString","coordinates":[[-79.552849,8.964407],[-79.552336,8.964043]]}},{"type":"Feature","properties":{"name":"Calle Víctor Tejeira","highway":"residential"},"geometry":{"type":"LineString","coordinates":[[-79.552336,8.964043],[-79.552162,8.963928],[-79.552054,8.96381],[-79.551959,8.963638],[-79.551842,8.963434]]}},{"type":"Feature","properties":{"name":null,"highway":"footway"},"geometry":{"type":"LineString","coordinates":[[-79.537416,8.94744],[-79.538046,8.947734],[-79.538557,8.947943],[-79.538919,8.948168],[-79.539307,8.948319],[-79.539459,8.948312],[-79.539724,8.948407],[-79.539932,8.948465],[-79.540052,8.94849],[-79.540272,8.948501],[-79.540399,8.948487],[-79.540548,8.948451],[-79.540725,8.948383],[-79.540983,8.9483],[-79.541264,8.948222],[-79.541323,8.948205],[-79.541542,8.948142],[-79.542044,8.94798],[-79.542866,8.947895],[-79.543024,8.947838],[-79.543079,8.94783],[-79.543165,8.94782],[-79.5434,8.947811],[-79.543519,8.947807]]}},{"type":"Feature","properties":{"name":null,"highway":"footway"},"geometry":{"type":"LineString","coordinates":[[-79.549435,8.945027],[-79.550033,8.945174],[-79.550101,8.945266],[-79.550192,8.945424],[-79.550199,8.94558],[-79.550191,8.94592],[-79.550167,8.946174],[-79.550135,8.9463],[-79.550054,8.946614],[-79.549992,8.946676],[-79.549954,8.946686],[-79.549789,8.94666],[-79.549634,8.946611],[-79.549433,8.946548],[-79.549338,8.946532],[-79.549204,8.94651],[-79.548989,8.946504],[-79.548909,8.946503],[-79.548842,8.946496],[-79.548779,8.946507],[-79.548691,8.946458]]}},{"type":"Feature","properties":{"name":null,"highway":"footway"},"geometry":{"type":"LineString","coordinates":[[-79.541489,8.949395],[-79.541527,8.949364],[-79.541545,8.949321],[-79.541564,8.949295],[-79.541583,8.949283],[-79.541642,8.94926],[-79.542052,8.949135],[-79.542658,8.948947]]}},{"type":"Feature","properties":{"name":null,"highway":"footway"},"geometry":{"type":"LineString","coordinates":[[-79.5425,8.948467],[-79.542347,8.948521],[-79.542256,8.948548],[-79.542227,8.948564],[-79.542216,8.948574],[-79.542207,8.94859],[-79.542206,8.94861],[-79.542208,8.948626],[-79.542214,8.948637],[-79.542223,8.948649],[-79.542242,8.948658],[-79.542267,8.948661],[-79.542329,8.948663],[-79.542397,8.948661],[-79.542468,8.948652],[-79.542499,8.948643],[-79.542527,8.948631],[-79.542595,8.948575]]}},{"type":"Feature","properties":{"name":null,"highway":"footway"},"geometry":{"type":"LineString","coordinates":[[-79.542658,8.948947],[-79.5425,8.948467],[-79.54239,8.948124],[-79.543075,8.947897],[-79.543538,8.94787]]}},{"type":"Feature","properties":{"name":null,"highway":"footway"},"geometry":{"type":"LineString","coordinates":[[-79.543218,8.948842],[-79.543247,8.948833],[-79.544084,8.948565],[-79.54485,8.948317],[-79.545433,8.948127],[-79.546655,8.947723],[-79.547218,8.947551],[-79.547845,8.947347],[-79.548005,8.947289],[-79.548141,8.947244],[-79.548683,8.94708],[-79.548679,8.947058]]}},{"type":"Feature","properties":{"name":null,"highway":"footway"},"geometry":{"type":"LineString","coordinates":[[-79.548049,8.947099],[-79.548021,8.947039],[-79.54797,8.946997],[-79.5479,8.946993],[-79.547834,8.947012],[-79.547801,8.947048],[-79.547789,8.947094],[-79.547803,8.947148],[-79.547831,8.947169],[-79.547884,8.947198],[-79.548709,8.946987],[-79.548885,8.946811],[-79.54889,8.945994]]}},{"type":"Feature","properties":{"name":null,"highway":"footway"},"geometry":{"type":"LineString","coordinates":[[-79.54889,8.945994],[-79.548792,8.945895],[-79.548718,8.945972],[-79.548689,8.946027]]}},{"type":"Feature","properties":{"name":"Calle 20 A Oeste","highway":"residential"},"geometry":{"type":"LineString","coordinates":[[-79.542552,8.949837],[-79.542834,8.950727]]}},{"type":"Feature","properties":{"name":null,"highway":"residential"},"geometry":{"type":"LineString","coordinates":[[-79.539717,8.954031],[-79.539074,8.954164],[-79.5388,8.954221],[-79.53873,8.954237]]}},{"type":"Feature","properties":{"name":null,"highway":"trunk_link"},"geometry":{"type":"LineString","coordinates":[[-79.547112,8.965725],[-79.54705,8.965751],[-79.547017,8.965772],[-79.546992,8.965796],[-79.546977,8.96582],[-79.546968,8.965846],[-79.546969,8.965877],[-79.546979,8.965909],[-79.546992,8.965934],[-79.547009,8.965955],[-79.547037,8.965979],[-79.547071,8.966],[-79.547106,8.966017],[-79.547173,8.966042],[-79.547245,8.966066]]}},{"type":"Feature","properties":{"name":null,"highway":"tertiary_link"},"geometry":{"type":"LineString","coordinates":[[-79.53849,8.958467],[-79.538524,8.958427],[-79.538519,8.958399],[-79.538501,8.958379],[-79.538479,8.958382],[-79.538429,8.958404]]}},{"type":"Feature","properties":{"name":null,"highway":"service"},"geometry":{"type":"LineString","coordinates":[[-79.538342,8.961888],[-79.539282,8.961207]]}},{"type":"Feature","properties":{"name":null,"highway":"service"},"geometry":{"type":"LineString","coordinates":[[-79.539486,8.961413],[-79.539564,8.961524],[-79.539571,8.96156],[-79.539563,8.961603],[-79.539539,8.961639],[-79.539195,8.961877],[-79.538683,8.962231],[-79.538645,8.962245],[-79.538608,8.962245],[-79.53857,8.962226],[-79.538495,8.962136]]}},{"type":"Feature","properties":{"name":null,"highway":"service"},"geometry":{"type":"LineString","coordinates":[[-79.538495,8.962136],[-79.539486,8.961413]]}},{"type":"Feature","properties":{"name":"Avenida B","highway":"tertiary"},"geometry":{"type":"LineString","coordinates":[[-79.540387,8.959771],[-79.54051,8.960087],[-79.540596,8.960305],[-79.540624,8.960385]]}},{"type":"Feature","properties":{"name":"Calle Estudiante","highway":"residential"},"geometry":{"type":"LineString","coordinates":[[-79.54181,8.96067],[-79.541926,8.960396],[-79.541961,8.960258],[-79.541969,8.95956],[-79.541973,8.959365],[-79.542147,8.958962]]}},{"type":"Feature","properties":{"name":"Avenida Central","highway":"pedestrian"},"geometry":{"type":"LineString","coordinates":[[-79.539836,8.956316],[-79.539734,8.956167],[-79.539548,8.955843]]}},{"type":"Feature","properties":{"name":"Calle Coclé","highway":"residential"},"geometry":{"type":"LineString","coordinates":[[-79.536807,8.956625],[-79.537145,8.956553],[-79.537458,8.956505]]}},{"type":"Feature","properties":{"name":"Avenida Central","highway":"pedestrian"},"geometry":{"type":"LineString","coordinates":[[-79.540014,8.956588],[-79.539836,8.956316]]}},{"type":"Feature","properties":{"name":"Avenida Central","highway":"pedestrian"},"geometry":{"type":"LineString","coordinates":[[-79.539548,8.955843],[-79.539531,8.955815],[-79.53915,8.955092],[-79.538864,8.954523]]}},{"type":"Feature","properties":{"name":"Avenida Central","highway":"pedestrian"},"geometry":{"type":"LineString","coordinates":[[-79.538864,8.954523],[-79.53873,8.954237],[-79.538477,8.9537],[-79.538463,8.953641]]}},{"type":"Feature","properties":{"name":"Calle Juan Mendoza","highway":"residential"},"geometry":{"type":"LineString","coordinates":[[-79.537577,8.955197],[-79.537634,8.955211],[-79.537684,8.955281],[-79.53783,8.955772]]}},{"type":"Feature","properties":{"name":"Calle 19","highway":"residential"},"geometry":{"type":"LineString","coordinates":[[-79.54162,8.950136],[-79.541512,8.949817],[-79.541402,8.949493]]}},{"type":"Feature","properties":{"name":"Prospero Piñel","highway":"residential"},"geometry":{"type":"LineString","coordinates":[[-79.540659,8.951235],[-79.541289,8.951067],[-79.541936,8.950889]]}},{"type":"Feature","properties":{"name":"Calle 13 Oeste","highway":"residential"},"geometry":{"type":"LineString","coordinates":[[-79.538852,8.950571],[-79.53883,8.950276],[-79.538815,8.950237],[-79.538806,8.95022]]}},{"type":"Feature","properties":{"name":"Calle 12 Oeste","highway":"residential"},"geometry":{"type":"LineString","coordinates":[[-79.538435,8.950507],[-79.538438,8.950581],[-79.53845,8.950818],[-79.538469,8.95123]]}},{"type":"Feature","properties":{"name":"Avenida A","highway":"tertiary"},"geometry":{"type":"LineString","coordinates":[[-79.547782,8.951234],[-79.547494,8.951218],[-79.54714,8.951189]]}},{"type":"Feature","properties":{"name":"Avenida de los Poetas","highway":"residential"},"geometry":{"type":"LineString","coordinates":[[-79.54548,8.948233],[-79.546519,8.94789],[-79.546677,8.947837],[-79.546713,8.947826],[-79.547121,8.947694],[-79.54729,8.947639],[-79.547763,8.947486],[-79.548106,8.947375]]}},{"type":"Feature","properties":{"name":"Avenida de los Poetas","highway":"residential"},"geometry":{"type":"LineString","coordinates":[[-79.543289,8.948946],[-79.543645,8.948831],[-79.544377,8.948591],[-79.545009,8.948385],[-79.54548,8.948233]]}},{"type":"Feature","properties":{"name":null,"highway":"primary_link"},"geometry":{"type":"LineString","coordinates":[[-79.541004,8.949209],[-79.541101,8.949237],[-79.541147,8.949258],[-79.541202,8.949286],[-79.541286,8.949346],[-79.541341,8.949399],[-79.541377,8.949454],[-79.541402,8.949493]]}},{"type":"Feature","properties":{"name":null,"highway":"primary_link"},"geometry":{"type":"LineString","coordinates":[[-79.541402,8.949493],[-79.541422,8.94939],[-79.541438,8.949322],[-79.541449,8.949294],[-79.541472,8.949256],[-79.541639,8.949138]]}},{"type":"Feature","properties":{"name":"Avenida de los Poetas","highway":"residential"},"geometry":{"type":"LineString","coordinates":[[-79.541484,8.949468],[-79.541402,8.949493]]}},{"type":"Feature","properties":{"name":null,"highway":"trunk_link"},"geometry":{"type":"LineString","coordinates":[[-79.541325,8.962834],[-79.541429,8.962981],[-79.541489,8.963102],[-79.541545,8.963214],[-79.541648,8.963476],[-79.541674,8.963542],[-79.541742,8.963622],[-79.54184,8.963728],[-79.541951,8.963807],[-79.542107,8.963875],[-79.542376,8.963967],[-79.54252,8.963994],[-79.542647,8.963996],[-79.54277,8.963979]]}},{"type":"Feature","properties":{"name":"Avenida Balboa Viaducto","highway":"trunk"},"geometry":{"type":"LineString","coordinates":[[-79.540913,8.962379],[-79.540992,8.962423],[-79.541085,8.96248],[-79.54115,8.962544],[-79.541192,8.962592],[-79.541325,8.962834]]}},{"type":"Feature","properties":{"name":"Avenida Balboa Viaducto","highway":"trunk"},"geometry":{"type":"LineString","coordinates":[[-79.540159,8.961979],[-79.540246,8.962081],[-79.540325,8.96215],[-79.540415,8.962198],[-79.540515,8.962241],[-79.540808,8.962335],[-79.540913,8.962379]]}},{"type":"Feature","properties":{"name":"Avenida Balboa Viaducto","highway":"trunk"},"geometry":{"type":"LineString","coordinates":[[-79.540969,8.962332],[-79.540773,8.962266],[-79.540619,8.96221],[-79.540492,8.962153],[-79.540396,8.962095],[-79.540312,8.962028],[-79.540225,8.961934]]}},{"type":"Feature","properties":{"name":"Avenida Balboa Viaducto","highway":"trunk"},"geometry":{"type":"LineString","coordinates":[[-79.541641,8.963081],[-79.541565,8.962919],[-79.541487,8.962764],[-79.541405,8.962646],[-79.541325,8.962556],[-79.541226,8.962469],[-79.541129,8.962404],[-79.541048,8.962363],[-79.540969,8.962332]]}},{"type":"Feature","properties":{"name":"Avenida Balboa Viaducto","highway":"trunk"},"geometry":{"type":"LineString","coordinates":[[-79.53967,8.961136],[-79.539363,8.960665]]}},{"type":"Feature","properties":{"name":"Avenida Balboa Viaducto","highway":"trunk"},"geometry":{"type":"LineString","coordinates":[[-79.540225,8.961934],[-79.539879,8.961455],[-79.53967,8.961136]]}},{"type":"Feature","properties":{"name":"Avenida Balboa Viaducto","highway":"trunk"},"geometry":{"type":"LineString","coordinates":[[-79.539593,8.961161],[-79.540159,8.961979]]}},{"type":"Feature","properties":{"name":"Avenida Balboa Viaducto","highway":"trunk"},"geometry":{"type":"LineString","coordinates":[[-79.539389,8.960848],[-79.539593,8.961161]]}},{"type":"Feature","properties":{"name":"Avenida Balboa Viaducto","highway":"trunk"},"geometry":{"type":"LineString","coordinates":[[-79.53729,8.959622],[-79.537411,8.959639],[-79.537548,8.95968],[-79.538079,8.959896]]}},{"type":"Feature","properties":{"name":"Avenida Balboa Viaducto","highway":"trunk"},"geometry":{"type":"LineString","coordinates":[[-79.538125,8.95983],[-79.537579,8.959603],[-79.537431,8.959555],[-79.537293,8.959534],[-79.537142,8.959545],[-79.536996,8.959582],[-79.536854,8.959647],[-79.536736,8.959722],[-79.536633,8.959829],[-79.536564,8.959929]]}},{"type":"Feature","properties":{"name":null,"highway":"trunk_link"},"geometry":{"type":"LineString","coordinates":[[-79.538237,8.959782],[-79.537977,8.959675],[-79.537712,8.959565],[-79.537444,8.959461],[-79.537348,8.959437],[-79.537249,8.959428]]}},{"type":"Feature","properties":{"name":null,"highway":"trunk_link"},"geometry":{"type":"LineString","coordinates":[[-79.539001,8.960121],[-79.538237,8.959782]]}},{"type":"Feature","properties":{"name":"Avenida Omar Torrijos Herrera","highway":"trunk"},"geometry":{"type":"LineString","coordinates":[[-79.546213,8.965872],[-79.546085,8.965908],[-79.545969,8.965927],[-79.545802,8.965941],[-79.545673,8.965945],[-79.545576,8.965938]]}},{"type":"Feature","properties":{"name":null,"highway":"trunk_link"},"geometry":{"type":"LineString","coordinates":[[-79.553524,8.947177],[-79.552604,8.947012]]}},{"type":"Feature","properties":{"name":null,"highway":"primary_link"},"geometry":{"type":"LineString","coordinates":[[-79.542804,8.948736],[-79.543005,8.948748],[-79.543095,8.948763],[-79.543155,8.948789],[-79.543184,8.948809],[-79.543218,8.948842],[-79.543247,8.948877]]}},{"type":"Feature","properties":{"name":null,"highway":"primary_link"},"geometry":{"type":"LineString","coordinates":[[-79.543579,8.948493],[-79.543687,8.948403],[-79.543719,8.948352],[-79.543738,8.948302],[-79.543738,8.948257],[-79.543723,8.948215],[-79.543692,8.948178],[-79.543648,8.948149],[-79.543494,8.948089]]}},{"type":"Feature","properties":{"name":"Avenida Balboa","highway":"secondary"},"geometry":{"type":"LineString","coordinates":[[-79.537568,8.959836],[-79.537661,8.959641],[-79.537683,8.959595],[-79.537776,8.959413]]}},{"type":"Feature","properties":{"name":"Avenida Justo Arosemena","highway":"residential"},"geometry":{"type":"LineString","coordinates":[[-79.540295,8.961994],[-79.540556,8.961828],[-79.540592,8.961806],[-79.54063,8.961793],[-79.540682,8.961783],[-79.540782,8.961768]]}},{"type":"Feature","properties":{"name":"Avenida Amador","highway":"primary"},"geometry":{"type":"LineString","coordinates":[[-79.55479,8.946039],[-79.554763,8.945974]]}},{"type":"Feature","properties":{"name":"Calle 24A Este","highway":"residential"},"geometry":{"type":"LineString","coordinates":[[-79.536343,8.962023],[-79.536577,8.962149],[-79.537316,8.962572]]}},{"type":"Feature","properties":{"name":"Avenida de los Mártires","highway":"trunk"},"geometry":{"type":"LineString","coordinates":[[-79.550758,8.947327],[-79.550601,8.947414],[-79.550402,8.947549],[-79.550268,8.94766],[-79.550138,8.947775],[-79.550045,8.947863],[-79.549954,8.947966],[-79.549711,8.948291],[-79.549599,8.948468],[-79.54947,8.948753],[-79.549354,8.949035],[-79.548714,8.950882],[-79.548487,8.9514]]}},{"type":"Feature","properties":{"name":"Avenida de los Mártires","highway":"trunk"},"geometry":{"type":"LineString","coordinates":[[-79.552101,8.947326],[-79.552198,8.947312],[-79.552283,8.947303],[-79.552442,8.947293],[-79.55395,8.947289],[-79.554205,8.947254]]}},{"type":"Feature","properties":{"name":null,"highway":"residential"},"geometry":{"type":"LineString","coordinates":[[-79.547094,8.957724],[-79.54709,8.957878],[-79.547041,8.958033],[-79.546948,8.958264],[-79.546849,8.958416],[-79.546806,8.958462],[-79.546739,8.958482],[-79.546674,8.958483],[-79.546613,8.958446],[-79.54658,8.958393],[-79.546568,8.958318],[-79.546589,8.958235],[-79.546631,8.95814],[-79.546623,8.958044],[-79.5466,8.957959],[-79.546404,8.95768],[-79.546216,8.957404],[-79.546142,8.957223],[-79.546099,8.957082],[-79.546088,8.956988],[-79.546075,8.956893],[-79.546057,8.956724],[-79.546037,8.956475],[-79.546005,8.956439],[-79.545948,8.956411],[-79.545882,8.956403],[-79.545813,8.956414],[-79.545767,8.956454],[-79.545742,8.956502],[-79.545746,8.956563],[-79.545839,8.956767],[-79.545836,8.956806],[-79.545816,8.956849],[-79.545699,8.95701],[-79.545585,8.95717],[-79.545535,8.957294],[-79.545558,8.957419],[-79.545589,8.957514]]}},{"type":"Feature","properties":{"name":null,"highway":"footway"},"geometry":{"type":"LineString","coordinates":[[-79.53592,8.955484],[-79.535979,8.955434],[-79.536176,8.955268]]}},{"type":"Feature","properties":{"name":null,"highway":"footway"},"geometry":{"type":"LineString","coordinates":[[-79.548145,8.950678],[-79.548085,8.950652],[-79.548001,8.950627],[-79.547919,8.950614],[-79.54785,8.950611]]}},{"type":"Feature","properties":{"name":null,"highway":"footway"},"geometry":{"type":"LineString","coordinates":[[-79.548001,8.950627],[-79.54795,8.950858],[-79.547884,8.951153]]}},{"type":"Feature","properties":{"name":null,"highway":"footway"},"geometry":{"type":"LineString","coordinates":[[-79.548257,8.950372],[-79.548094,8.950345],[-79.548092,8.950329],[-79.548083,8.950318],[-79.548071,8.950313],[-79.548052,8.950315],[-79.548041,8.950325],[-79.548037,8.950335],[-79.547944,8.950318],[-79.547871,8.950289]]}},{"type":"Feature","properties":{"name":null,"highway":"footway"},"geometry":{"type":"LineString","coordinates":[[-79.548071,8.950882],[-79.548008,8.950868],[-79.54795,8.950858],[-79.547899,8.950853],[-79.547832,8.950848]]}},{"type":"Feature","properties":{"name":null,"highway":"footway"},"geometry":{"type":"LineString","coordinates":[[-79.547124,8.950523],[-79.546897,8.950507],[-79.546889,8.950582]]}},{"type":"Feature","properties":{"name":null,"highway":"footway"},"geometry":{"type":"LineString","coordinates":[[-79.546889,8.950582],[-79.546857,8.950578],[-79.546848,8.950681],[-79.546837,8.950821],[-79.546816,8.951102]]}},{"type":"Feature","properties":{"name":null,"highway":"footway"},"geometry":{"type":"LineString","coordinates":[[-79.546837,8.950821],[-79.546675,8.950809]]}},{"type":"Feature","properties":{"name":null,"highway":"footway"},"geometry":{"type":"LineString","coordinates":[[-79.546848,8.950681],[-79.5465,8.950649],[-79.54651,8.95052],[-79.546514,8.950475],[-79.546525,8.950332],[-79.546343,8.950321],[-79.546259,8.950313]]}},{"type":"Feature","properties":{"name":null,"highway":"footway"},"geometry":{"type":"LineString","coordinates":[[-79.5465,8.950649],[-79.546485,8.950849],[-79.546299,8.950837]]}},{"type":"Feature","properties":{"name":null,"highway":"footway"},"geometry":{"type":"LineString","coordinates":[[-79.5465,8.950649],[-79.546313,8.950637],[-79.546332,8.950503],[-79.546343,8.950321]]}},{"type":"Feature","properties":{"name":null,"highway":"footway"},"geometry":{"type":"LineString","coordinates":[[-79.546313,8.950637],[-79.546299,8.950837],[-79.546288,8.950992]]}},{"type":"Feature","properties":{"name":null,"highway":"residential"},"geometry":{"type":"LineString","coordinates":[[-79.546216,8.95233],[-79.546266,8.951942]]}},{"type":"Feature","properties":{"name":null,"highway":"residential"},"geometry":{"type":"LineString","coordinates":[[-79.546112,8.951674],[-79.546081,8.95192],[-79.546266,8.951942],[-79.546482,8.951967],[-79.546692,8.951991]]}},{"type":"Feature","properties":{"name":null,"highway":"service"},"geometry":{"type":"LineString","coordinates":[[-79.547109,8.951638],[-79.547064,8.951636],[-79.546812,8.95162]]}},{"type":"Feature","properties":{"name":null,"highway":"service"},"geometry":{"type":"LineString","coordinates":[[-79.546718,8.95115],[-79.546712,8.951224],[-79.546677,8.951635]]}},{"type":"Feature","properties":{"name":null,"highway":"secondary_link"},"geometry":{"type":"LineString","coordinates":[[-79.547982,8.940635],[-79.548072,8.940771]]}},{"type":"Feature","properties":{"name":null,"highway":"service"},"geometry":{"type":"LineString","coordinates":[[-79.553597,8.942987],[-79.55352,8.942931],[-79.55348,8.942913],[-79.553398,8.942897]]}},{"type":"Feature","properties":{"name":null,"highway":"service"},"geometry":{"type":"LineString","coordinates":[[-79.552898,8.941911],[-79.552855,8.941919],[-79.552844,8.941919],[-79.552663,8.941813],[-79.552531,8.941657],[-79.55246,8.941486],[-79.552424,8.941342],[-79.552511,8.941063],[-79.552517,8.941052],[-79.552544,8.941027]]}},{"type":"Feature","properties":{"name":null,"highway":"pedestrian"},"geometry":{"type":"LineString","coordinates":[[-79.534641,8.960887],[-79.53461,8.960859],[-79.534574,8.960853],[-79.534536,8.960857],[-79.534501,8.960865],[-79.534469,8.96091],[-79.534471,8.960953],[-79.5345,8.960949],[-79.534519,8.960968],[-79.53451,8.960989],[-79.534492,8.961014],[-79.534541,8.961045],[-79.534566,8.961026],[-79.534591,8.961035],[-79.534617,8.961028],[-79.534614,8.961006],[-79.534631,8.960976],[-79.534613,8.960958],[-79.534641,8.960934],[-79.534641,8.960887]]}},{"type":"Feature","properties":{"name":null,"highway":"footway"},"geometry":{"type":"LineString","coordinates":[[-79.533992,8.96173],[-79.534021,8.961837],[-79.534055,8.961902],[-79.534122,8.961963],[-79.534129,8.961971],[-79.534196,8.962081],[-79.534254,8.962188],[-79.534277,8.96231],[-79.534295,8.962411],[-79.534307,8.962504],[-79.534316,8.962566],[-79.534322,8.962699],[-79.534335,8.962821]]}},{"type":"Feature","properties":{"name":null,"highway":"cycleway"},"geometry":{"type":"LineString","coordinates":[[-79.536131,8.960345],[-79.53611,8.959784]]}},{"type":"Feature","properties":{"name":null,"highway":"service"},"geometry":{"type":"LineString","coordinates":[[-79.548689,8.946027],[-79.548477,8.946296],[-79.548295,8.946519]]}},{"type":"Feature","properties":{"name":null,"highway":"service"},"geometry":{"type":"LineString","coordinates":[[-79.547266,8.947566],[-79.547218,8.947551],[-79.547144,8.947513]]}},{"type":"Feature","properties":{"name":null,"highway":"service"},"geometry":{"type":"LineString","coordinates":[[-79.546987,8.947297],[-79.547067,8.947104]]}},{"type":"Feature","properties":{"name":null,"highway":"service"},"geometry":{"type":"LineString","coordinates":[[-79.547144,8.947513],[-79.547079,8.947534],[-79.546942,8.947578],[-79.546802,8.947624],[-79.546779,8.94756],[-79.546752,8.947488],[-79.546864,8.947376],[-79.546987,8.947297],[-79.547121,8.947224],[-79.54725,8.947153],[-79.547386,8.947105],[-79.547529,8.947054],[-79.547668,8.94703],[-79.54776,8.947314],[-79.547635,8.947354],[-79.547488,8.947402],[-79.547352,8.947446],[-79.547216,8.94749],[-79.547144,8.947513]]}},{"type":"Feature","properties":{"name":null,"highway":"footway"},"geometry":{"type":"LineString","coordinates":[[-79.54776,8.947314],[-79.547974,8.947238],[-79.548031,8.947182],[-79.548049,8.947099]]}},{"type":"Feature","properties":{"name":"Calle Chepo","highway":"residential"},"geometry":{"type":"LineString","coordinates":[[-79.540185,8.964398],[-79.539632,8.964659]]}},{"type":"Feature","properties":{"name":"Calle 28","highway":"residential"},"geometry":{"type":"LineString","coordinates":[[-79.549056,8.947417],[-79.549149,8.94749],[-79.549579,8.947755],[-79.549614,8.947849],[-79.549562,8.948018],[-79.549489,8.948163],[-79.549337,8.948416]]}},{"type":"Feature","properties":{"name":"Avenida de los Poetas","highway":"residential"},"geometry":{"type":"LineString","coordinates":[[-79.54868,8.947175],[-79.548677,8.947169],[-79.548673,8.947161],[-79.548666,8.947153],[-79.548659,8.947146],[-79.548646,8.947138],[-79.548627,8.947133],[-79.548601,8.947134],[-79.548576,8.947138],[-79.54812,8.947284]]}},{"type":"Feature","properties":{"name":"INADEH","highway":"service"},"geometry":{"type":"LineString","coordinates":[[-79.547121,8.947694],[-79.547147,8.947771],[-79.547225,8.947977],[-79.547259,8.948007],[-79.547305,8.948009],[-79.547637,8.947912]]}},{"type":"Feature","properties":{"name":"Sin nombre [Estacionamientos]","highway":"unclassified"},"geometry":{"type":"LineString","coordinates":[[-79.545009,8.948385],[-79.545106,8.948678]]}},{"type":"Feature","properties":{"name":"Calle 17 Este","highway":"tertiary"},"geometry":{"type":"LineString","coordinates":[[-79.540599,8.950719],[-79.540557,8.950456]]}},{"type":"Feature","properties":{"name":"Calle 10 a O","highway":"residential"},"geometry":{"type":"LineString","coordinates":[[-79.537407,8.95129],[-79.537405,8.951274],[-79.537376,8.951054],[-79.537363,8.950953]]}},{"type":"Feature","properties":{"name":"Avenida de los Poetas","highway":"residential"},"geometry":{"type":"LineString","coordinates":[[-79.54812,8.947284],[-79.547739,8.947412],[-79.547266,8.947566],[-79.546694,8.947749],[-79.546481,8.947814],[-79.545404,8.948167],[-79.544352,8.948515],[-79.543247,8.948877]]}},{"type":"Feature","properties":{"name":"Calle Ramón Valdés","highway":"service"},"geometry":{"type":"LineString","coordinates":[[-79.537752,8.957459],[-79.53699,8.95726]]}},{"type":"Feature","properties":{"name":"Avenida 1 C N","highway":"residential"},"geometry":{"type":"LineString","coordinates":[[-79.54345,8.965316],[-79.543219,8.965576]]}},{"type":"Feature","properties":{"name":null,"highway":"service"},"geometry":{"type":"LineString","coordinates":[[-79.553418,8.941885],[-79.553575,8.94182],[-79.553651,8.941789],[-79.553662,8.941784],[-79.55409,8.941615],[-79.554184,8.94155],[-79.554254,8.941486],[-79.554297,8.941436],[-79.55431,8.941396],[-79.554305,8.941359],[-79.55422,8.941248]]}},{"type":"Feature","properties":{"name":null,"highway":"service"},"geometry":{"type":"LineString","coordinates":[[-79.553418,8.941885],[-79.553347,8.941902],[-79.553314,8.941908],[-79.553275,8.941901],[-79.553246,8.94188],[-79.553224,8.94182]]}},{"type":"Feature","properties":{"name":null,"highway":"service"},"geometry":{"type":"LineString","coordinates":[[-79.552983,8.941272],[-79.553743,8.940624]]}},{"type":"Feature","properties":{"name":null,"highway":"service"},"geometry":{"type":"LineString","coordinates":[[-79.554094,8.941084],[-79.553969,8.94092],[-79.553866,8.940786]]}},{"type":"Feature","properties":{"name":null,"highway":"footway"},"geometry":{"type":"LineString","coordinates":[[-79.536835,8.951957],[-79.536823,8.95198],[-79.536815,8.951987],[-79.536799,8.951998],[-79.53678,8.952004],[-79.536761,8.952003],[-79.536739,8.951996],[-79.536721,8.951983],[-79.536709,8.951964],[-79.536704,8.951946],[-79.536705,8.951928],[-79.53671,8.95191],[-79.53672,8.951895],[-79.536736,8.951882],[-79.536755,8.951874],[-79.536775,8.951872],[-79.536797,8.951878],[-79.536816,8.951889],[-79.536829,8.951907],[-79.536836,8.951923],[-79.536837,8.95194],[-79.536835,8.951957]]}},{"type":"Feature","properties":{"name":null,"highway":"footway"},"geometry":{"type":"LineString","coordinates":[[-79.536752,8.952123],[-79.536761,8.952003]]}},{"type":"Feature","properties":{"name":null,"highway":"footway"},"geometry":{"type":"LineString","coordinates":[[-79.536505,8.952078],[-79.536709,8.951964]]}},{"type":"Feature","properties":{"name":null,"highway":"footway"},"geometry":{"type":"LineString","coordinates":[[-79.536548,8.951748],[-79.53672,8.951895]]}},{"type":"Feature","properties":{"name":null,"highway":"footway"},"geometry":{"type":"LineString","coordinates":[[-79.536775,8.951872],[-79.536787,8.951759]]}},{"type":"Feature","properties":{"name":null,"highway":"footway"},"geometry":{"type":"LineString","coordinates":[[-79.536829,8.951907],[-79.537032,8.951805]]}},{"type":"Feature","properties":{"name":null,"highway":"footway"},"geometry":{"type":"LineString","coordinates":[[-79.534552,8.952581],[-79.53465,8.952595],[-79.534718,8.952604],[-79.534785,8.952613],[-79.534897,8.952628]]}},{"type":"Feature","properties":{"name":null,"highway":"footway"},"geometry":{"type":"LineString","coordinates":[[-79.534577,8.952346],[-79.534674,8.95236],[-79.534753,8.952369],[-79.534809,8.952377],[-79.534927,8.952391]]}},{"type":"Feature","properties":{"name":null,"highway":"service"},"geometry":{"type":"LineString","coordinates":[[-79.547871,8.950289],[-79.547479,8.950265]]}},{"type":"Feature","properties":{"name":null,"highway":"service"},"geometry":{"type":"LineString","coordinates":[[-79.542021,8.950007],[-79.542103,8.950244],[-79.542213,8.950384]]}},{"type":"Feature","properties":{"name":null,"highway":"service"},"geometry":{"type":"LineString","coordinates":[[-79.539752,8.950658],[-79.53971,8.950399],[-79.540013,8.950292]]}},{"type":"Feature","properties":{"name":null,"highway":"service"},"geometry":{"type":"LineString","coordinates":[[-79.540557,8.950456],[-79.540471,8.950174],[-79.540388,8.949902],[-79.540674,8.949811]]}},{"type":"Feature","properties":{"name":null,"highway":"living_street"},"geometry":{"type":"LineString","coordinates":[[-79.541293,8.950234],[-79.541229,8.950039]]}},{"type":"Feature","properties":{"name":null,"highway":"service"},"geometry":{"type":"LineString","coordinates":[[-79.546354,8.948593],[-79.546191,8.948117]]}},{"type":"Feature","properties":{"name":null,"highway":"residential"},"geometry":{"type":"LineString","coordinates":[[-79.547301,8.949119],[-79.547352,8.949125],[-79.54764,8.949148]]}},{"type":"Feature","properties":{"name":null,"highway":"residential"},"geometry":{"type":"LineString","coordinates":[[-79.547303,8.949091],[-79.547269,8.949087],[-79.546866,8.949048],[-79.546892,8.948771]]}},{"type":"Feature","properties":{"name":null,"highway":"service"},"geometry":{"type":"LineString","coordinates":[[-79.543074,8.9531],[-79.543155,8.953072],[-79.54327,8.953084]]}},{"type":"Feature","properties":{"name":null,"highway":"service"},"geometry":{"type":"LineString","coordinates":[[-79.542843,8.952658],[-79.542908,8.952787],[-79.542971,8.95285],[-79.543024,8.952851]]}},{"type":"Feature","properties":{"name":null,"highway":"residential"},"geometry":{"type":"LineString","coordinates":[[-79.547273,8.949484],[-79.546786,8.949449]]}},{"type":"Feature","properties":{"name":null,"highway":"residential"},"geometry":{"type":"LineString","coordinates":[[-79.545638,8.94938],[-79.546139,8.949401],[-79.546132,8.949566]]}},{"type":"Feature","properties":{"name":null,"highway":"service"},"geometry":{"type":"LineString","coordinates":[[-79.539445,8.958426],[-79.539376,8.958466],[-79.539296,8.958507],[-79.539018,8.958639],[-79.538928,8.958937],[-79.539071,8.958976]]}},{"type":"Feature","properties":{"name":null,"highway":"service"},"geometry":{"type":"LineString","coordinates":[[-79.539018,8.958639],[-79.539221,8.959014]]}},{"type":"Feature","properties":{"name":null,"highway":"service"},"geometry":{"type":"LineString","coordinates":[[-79.539296,8.958507],[-79.539548,8.959036],[-79.539585,8.959031]]}},{"type":"Feature","properties":{"name":null,"highway":"service"},"geometry":{"type":"LineString","coordinates":[[-79.540129,8.959154],[-79.53967,8.959292]]}},{"type":"Feature","properties":{"name":null,"highway":"service"},"geometry":{"type":"LineString","coordinates":[[-79.53859,8.958393],[-79.53863,8.958456],[-79.538746,8.958475],[-79.539222,8.958264],[-79.539285,8.958275],[-79.539376,8.958466]]}},{"type":"Feature","properties":{"name":null,"highway":"living_street"},"geometry":{"type":"LineString","coordinates":[[-79.532222,8.95033],[-79.532041,8.950365],[-79.531849,8.950408],[-79.5319,8.95062]]}},{"type":"Feature","properties":{"name":null,"highway":"footway"},"geometry":{"type":"LineString","coordinates":[[-79.537145,8.956553],[-79.53676,8.955557],[-79.536378,8.955676]]}},{"type":"Feature","properties":{"name":"Calle 21 Este","highway":"residential"},"geometry":{"type":"LineString","coordinates":[[-79.540387,8.959771],[-79.540055,8.959865]]}},{"type":"Feature","properties":{"name":null,"highway":"secondary_link"},"geometry":{"type":"LineString","coordinates":[[-79.541003,8.962356],[-79.540951,8.962284],[-79.540903,8.962202],[-79.540864,8.962126],[-79.540831,8.962046]]}},{"type":"Feature","properties":{"name":null,"highway":"secondary_link"},"geometry":{"type":"LineString","coordinates":[[-79.540741,8.962514],[-79.540768,8.962475],[-79.540801,8.96244],[-79.540837,8.96241],[-79.540878,8.962393]]}},{"type":"Feature","properties":{"name":null,"highway":"secondary_link"},"geometry":{"type":"LineString","coordinates":[[-79.540374,8.962199],[-79.540479,8.962277],[-79.540537,8.962327],[-79.54057,8.962368],[-79.540592,8.962404],[-79.540624,8.962465],[-79.540646,8.962519]]}},{"type":"Feature","properties":{"name":null,"highway":"service"},"geometry":{"type":"LineString","coordinates":[[-79.541738,8.961458],[-79.541759,8.961521],[-79.541773,8.961567],[-79.541719,8.961647],[-79.541723,8.96193],[-79.541729,8.962487]]}},{"type":"Feature","properties":{"name":null,"highway":"service"},"geometry":{"type":"LineString","coordinates":[[-79.541773,8.961567],[-79.541923,8.961626],[-79.542266,8.961624],[-79.542401,8.961645],[-79.542575,8.961842],[-79.542682,8.962046],[-79.542695,8.962327],[-79.542664,8.962411],[-79.542621,8.962472],[-79.542481,8.962512],[-79.542373,8.962518],[-79.542251,8.962475],[-79.541729,8.962487]]}},{"type":"Feature","properties":{"name":"Calle 20 de Diciembre","highway":"residential"},"geometry":{"type":"LineString","coordinates":[[-79.543469,8.949544],[-79.542552,8.949837],[-79.542463,8.949865],[-79.542021,8.950007],[-79.54162,8.950136],[-79.541293,8.950234],[-79.540949,8.950338],[-79.540557,8.950456],[-79.54032,8.95052],[-79.539752,8.950658]]}},{"type":"Feature","properties":{"name":null,"highway":"service"},"geometry":{"type":"LineString","coordinates":[[-79.550376,8.946851],[-79.550352,8.946567],[-79.550326,8.946403],[-79.550329,8.946281],[-79.550347,8.946159],[-79.55035,8.945993],[-79.55036,8.945916],[-79.550365,8.945788],[-79.550381,8.945721],[-79.550401,8.945672],[-79.550431,8.945647],[-79.550472,8.945654],[-79.550517,8.945682],[-79.550646,8.945801],[-79.550899,8.94605],[-79.550969,8.946122],[-79.550994,8.946177],[-79.551022,8.946258],[-79.551039,8.946348],[-79.55106,8.946426],[-79.551076,8.94647]]}},{"type":"Feature","properties":{"name":null,"highway":"residential"},"geometry":{"type":"LineString","coordinates":[[-79.543771,8.960222],[-79.544074,8.960061]]}},{"type":"Feature","properties":{"name":null,"highway":"residential"},"geometry":{"type":"LineString","coordinates":[[-79.544026,8.961552],[-79.543951,8.961483],[-79.543942,8.961423],[-79.544142,8.96064],[-79.544192,8.960555],[-79.544319,8.960481]]}},{"type":"Feature","properties":{"name":null,"highway":"service"},"geometry":{"type":"LineString","coordinates":[[-79.542901,8.960763],[-79.543187,8.960745],[-79.543253,8.960718],[-79.543431,8.960574],[-79.543517,8.960507],[-79.543579,8.960444],[-79.543748,8.960277]]}},{"type":"Feature","properties":{"name":null,"highway":"residential"},"geometry":{"type":"LineString","coordinates":[[-79.546277,8.955774],[-79.545979,8.955935],[-79.545818,8.956011],[-79.545714,8.956011],[-79.545627,8.95599],[-79.545489,8.955993],[-79.545328,8.956063],[-79.545137,8.95627],[-79.545005,8.956586],[-79.544851,8.956894],[-79.544648,8.957061],[-79.544439,8.957314],[-79.544346,8.957516],[-79.54432,8.95771],[-79.544329,8.957854],[-79.544359,8.957984],[-79.544421,8.958159],[-79.544504,8.958237],[-79.544608,8.958254],[-79.544709,8.958245],[-79.544969,8.95818],[-79.545176,8.958112],[-79.545381,8.958045],[-79.545459,8.958038]]}},{"type":"Feature","properties":{"name":null,"highway":"service"},"geometry":{"type":"LineString","coordinates":[[-79.543149,8.961163],[-79.543115,8.961449],[-79.543207,8.961459],[-79.543256,8.961178]]}},{"type":"Feature","properties":{"name":null,"highway":"residential"},"geometry":{"type":"LineString","coordinates":[[-79.546694,8.947749],[-79.546659,8.947776],[-79.546651,8.947785],[-79.546646,8.947794],[-79.546645,8.947805],[-79.546648,8.947815],[-79.546654,8.947825],[-79.546664,8.947831],[-79.546677,8.947837]]}},{"type":"Feature","properties":{"name":null,"highway":"residential"},"geometry":{"type":"LineString","coordinates":[[-79.546519,8.94789],[-79.546531,8.947875],[-79.546536,8.947858],[-79.546533,8.94784],[-79.546523,8.947825],[-79.546508,8.947816],[-79.546481,8.947814]]}},{"type":"Feature","properties":{"name":null,"highway":"service"},"geometry":{"type":"LineString","coordinates":[[-79.54659,8.947646],[-79.546779,8.94756]]}},{"type":"Feature","properties":{"name":null,"highway":"footway"},"geometry":{"type":"LineString","coordinates":[[-79.548295,8.951553],[-79.548312,8.951559],[-79.548318,8.95156],[-79.548342,8.951557],[-79.548369,8.951522],[-79.548398,8.95148]]}},{"type":"Feature","properties":{"name":null,"highway":"service"},"geometry":{"type":"LineString","coordinates":[[-79.545498,8.954457],[-79.545643,8.954286],[-79.545783,8.954093],[-79.545795,8.954002],[-79.545712,8.953922],[-79.545618,8.953878],[-79.54549,8.953841],[-79.545433,8.953852],[-79.54539,8.953897],[-79.545337,8.954101]]}},{"type":"Feature","properties":{"name":null,"highway":"residential"},"geometry":{"type":"LineString","coordinates":[[-79.543502,8.959521],[-79.543479,8.959572],[-79.543484,8.959619],[-79.543593,8.95982],[-79.543679,8.959973],[-79.543771,8.960222]]}},{"type":"Feature","properties":{"name":null,"highway":"residential"},"geometry":{"type":"LineString","coordinates":[[-79.544682,8.964336],[-79.544397,8.964751],[-79.544325,8.964854],[-79.544188,8.965037],[-79.544146,8.965128],[-79.544169,8.965159],[-79.544237,8.965148],[-79.544341,8.965073],[-79.544414,8.964979],[-79.544432,8.964914]]}},{"type":"Feature","properties":{"name":null,"highway":"service"},"geometry":{"type":"LineString","coordinates":[[-79.546798,8.965574],[-79.54661,8.965568],[-79.546513,8.965567],[-79.546456,8.965584],[-79.546361,8.965601],[-79.546274,8.965607],[-79.546177,8.965594],[-79.546083,8.965578],[-79.546052,8.965575],[-79.546016,8.965576]]}},{"type":"Feature","properties":{"name":null,"highway":"service"},"geometry":{"type":"LineString","coordinates":[[-79.546274,8.965607],[-79.546257,8.965661],[-79.546236,8.965704],[-79.54621,8.965739],[-79.546159,8.965766],[-79.546066,8.965779]]}},{"type":"Feature","properties":{"name":null,"highway":"service"},"geometry":{"type":"LineString","coordinates":[[-79.550799,8.966047],[-79.550932,8.966109],[-79.55118,8.966126],[-79.551457,8.966079],[-79.551554,8.966041],[-79.551659,8.965967],[-79.55175,8.965864]]}},{"type":"Feature","properties":{"name":null,"highway":"service"},"geometry":{"type":"LineString","coordinates":[[-79.538548,8.958315],[-79.538489,8.958249],[-79.538437,8.958192],[-79.538234,8.958056],[-79.537968,8.957778]]}},{"type":"Feature","properties":{"name":null,"highway":"service"},"geometry":{"type":"LineString","coordinates":[[-79.538437,8.958192],[-79.53826,8.958173],[-79.537928,8.958058]]}},{"type":"Feature","properties":{"name":null,"highway":"residential"},"geometry":{"type":"LineString","coordinates":[[-79.545577,8.950182],[-79.545387,8.950171],[-79.545351,8.950473]]}},{"type":"Feature","properties":{"name":"Prospero Piñel","highway":"residential"},"geometry":{"type":"LineString","coordinates":[[-79.542259,8.950752],[-79.541936,8.950889]]}},{"type":"Feature","properties":{"name":null,"highway":"residential"},"geometry":{"type":"LineString","coordinates":[[-79.540967,8.952015],[-79.541236,8.951916],[-79.541616,8.951767]]}},{"type":"Feature","properties":{"name":null,"highway":"living_street"},"geometry":{"type":"LineString","coordinates":[[-79.541512,8.949817],[-79.541255,8.949897]]}},{"type":"Feature","properties":{"name":"Craig","highway":"residential"},"geometry":{"type":"LineString","coordinates":[[-79.553154,8.956347],[-79.553103,8.956343],[-79.553056,8.956363],[-79.553024,8.956402],[-79.553013,8.956451],[-79.553028,8.956498]]}},{"type":"Feature","properties":{"name":"Craig","highway":"residential"},"geometry":{"type":"LineString","coordinates":[[-79.553028,8.956498],[-79.553076,8.956527],[-79.553133,8.956526],[-79.55318,8.956495],[-79.553202,8.956443],[-79.553193,8.956388],[-79.553154,8.956347]]}},{"type":"Feature","properties":{"name":"Calle Erasmo Méndez Icaza","highway":"residential"},"geometry":{"type":"LineString","coordinates":[[-79.553513,8.958067],[-79.553511,8.958097],[-79.55352,8.958127],[-79.553541,8.958151],[-79.553569,8.958165],[-79.553601,8.958168],[-79.553631,8.958158],[-79.553655,8.958138],[-79.55367,8.95811],[-79.553672,8.958078],[-79.553662,8.958049],[-79.553642,8.958025],[-79.553613,8.958011],[-79.553582,8.958008],[-79.553551,8.958018],[-79.553527,8.958038],[-79.553513,8.958067]]}},{"type":"Feature","properties":{"name":null,"highway":"service"},"geometry":{"type":"LineString","coordinates":[[-79.543679,8.959973],[-79.543493,8.960069]]}},{"type":"Feature","properties":{"name":null,"highway":"residential"},"geometry":{"type":"LineString","coordinates":[[-79.543828,8.959673],[-79.543593,8.95982]]}},{"type":"Feature","properties":{"name":"Calle Culebra Rl","highway":"residential"},"geometry":{"type":"LineString","coordinates":[[-79.543545,8.958483],[-79.543612,8.958516],[-79.543664,8.958527],[-79.543931,8.958546],[-79.544041,8.958595],[-79.544083,8.958693],[-79.544104,8.95883],[-79.544155,8.958878],[-79.544183,8.958878],[-79.544219,8.958877],[-79.544272,8.958847],[-79.544349,8.958754],[-79.544448,8.958677],[-79.544518,8.958666],[-79.54459,8.958703],[-79.544651,8.958795],[-79.544686,8.958919],[-79.544772,8.959246],[-79.54481,8.959298],[-79.544858,8.959338],[-79.545046,8.959384],[-79.54534,8.959381]]}},{"type":"Feature","properties":{"name":"Calle Acacia","highway":"residential"},"geometry":{"type":"LineString","coordinates":[[-79.555697,8.950524],[-79.555804,8.950595],[-79.555835,8.950642],[-79.555841,8.95069],[-79.555822,8.950741],[-79.55577,8.95078],[-79.55565,8.950814],[-79.555546,8.950839],[-79.55545,8.950871],[-79.555379,8.950913]]}},{"type":"Feature","properties":{"name":null,"highway":"residential"},"geometry":{"type":"LineString","coordinates":[[-79.555073,8.951343],[-79.555159,8.951187],[-79.555278,8.950989]]}},{"type":"Feature","properties":{"name":null,"highway":"residential"},"geometry":{"type":"LineString","coordinates":[[-79.554356,8.950543],[-79.554228,8.950549],[-79.554146,8.950551],[-79.554087,8.950551],[-79.554026,8.950537],[-79.553989,8.950504],[-79.553961,8.95045],[-79.553874,8.950261]]}},{"type":"Feature","properties":{"name":null,"highway":"service"},"geometry":{"type":"LineString","coordinates":[[-79.554228,8.950549],[-79.554205,8.950795],[-79.554209,8.950827],[-79.554226,8.950848],[-79.554296,8.950864]]}},{"type":"Feature","properties":{"name":"Calle Mango","highway":"residential"},"geometry":{"type":"LineString","coordinates":[[-79.553664,8.948491],[-79.553463,8.94824]]}},{"type":"Feature","properties":{"name":null,"highway":"living_street"},"geometry":{"type":"LineString","coordinates":[[-79.551137,8.94848],[-79.5508,8.94812]]}},{"type":"Feature","properties":{"name":null,"highway":"service"},"geometry":{"type":"LineString","coordinates":[[-79.553785,8.950212],[-79.553761,8.950168],[-79.553719,8.950063]]}},{"type":"Feature","properties":{"name":null,"highway":"residential"},"geometry":{"type":"LineString","coordinates":[[-79.554356,8.950543],[-79.554427,8.950544],[-79.554561,8.950547],[-79.554722,8.950566],[-79.55483,8.9506],[-79.554888,8.950618]]}},{"type":"Feature","properties":{"name":null,"highway":"service"},"geometry":{"type":"LineString","coordinates":[[-79.548986,8.966046],[-79.548985,8.966257],[-79.548984,8.96641],[-79.548993,8.967281],[-79.54897,8.967337],[-79.548941,8.967363],[-79.548894,8.967375],[-79.547664,8.967382],[-79.547557,8.967383],[-79.547513,8.967359],[-79.547486,8.967314],[-79.547479,8.967086],[-79.547442,8.966987]]}},{"type":"Feature","properties":{"name":"Calle G","highway":"residential"},"geometry":{"type":"LineString","coordinates":[[-79.539871,8.955733],[-79.539551,8.955811],[-79.539531,8.955815]]}},{"type":"Feature","properties":{"name":null,"highway":"footway"},"geometry":{"type":"LineString","coordinates":[[-79.540716,8.960413],[-79.540726,8.960459],[-79.540751,8.960519],[-79.540785,8.960602],[-79.540805,8.960656],[-79.540819,8.960693],[-79.540826,8.960716],[-79.54084,8.960742],[-79.540859,8.960779],[-79.54088,8.960795],[-79.54091,8.9608],[-79.54093,8.960798],[-79.54095,8.960786],[-79.540966,8.960764],[-79.540998,8.960562],[-79.541015,8.960469],[-79.541037,8.960354],[-79.540866,8.960384],[-79.540716,8.960413]]}},{"type":"Feature","properties":{"name":null,"highway":"path"},"geometry":{"type":"LineString","coordinates":[[-79.532312,8.951761],[-79.532316,8.951871],[-79.532318,8.952008],[-79.532298,8.952034]]}},{"type":"Feature","properties":{"name":null,"highway":"path"},"geometry":{"type":"LineString","coordinates":[[-79.532316,8.951871],[-79.532378,8.951925],[-79.532388,8.951932],[-79.532418,8.951954],[-79.532428,8.951973],[-79.532427,8.951984],[-79.532425,8.951996],[-79.532408,8.952012],[-79.532378,8.952011],[-79.532358,8.951997],[-79.532353,8.951977],[-79.532359,8.951952],[-79.532388,8.951932]]}},{"type":"Feature","properties":{"name":"Avenida Eloy Alfaro","highway":"tertiary"},"geometry":{"type":"LineString","coordinates":[[-79.53596,8.953961],[-79.536018,8.953977],[-79.536066,8.953995],[-79.536158,8.954033],[-79.53625,8.95408],[-79.53634,8.954136],[-79.536533,8.954303],[-79.536761,8.954594],[-79.536822,8.9547],[-79.536834,8.954726],[-79.536836,8.954755],[-79.536836,8.954803]]}},{"type":"Feature","properties":{"name":null,"highway":"footway"},"geometry":{"type":"LineString","coordinates":[[-79.54647,8.949239],[-79.546475,8.949188],[-79.546532,8.948644],[-79.546517,8.948585],[-79.546506,8.948544]]}},{"type":"Feature","properties":{"name":"Calle 23","highway":"residential"},"geometry":{"type":"LineString","coordinates":[[-79.545404,8.948167],[-79.545439,8.948194],[-79.54548,8.948233],[-79.545511,8.948286],[-79.545532,8.948332],[-79.545681,8.948804],[-79.545665,8.949017],[-79.545653,8.949178],[-79.545638,8.94938],[-79.545635,8.949418],[-79.545606,8.949807],[-79.5456,8.949888],[-79.545577,8.950182],[-79.545519,8.951004],[-79.545512,8.951097],[-79.545422,8.952219]]}},{"type":"Feature","properties":{"name":"Calle I","highway":"residential"},"geometry":{"type":"LineString","coordinates":[[-79.542396,8.957968],[-79.54217,8.957803],[-79.54177,8.957507]]}},{"type":"Feature","properties":{"name":"Calle 26","highway":"residential"},"geometry":{"type":"LineString","coordinates":[[-79.547814,8.951079],[-79.547782,8.951234]]}},{"type":"Feature","properties":{"name":"Calle 27","highway":"residential"},"geometry":{"type":"LineString","coordinates":[[-79.547986,8.951115],[-79.548071,8.950882],[-79.548145,8.950678],[-79.548257,8.950372],[-79.548475,8.949775],[-79.548613,8.949397]]}},{"type":"Feature","properties":{"name":"Avenida A","highway":"tertiary"},"geometry":{"type":"LineString","coordinates":[[-79.545519,8.951004],[-79.545057,8.950965],[-79.544836,8.950947],[-79.544473,8.950921],[-79.543542,8.950946],[-79.543456,8.950968],[-79.542515,8.951378],[-79.542203,8.951513]]}},{"type":"Feature","properties":{"name":"Avenida Central","highway":"residential"},"geometry":{"type":"LineString","coordinates":[[-79.538397,8.95363],[-79.538358,8.953572],[-79.537876,8.953022]]}},{"type":"Feature","properties":{"name":"Avenida Ascanio Arosemena Chávez","highway":"primary"},"geometry":{"type":"LineString","coordinates":[[-79.555439,8.960956],[-79.555492,8.960883],[-79.555591,8.96079],[-79.555662,8.960732],[-79.555735,8.960676],[-79.557852,8.959215],[-79.558395,8.958838],[-79.559099,8.958335],[-79.559653,8.957905],[-79.559928,8.957696]]}},{"type":"Feature","properties":{"name":"Heights","highway":"service"},"geometry":{"type":"LineString","coordinates":[[-79.555439,8.960956],[-79.555614,8.961098]]}},{"type":"Feature","properties":{"name":"Calle 25 Oeste","highway":"residential"},"geometry":{"type":"LineString","coordinates":[[-79.54714,8.951189],[-79.547203,8.950424],[-79.547231,8.950098],[-79.547238,8.950015],[-79.547273,8.949484],[-79.547285,8.949302],[-79.547301,8.949119],[-79.547303,8.949091],[-79.547367,8.94835]]}},{"type":"Feature","properties":{"name":null,"highway":"residential"},"geometry":{"type":"LineString","coordinates":[[-79.547958,8.949203],[-79.547997,8.949207],[-79.548257,8.949231],[-79.548249,8.949373]]}},{"type":"Feature","properties":{"name":null,"highway":"service"},"geometry":{"type":"LineString","coordinates":[[-79.549056,8.947417],[-79.549056,8.947376],[-79.549037,8.947335],[-79.548906,8.947245],[-79.54886,8.947202],[-79.548786,8.94716],[-79.548646,8.947138]]}},{"type":"Feature","properties":{"name":"Calle 25","highway":"tertiary"},"geometry":{"type":"LineString","coordinates":[[-79.547063,8.95232],[-79.547109,8.951638],[-79.54714,8.951189]]}},{"type":"Feature","properties":{"name":"Calle B","highway":"tertiary"},"geometry":{"type":"LineString","coordinates":[[-79.541234,8.952662],[-79.541987,8.95256],[-79.54256,8.952339],[-79.54297,8.95216],[-79.543404,8.952032],[-79.543448,8.952012],[-79.544347,8.952093],[-79.545422,8.952219]]}},{"type":"Feature","properties":{"name":"Calle 21 Oeste","highway":"residential"},"geometry":{"type":"LineString","coordinates":[[-79.543448,8.952012],[-79.543452,8.951471],[-79.543456,8.950968]]}},{"type":"Feature","properties":{"name":"Calle 19","highway":"residential"},"geometry":{"type":"LineString","coordinates":[[-79.542378,8.951918],[-79.542203,8.951513]]}},{"type":"Feature","properties":{"name":"Calle Abel Bravo Obarrio","highway":"residential"},"geometry":{"type":"LineString","coordinates":[[-79.542378,8.951918],[-79.543452,8.951471]]}},{"type":"Feature","properties":{"name":"Calle 18 Oeste","highway":"tertiary"},"geometry":{"type":"LineString","coordinates":[[-79.541804,8.952169],[-79.541987,8.95256],[-79.542126,8.952632],[-79.542403,8.953087],[-79.542483,8.953411],[-79.542635,8.95401],[-79.542662,8.954116]]}},{"type":"Feature","properties":{"name":"Calle Abel Bravo Obarrio","highway":"residential"},"geometry":{"type":"LineString","coordinates":[[-79.541804,8.952169],[-79.542022,8.952075],[-79.542378,8.951918]]}},{"type":"Feature","properties":{"name":null,"highway":"service"},"geometry":{"type":"LineString","coordinates":[[-79.542843,8.952658],[-79.543049,8.952585],[-79.543083,8.952457],[-79.54297,8.95216]]}},{"type":"Feature","properties":{"name":"Calle Juan B. Sosa","highway":"residential"},"geometry":{"type":"LineString","coordinates":[[-79.544218,8.956079],[-79.544438,8.956236],[-79.544741,8.956468]]}},{"type":"Feature","properties":{"name":"Calle H","highway":"residential"},"geometry":{"type":"LineString","coordinates":[[-79.543567,8.956917],[-79.54412,8.95732]]}},{"type":"Feature","properties":{"name":"Calle 13 Oeste","highway":"residential"},"geometry":{"type":"LineString","coordinates":[[-79.538864,8.950792],[-79.538859,8.950715]]}},{"type":"Feature","properties":{"name":"Avenida Cuba","highway":"tertiary"},"geometry":{"type":"LineString","coordinates":[[-79.534156,8.972592],[-79.534381,8.972213],[-79.534509,8.971998],[-79.534849,8.971409],[-79.53518,8.970823],[-79.535192,8.970799],[-79.535497,8.970251],[-79.535507,8.970233],[-79.535707,8.969892],[-79.535822,8.969692],[-79.535863,8.969621],[-79.53591,8.969544],[-79.535936,8.969502],[-79.536054,8.969305],[-79.536251,8.968978],[-79.536587,8.968406],[-79.536926,8.967799],[-79.537273,8.96721],[-79.537599,8.966616],[-79.537939,8.966024],[-79.53828,8.965445],[-79.538622,8.964888]]}},{"type":"Feature","properties":{"name":"Calle 21 Oeste","highway":"residential"},"geometry":{"type":"LineString","coordinates":[[-79.543247,8.948877],[-79.543289,8.948946]]}},{"type":"Feature","properties":{"name":"Avenida Amador","highway":"primary"},"geometry":{"type":"LineString","coordinates":[[-79.555842,8.948668],[-79.55555,8.947956]]}},{"type":"Feature","properties":{"name":null,"highway":"residential"},"geometry":{"type":"LineString","coordinates":[[-79.553163,8.948868],[-79.552688,8.948274]]}},{"type":"Feature","properties":{"name":null,"highway":"residential"},"geometry":{"type":"LineString","coordinates":[[-79.552688,8.948274],[-79.552225,8.947693],[-79.552199,8.947678],[-79.552169,8.94767]]}},{"type":"Feature","properties":{"name":null,"highway":"residential"},"geometry":{"type":"LineString","coordinates":[[-79.551665,8.949117],[-79.552089,8.949603],[-79.55218,8.949683]]}},{"type":"Feature","properties":{"name":null,"highway":"residential"},"geometry":{"type":"LineString","coordinates":[[-79.55218,8.949683],[-79.552661,8.950299],[-79.552691,8.950338]]}},{"type":"Feature","properties":{"name":"Calle Akee","highway":"residential"},"geometry":{"type":"LineString","coordinates":[[-79.552661,8.950299],[-79.553674,8.949488],[-79.553773,8.949409],[-79.553848,8.949361],[-79.55394,8.949357],[-79.555298,8.94933]]}},{"type":"Feature","properties":{"name":null,"highway":"residential"},"geometry":{"type":"LineString","coordinates":[[-79.552691,8.950338],[-79.552967,8.950651],[-79.55299,8.950677]]}},{"type":"Feature","properties":{"name":null,"highway":"residential"},"geometry":{"type":"LineString","coordinates":[[-79.55299,8.950677],[-79.553112,8.950821]]}},{"type":"Feature","properties":{"name":null,"highway":"residential"},"geometry":{"type":"LineString","coordinates":[[-79.553112,8.950821],[-79.553232,8.951017]]}},{"type":"Feature","properties":{"name":"Morgan Avenue","highway":"residential"},"geometry":{"type":"LineString","coordinates":[[-79.553532,8.952282],[-79.553511,8.952207],[-79.553429,8.952103],[-79.5533,8.95201],[-79.55312,8.951947],[-79.552887,8.951883],[-79.552559,8.951822],[-79.552413,8.951783],[-79.552304,8.951735],[-79.552232,8.951653],[-79.552137,8.951494]]}},{"type":"Feature","properties":{"name":"Avenida Arnulfo Arias Madrid","highway":"primary"},"geometry":{"type":"LineString","coordinates":[[-79.555073,8.951343],[-79.554865,8.951264],[-79.554609,8.951179],[-79.554422,8.951132],[-79.554264,8.951092],[-79.554089,8.951055],[-79.553962,8.951027],[-79.553852,8.951012],[-79.553727,8.950997],[-79.553613,8.95099],[-79.553492,8.950993],[-79.553366,8.951001],[-79.553232,8.951017]]}},{"type":"Feature","properties":{"name":"Calle Plank","highway":"residential"},"geometry":{"type":"LineString","coordinates":[[-79.553827,8.950287],[-79.553874,8.950261],[-79.553991,8.950213],[-79.554114,8.950197],[-79.554381,8.950184],[-79.554524,8.950178]]}},{"type":"Feature","properties":{"name":null,"highway":"service"},"geometry":{"type":"LineString","coordinates":[[-79.553827,8.950287],[-79.553785,8.950212]]}},{"type":"Feature","properties":{"name":"Calle Plank","highway":"residential"},"geometry":{"type":"LineString","coordinates":[[-79.554524,8.950178],[-79.554622,8.950174],[-79.554723,8.950165],[-79.555151,8.95003],[-79.555225,8.950001],[-79.555313,8.949984],[-79.555407,8.949988],[-79.555491,8.950003],[-79.555846,8.950188],[-79.556226,8.950366]]}},{"type":"Feature","properties":{"name":"Calle Acacia","highway":"residential"},"geometry":{"type":"LineString","coordinates":[[-79.554888,8.950618],[-79.554936,8.950549],[-79.554967,8.95052],[-79.555006,8.950495],[-79.555219,8.950407],[-79.555271,8.950391],[-79.555324,8.950386],[-79.555496,8.950415],[-79.555536,8.950426],[-79.555581,8.950447],[-79.555697,8.950524]]}},{"type":"Feature","properties":{"name":"Calle Acacia","highway":"residential"},"geometry":{"type":"LineString","coordinates":[[-79.555379,8.950913],[-79.555278,8.950989]]}},{"type":"Feature","properties":{"name":"Las Cruces Street","highway":"residential"},"geometry":{"type":"LineString","coordinates":[[-79.557493,8.95594],[-79.557336,8.955821],[-79.55723,8.955735],[-79.55717,8.955683],[-79.556939,8.955413],[-79.556724,8.955143],[-79.556633,8.955094],[-79.556345,8.95504],[-79.55562,8.954938],[-79.554921,8.954832],[-79.554379,8.95475],[-79.554272,8.954732],[-79.553984,8.954683],[-79.553873,8.954645],[-79.553802,8.954604],[-79.553692,8.954487],[-79.553628,8.954342],[-79.553634,8.954169],[-79.553666,8.953947],[-79.55372,8.953665],[-79.553764,8.953341],[-79.55381,8.953086],[-79.553885,8.952885],[-79.553971,8.952723],[-79.554089,8.952591],[-79.554242,8.952442],[-79.55436,8.95235],[-79.554435,8.952257],[-79.554493,8.95214],[-79.554518,8.951881],[-79.554609,8.951179]]}},{"type":"Feature","properties":{"name":"Avenida Central","highway":"secondary"},"geometry":{"type":"LineString","coordinates":[[-79.540788,8.962256],[-79.540831,8.962046],[-79.540891,8.961751]]}},{"type":"Feature","properties":{"name":null,"highway":"service"},"geometry":{"type":"LineString","coordinates":[[-79.543645,8.948831],[-79.54375,8.948848],[-79.54391,8.948872]]}},{"type":"Feature","properties":{"name":null,"highway":"service"},"geometry":{"type":"LineString","coordinates":[[-79.54364,8.949665],[-79.543728,8.949718],[-79.544036,8.949675],[-79.544531,8.949595],[-79.544866,8.949544],[-79.544945,8.949471],[-79.544853,8.948755],[-79.544405,8.948805],[-79.54391,8.948872]]}},{"type":"Feature","properties":{"name":null,"highway":"service"},"geometry":{"type":"LineString","coordinates":[[-79.544531,8.949595],[-79.544405,8.948805]]}},{"type":"Feature","properties":{"name":null,"highway":"service"},"geometry":{"type":"LineString","coordinates":[[-79.544036,8.949675],[-79.54391,8.948872]]}},{"type":"Feature","properties":{"name":"Avenida de los Poetas","highway":"residential"},"geometry":{"type":"LineString","coordinates":[[-79.541484,8.949468],[-79.541558,8.949494],[-79.542095,8.949324],[-79.542268,8.94927],[-79.542454,8.94921],[-79.543289,8.948946]]}},{"type":"Feature","properties":{"name":"Avenida de los Poetas","highway":"residential"},"geometry":{"type":"LineString","coordinates":[[-79.543247,8.948877],[-79.542246,8.949203],[-79.541563,8.949424],[-79.541484,8.949468]]}},{"type":"Feature","properties":{"name":"Cinta Costera","highway":"trunk"},"geometry":{"type":"LineString","coordinates":[[-79.537078,8.95785],[-79.53701,8.957748],[-79.536897,8.957589],[-79.536777,8.957434],[-79.536653,8.957283]]}},{"type":"Feature","properties":{"name":null,"highway":"service"},"geometry":{"type":"LineString","coordinates":[[-79.552983,8.941272],[-79.553051,8.941358],[-79.553098,8.941379],[-79.553146,8.941384],[-79.553204,8.941366],[-79.553866,8.940786],[-79.553743,8.940624]]}},{"type":"Feature","properties":{"name":null,"highway":"service"},"geometry":{"type":"LineString","coordinates":[[-79.553224,8.94182],[-79.554094,8.941084]]}},{"type":"Feature","properties":{"name":null,"highway":"service"},"geometry":{"type":"LineString","coordinates":[[-79.55422,8.941248],[-79.553825,8.941542],[-79.553418,8.941885]]}},{"type":"Feature","properties":{"name":null,"highway":"service"},"geometry":{"type":"LineString","coordinates":[[-79.554094,8.941084],[-79.55422,8.941248]]}},{"type":"Feature","properties":{"name":null,"highway":"service"},"geometry":{"type":"LineString","coordinates":[[-79.553969,8.94092],[-79.553238,8.941571],[-79.553201,8.941607],[-79.553185,8.941641],[-79.553174,8.941676],[-79.553175,8.941708],[-79.553224,8.94182]]}},{"type":"Feature","properties":{"name":null,"highway":"service"},"geometry":{"type":"LineString","coordinates":[[-79.553743,8.940624],[-79.553667,8.940525],[-79.553635,8.940506],[-79.553596,8.940503],[-79.553555,8.940521],[-79.553112,8.940903],[-79.55297,8.941032],[-79.552927,8.941098],[-79.55293,8.941152],[-79.552946,8.941212],[-79.552983,8.941272]]}},{"type":"Feature","properties":{"name":null,"highway":"service"},"geometry":{"type":"LineString","coordinates":[[-79.553948,8.940707],[-79.553866,8.940786]]}},{"type":"Feature","properties":{"name":"Calle George W. Goethals","highway":"residential"},"geometry":{"type":"LineString","coordinates":[[-79.556127,8.957724],[-79.556082,8.957691],[-79.555795,8.957484],[-79.555621,8.957358],[-79.555459,8.957202],[-79.555326,8.956998],[-79.555312,8.956745],[-79.555333,8.956523],[-79.555417,8.95606],[-79.55562,8.954938],[-79.555746,8.954037],[-79.555744,8.953886],[-79.555642,8.953754],[-79.555522,8.953686],[-79.555379,8.95369],[-79.555006,8.953849],[-79.554692,8.953982],[-79.554502,8.954117],[-79.55436,8.954289],[-79.55429,8.954517],[-79.554272,8.954732]]}},{"type":"Feature","properties":{"name":null,"highway":"residential"},"geometry":{"type":"LineString","coordinates":[[-79.551549,8.964317],[-79.551513,8.964227],[-79.551341,8.96374],[-79.551319,8.963689],[-79.551285,8.963649],[-79.550985,8.963416]]}},{"type":"Feature","properties":{"name":null,"highway":"service"},"geometry":{"type":"LineString","coordinates":[[-79.543541,8.949056],[-79.543351,8.949153]]}},{"type":"Feature","properties":{"name":null,"highway":"service"},"geometry":{"type":"LineString","coordinates":[[-79.54391,8.948872],[-79.543535,8.94901],[-79.543541,8.949056],[-79.54364,8.949665]]}},{"type":"Feature","properties":{"name":"Calle 23 Este","highway":"secondary"},"geometry":{"type":"LineString","coordinates":[[-79.539443,8.960966],[-79.539825,8.961545],[-79.540118,8.961991],[-79.540189,8.96207]]}},{"type":"Feature","properties":{"name":"Transversal B","highway":"residential"},"geometry":{"type":"LineString","coordinates":[[-79.554661,8.941315],[-79.555081,8.940797]]}},{"type":"Feature","properties":{"name":null,"highway":"residential"},"geometry":{"type":"LineString","coordinates":[[-79.551262,8.953204],[-79.551674,8.953168],[-79.551998,8.953134]]}},{"type":"Feature","properties":{"name":null,"highway":"service"},"geometry":{"type":"LineString","coordinates":[[-79.548103,8.953518],[-79.548021,8.95337],[-79.548024,8.953299],[-79.548232,8.953263],[-79.548386,8.953242],[-79.548496,8.95318],[-79.548607,8.953085],[-79.548655,8.953021],[-79.548689,8.952985],[-79.54869,8.952927],[-79.5486,8.952871],[-79.548544,8.952806],[-79.548502,8.952712],[-79.548467,8.952625],[-79.548441,8.952601]]}},{"type":"Feature","properties":{"name":null,"highway":"pedestrian"},"geometry":{"type":"LineString","coordinates":[[-79.536125,8.954449],[-79.536145,8.954456],[-79.536162,8.95447],[-79.536174,8.954488],[-79.53618,8.954509],[-79.536179,8.95453],[-79.536172,8.95455],[-79.536159,8.954568],[-79.536141,8.95458],[-79.536121,8.954586],[-79.5361,8.954586],[-79.536079,8.95458],[-79.536062,8.954569],[-79.536049,8.954552],[-79.536041,8.954533],[-79.536039,8.954512],[-79.536043,8.954493],[-79.536053,8.954476],[-79.536067,8.954461],[-79.536084,8.954452],[-79.536103,8.954447],[-79.536125,8.954449]]}},{"type":"Feature","properties":{"name":null,"highway":"footway"},"geometry":{"type":"LineString","coordinates":[[-79.536214,8.954214],[-79.53638,8.954238],[-79.536401,8.954242]]}},{"type":"Feature","properties":{"name":null,"highway":"footway"},"geometry":{"type":"LineString","coordinates":[[-79.536156,8.954082],[-79.536258,8.954123],[-79.536401,8.954242],[-79.536511,8.954334],[-79.536718,8.954632],[-79.536743,8.95466],[-79.536783,8.954715],[-79.536786,8.954742],[-79.536775,8.954767],[-79.536525,8.954974],[-79.536176,8.955268]]}},{"type":"Feature","properties":{"name":"Calle 1 Oeste","highway":"residential"},"geometry":{"type":"LineString","coordinates":[[-79.53221,8.950262],[-79.53219,8.950158]]}},{"type":"Feature","properties":{"name":null,"highway":"service"},"geometry":{"type":"LineString","coordinates":[[-79.551076,8.94647],[-79.55112,8.946477],[-79.551146,8.946465],[-79.551242,8.946417],[-79.551321,8.946343],[-79.551319,8.94629],[-79.551265,8.946193],[-79.55119,8.946101],[-79.551006,8.945907],[-79.550798,8.945674],[-79.550698,8.945594],[-79.550637,8.94557],[-79.550576,8.945584],[-79.550541,8.945628],[-79.550523,8.945667],[-79.550517,8.945682]]}},{"type":"Feature","properties":{"name":null,"highway":"footway"},"geometry":{"type":"LineString","coordinates":[[-79.555335,8.959003],[-79.555355,8.958982],[-79.555147,8.958776],[-79.555213,8.958692],[-79.555545,8.958267],[-79.555609,8.958208],[-79.555704,8.958202]]}},{"type":"Feature","properties":{"name":null,"highway":"footway"},"geometry":{"type":"LineString","coordinates":[[-79.555682,8.959026],[-79.5558,8.959047],[-79.555904,8.959045],[-79.556012,8.958981],[-79.556046,8.95886],[-79.55603,8.958734],[-79.555916,8.95863]]}},{"type":"Feature","properties":{"name":null,"highway":"path"},"geometry":{"type":"LineString","coordinates":[[-79.554146,8.959698],[-79.554383,8.959397],[-79.55462,8.95909],[-79.55469,8.959082],[-79.554991,8.959302]]}},{"type":"Feature","properties":{"name":null,"highway":"footway"},"geometry":{"type":"LineString","coordinates":[[-79.555213,8.958692],[-79.555181,8.958647],[-79.55512,8.958566],[-79.555106,8.958401],[-79.555182,8.958298],[-79.555286,8.958256],[-79.555432,8.958261],[-79.555545,8.958267]]}},{"type":"Feature","properties":{"name":null,"highway":"footway"},"geometry":{"type":"LineString","coordinates":[[-79.555355,8.958982],[-79.555624,8.959119],[-79.555682,8.959026],[-79.555916,8.95863],[-79.556038,8.958446]]}},{"type":"Feature","properties":{"name":null,"highway":"footway"},"geometry":{"type":"LineString","coordinates":[[-79.546505,8.954354],[-79.545479,8.955683],[-79.544883,8.956463],[-79.544546,8.956938],[-79.54438,8.957204],[-79.544142,8.957776],[-79.543837,8.958215],[-79.543612,8.958516],[-79.54333,8.958854],[-79.543294,8.958984],[-79.54329,8.959111],[-79.543325,8.959219],[-79.543367,8.9593],[-79.543501,8.959447]]}},{"type":"Feature","properties":{"name":null,"highway":"footway"},"geometry":{"type":"LineString","coordinates":[[-79.537445,8.947386],[-79.537547,8.947424],[-79.537887,8.947579],[-79.538143,8.947696],[-79.538313,8.947772],[-79.538523,8.947866],[-79.538623,8.947911],[-79.53872,8.947954],[-79.53883,8.948019],[-79.538997,8.948099],[-79.539335,8.948239],[-79.539463,8.948292],[-79.539675,8.948367],[-79.539918,8.948442],[-79.540043,8.94847],[-79.540275,8.948481],[-79.540494,8.948443],[-79.540632,8.948397],[-79.540846,8.948291],[-79.540982,8.948239],[-79.541201,8.948199],[-79.541259,8.948184],[-79.541502,8.948116],[-79.541543,8.948104],[-79.541764,8.948037],[-79.541905,8.947994],[-79.542204,8.947902],[-79.542726,8.947668],[-79.543413,8.947605],[-79.543513,8.947554],[-79.543685,8.947503],[-79.543896,8.947469],[-79.544107,8.947473],[-79.544337,8.947478],[-79.544629,8.94746],[-79.544748,8.94747],[-79.5448,8.947474],[-79.544897,8.947465],[-79.544955,8.947454],[-79.54508,8.947416],[-79.545125,8.947392],[-79.545158,8.947356],[-79.545166,8.947319],[-79.545169,8.947273],[-79.545168,8.947256],[-79.545159,8.94723],[-79.545143,8.947206],[-79.545119,8.947184]]}},{"type":"Feature","properties":{"name":null,"highway":"footway"},"geometry":{"type":"LineString","coordinates":[[-79.53863,8.948023],[-79.5387,8.948069],[-79.538752,8.948107],[-79.538903,8.94821],[-79.539248,8.948356],[-79.539506,8.948468],[-79.539727,8.948505],[-79.540041,8.948572],[-79.540562,8.948681],[-79.5408,8.948718],[-79.540947,8.948712],[-79.541049,8.9487],[-79.541146,8.948676],[-79.541251,8.948629],[-79.541366,8.948556],[-79.541534,8.948417],[-79.541603,8.948359],[-79.541703,8.948255],[-79.542107,8.948019],[-79.542219,8.947986],[-79.542766,8.947947],[-79.542825,8.947945],[-79.542874,8.947943],[-79.542909,8.947941],[-79.543052,8.947978],[-79.543425,8.947981],[-79.543574,8.947974],[-79.54366,8.947978],[-79.543908,8.947983],[-79.544132,8.947905],[-79.544205,8.94788],[-79.544477,8.947864],[-79.544595,8.947872],[-79.544759,8.947806]]}},{"type":"Feature","properties":{"name":"Calle 23 Este","highway":"secondary"},"geometry":{"type":"LineString","coordinates":[[-79.540771,8.962351],[-79.540878,8.962393]]}},{"type":"Feature","properties":{"name":null,"highway":"living_street"},"geometry":{"type":"LineString","coordinates":[[-79.549427,8.962824],[-79.549145,8.962826],[-79.548974,8.962813],[-79.54877,8.962779],[-79.548708,8.962759],[-79.548571,8.962715],[-79.548437,8.962641],[-79.54836,8.962548],[-79.548289,8.962474],[-79.548201,8.96241],[-79.548067,8.962291],[-79.547912,8.962161],[-79.547905,8.962093]]}},{"type":"Feature","properties":{"name":null,"highway":"residential"},"geometry":{"type":"LineString","coordinates":[[-79.548989,8.962138],[-79.548952,8.96227],[-79.548917,8.962363],[-79.548888,8.962466],[-79.548875,8.962503],[-79.548829,8.962543],[-79.548791,8.962588],[-79.548786,8.96262],[-79.548743,8.962704],[-79.548708,8.962759]]}},{"type":"Feature","properties":{"name":null,"highway":"residential"},"geometry":{"type":"LineString","coordinates":[[-79.551923,8.964496],[-79.551817,8.964499],[-79.551717,8.964463],[-79.551549,8.964317]]}},{"type":"Feature","properties":{"name":"Transversal D","highway":"residential"},"geometry":{"type":"LineString","coordinates":[[-79.552151,8.939225],[-79.552105,8.939295],[-79.551858,8.939673],[-79.551761,8.939859],[-79.551758,8.939886],[-79.551749,8.939982],[-79.551744,8.940035],[-79.551766,8.940351],[-79.551831,8.940445]]}},{"type":"Feature","properties":{"name":null,"highway":"residential"},"geometry":{"type":"LineString","coordinates":[[-79.544434,8.964851],[-79.544397,8.964751]]}},{"type":"Feature","properties":{"name":null,"highway":"residential"},"geometry":{"type":"LineString","coordinates":[[-79.544432,8.964914],[-79.544434,8.964851]]}},{"type":"Feature","properties":{"name":null,"highway":"service"},"geometry":{"type":"LineString","coordinates":[[-79.555613,8.941363],[-79.55529,8.941765]]}},{"type":"Feature","properties":{"name":null,"highway":"footway"},"geometry":{"type":"LineString","coordinates":[[-79.555967,8.949411],[-79.555984,8.949514],[-79.555743,8.949522],[-79.555727,8.949357],[-79.555855,8.949352],[-79.55596,8.949348],[-79.555967,8.949411]]}},{"type":"Feature","properties":{"name":null,"highway":"footway"},"geometry":{"type":"LineString","coordinates":[[-79.555984,8.949514],[-79.555868,8.949439]]}},{"type":"Feature","properties":{"name":null,"highway":"footway"},"geometry":{"type":"LineString","coordinates":[[-79.55596,8.949348],[-79.555871,8.949413]]}},{"type":"Feature","properties":{"name":null,"highway":"footway"},"geometry":{"type":"LineString","coordinates":[[-79.555743,8.949522],[-79.555838,8.949442]]}},{"type":"Feature","properties":{"name":null,"highway":"footway"},"geometry":{"type":"LineString","coordinates":[[-79.555727,8.949357],[-79.555838,8.949413]]}},{"type":"Feature","properties":{"name":null,"highway":"footway"},"geometry":{"type":"LineString","coordinates":[[-79.555868,8.949439],[-79.555876,8.949428],[-79.555871,8.949413],[-79.555856,8.94941],[-79.555838,8.949413],[-79.555831,8.949427],[-79.555838,8.949442],[-79.555854,8.949448],[-79.555868,8.949439]]}},{"type":"Feature","properties":{"name":null,"highway":"service"},"geometry":{"type":"LineString","coordinates":[[-79.551192,8.966765],[-79.551702,8.966568],[-79.551935,8.966482],[-79.552403,8.966303],[-79.552437,8.966275],[-79.552444,8.96625],[-79.552404,8.96613],[-79.552382,8.966066],[-79.552353,8.965976],[-79.552326,8.965887]]}},{"type":"Feature","properties":{"name":null,"highway":"service"},"geometry":{"type":"LineString","coordinates":[[-79.551935,8.966482],[-79.551775,8.96607]]}},{"type":"Feature","properties":{"name":null,"highway":"service"},"geometry":{"type":"LineString","coordinates":[[-79.552382,8.966066],[-79.551981,8.966203],[-79.551976,8.966207],[-79.551973,8.966213],[-79.551997,8.966263],[-79.552005,8.966269],[-79.552014,8.966269],[-79.552404,8.96613]]}},{"type":"Feature","properties":{"name":null,"highway":"service"},"geometry":{"type":"LineString","coordinates":[[-79.551544,8.966165],[-79.551702,8.966568]]}},{"type":"Feature","properties":{"name":null,"highway":"service"},"geometry":{"type":"LineString","coordinates":[[-79.554078,8.966265],[-79.553984,8.966269],[-79.553898,8.966285],[-79.55361,8.96661],[-79.552961,8.967374],[-79.552682,8.967662],[-79.552458,8.967884],[-79.552188,8.968029],[-79.55204,8.968077],[-79.551907,8.968104],[-79.551533,8.96812]]}},{"type":"Feature","properties":{"name":null,"highway":"service"},"geometry":{"type":"LineString","coordinates":[[-79.558944,8.962116],[-79.55855,8.961905],[-79.558093,8.961726],[-79.557513,8.961629],[-79.556776,8.961689],[-79.55635,8.961903],[-79.556205,8.96201],[-79.556136,8.962025],[-79.555868,8.962002]]}},{"type":"Feature","properties":{"name":null,"highway":"service"},"geometry":{"type":"LineString","coordinates":[[-79.545057,8.950965],[-79.545077,8.950562],[-79.544754,8.950546]]}},{"type":"Feature","properties":{"name":null,"highway":"service"},"geometry":{"type":"LineString","coordinates":[[-79.540061,8.949577],[-79.539758,8.949681],[-79.539351,8.949801],[-79.53931,8.949835],[-79.539304,8.949851],[-79.539294,8.949882],[-79.539311,8.949919],[-79.53932,8.949938],[-79.539354,8.949964],[-79.539397,8.94997],[-79.539451,8.949954],[-79.539487,8.94993],[-79.539998,8.94977],[-79.540033,8.949746],[-79.540058,8.949715],[-79.540069,8.949676],[-79.540061,8.949577]]}},{"type":"Feature","properties":{"name":null,"highway":"service"},"geometry":{"type":"LineString","coordinates":[[-79.540465,8.949168],[-79.540545,8.949245],[-79.540561,8.949309],[-79.540555,8.949355],[-79.540527,8.949396]]}},{"type":"Feature","properties":{"name":null,"highway":"service"},"geometry":{"type":"LineString","coordinates":[[-79.542808,8.948281],[-79.542761,8.948293],[-79.542742,8.948299],[-79.542566,8.94834],[-79.542346,8.948422],[-79.542208,8.948479],[-79.54209,8.948537],[-79.541998,8.94859],[-79.541869,8.94866],[-79.541738,8.948735],[-79.541643,8.948789],[-79.541635,8.948803],[-79.541631,8.94883],[-79.541634,8.948875],[-79.541657,8.9489],[-79.541687,8.948917],[-79.541722,8.948922],[-79.541804,8.948903],[-79.541936,8.94886],[-79.542006,8.948837],[-79.54207,8.948818],[-79.542223,8.948773],[-79.542368,8.948727],[-79.542513,8.948682],[-79.542603,8.948651],[-79.542759,8.948602],[-79.542838,8.948577],[-79.54298,8.94853],[-79.543114,8.948486],[-79.543246,8.948442],[-79.543385,8.948396],[-79.543523,8.94835],[-79.543609,8.94832],[-79.543621,8.94831],[-79.543632,8.948291],[-79.543632,8.948273],[-79.543624,8.948253],[-79.543598,8.94823],[-79.543574,8.948222],[-79.54348,8.948216],[-79.543403,8.948212],[-79.543322,8.948217],[-79.543172,8.948228],[-79.543023,8.948238],[-79.542876,8.948262],[-79.542808,8.948281]]}},{"type":"Feature","properties":{"name":null,"highway":"service"},"geometry":{"type":"LineString","coordinates":[[-79.541634,8.948875],[-79.54147,8.948953]]}},{"type":"Feature","properties":{"name":null,"highway":"service"},"geometry":{"type":"LineString","coordinates":[[-79.542603,8.948651],[-79.542709,8.94857],[-79.542749,8.948528],[-79.542776,8.948486],[-79.542785,8.948466],[-79.542791,8.948447],[-79.542794,8.948416],[-79.542785,8.948392],[-79.542757,8.948323],[-79.542742,8.948299]]}},{"type":"Feature","properties":{"name":null,"highway":"service"},"geometry":{"type":"LineString","coordinates":[[-79.537131,8.955483],[-79.537481,8.955379]]}},{"type":"Feature","properties":{"name":"Avenida Balboa","highway":"tertiary"},"geometry":{"type":"LineString","coordinates":[[-79.539251,8.957998],[-79.538896,8.958142]]}},{"type":"Feature","properties":{"name":null,"highway":"tertiary_link"},"geometry":{"type":"LineString","coordinates":[[-79.53621,8.953977],[-79.536189,8.953979],[-79.536174,8.953983],[-79.536159,8.953995],[-79.536155,8.954014],[-79.536158,8.954033]]}},{"type":"Feature","properties":{"name":null,"highway":"service"},"geometry":{"type":"LineString","coordinates":[[-79.54031,8.951288],[-79.540335,8.951097],[-79.540348,8.95087],[-79.54035,8.950826],[-79.540336,8.950635],[-79.54032,8.95052]]}},{"type":"Feature","properties":{"name":null,"highway":"footway"},"geometry":{"type":"LineString","coordinates":[[-79.534512,8.964452],[-79.534497,8.964491],[-79.534492,8.96453],[-79.534496,8.964658],[-79.534496,8.964714],[-79.534491,8.964736],[-79.534482,8.964751],[-79.534448,8.964779],[-79.534433,8.964786],[-79.534408,8.964795],[-79.534363,8.964809],[-79.53433,8.964825],[-79.534275,8.964869],[-79.534236,8.964932]]}},{"type":"Feature","properties":{"name":null,"highway":"footway"},"geometry":{"type":"LineString","coordinates":[[-79.549994,8.946383],[-79.550014,8.946275],[-79.550048,8.946096],[-79.550059,8.945915],[-79.550066,8.945794],[-79.550073,8.945598],[-79.550094,8.945524],[-79.550094,8.945373],[-79.550059,8.945254],[-79.549955,8.945288],[-79.549764,8.945292],[-79.549075,8.945253],[-79.54903,8.945401],[-79.548976,8.945721],[-79.548964,8.945868],[-79.548953,8.945994],[-79.548909,8.946503]]}},{"type":"Feature","properties":{"name":null,"highway":"footway"},"geometry":{"type":"LineString","coordinates":[[-79.550191,8.94592],[-79.550059,8.945915]]}},{"type":"Feature","properties":{"name":null,"highway":"footway"},"geometry":{"type":"LineString","coordinates":[[-79.548792,8.945895],[-79.548831,8.945858],[-79.548964,8.945868]]}},{"type":"Feature","properties":{"name":null,"highway":"footway"},"geometry":{"type":"LineString","coordinates":[[-79.548792,8.945895],[-79.548771,8.945867],[-79.548723,8.945703],[-79.548976,8.945721]]}},{"type":"Feature","properties":{"name":null,"highway":"footway"},"geometry":{"type":"LineString","coordinates":[[-79.548723,8.945703],[-79.548542,8.945693],[-79.548508,8.945691]]}},{"type":"Feature","properties":{"name":null,"highway":"service"},"geometry":{"type":"LineString","coordinates":[[-79.548561,8.945925],[-79.5485,8.945874],[-79.548507,8.945709],[-79.548508,8.945691],[-79.548502,8.945579],[-79.548458,8.945491],[-79.548526,8.94542],[-79.548585,8.945339]]}},{"type":"Feature","properties":{"name":null,"highway":"secondary_link"},"geometry":{"type":"LineString","coordinates":[[-79.550462,8.940663],[-79.550461,8.940518]]}},{"type":"Feature","properties":{"name":null,"highway":"service"},"geometry":{"type":"LineString","coordinates":[[-79.546179,8.938858],[-79.546373,8.938921],[-79.547012,8.939131],[-79.548297,8.939563],[-79.548925,8.93974],[-79.5501,8.940095],[-79.550439,8.940194],[-79.550459,8.940233],[-79.550423,8.94032],[-79.55047,8.940325],[-79.550495,8.940335],[-79.550497,8.940352],[-79.550494,8.940384],[-79.550461,8.940518]]}},{"type":"Feature","properties":{"name":"Avenida de los Poetas","highway":"residential"},"geometry":{"type":"LineString","coordinates":[[-79.548106,8.947375],[-79.548646,8.947209],[-79.54866,8.9472],[-79.548672,8.947188],[-79.54868,8.947175]]}},{"type":"Feature","properties":{"name":null,"highway":"footway"},"geometry":{"type":"LineString","coordinates":[[-79.547601,8.946133],[-79.547565,8.946231],[-79.547488,8.946418],[-79.547417,8.946494],[-79.547333,8.946521],[-79.547172,8.946521],[-79.547118,8.946512],[-79.54708,8.946483],[-79.54702,8.946433]]}},{"type":"Feature","properties":{"name":null,"highway":"footway"},"geometry":{"type":"LineString","coordinates":[[-79.545119,8.947184],[-79.545094,8.947175],[-79.545041,8.947171],[-79.544983,8.947183],[-79.544867,8.947225],[-79.544813,8.947251],[-79.544782,8.947274],[-79.544759,8.947303],[-79.544749,8.947339],[-79.544748,8.94747]]}},{"type":"Feature","properties":{"name":null,"highway":"footway"},"geometry":{"type":"LineString","coordinates":[[-79.544867,8.947225],[-79.544878,8.947253],[-79.544895,8.94729],[-79.544941,8.947355],[-79.544956,8.947392],[-79.544955,8.947454],[-79.544945,8.947602],[-79.544924,8.947647],[-79.544888,8.947679],[-79.544839,8.947683],[-79.544797,8.947672],[-79.544762,8.947647],[-79.544747,8.947605],[-79.544748,8.94747]]}},{"type":"Feature","properties":{"name":null,"highway":"footway"},"geometry":{"type":"LineString","coordinates":[[-79.544983,8.947183],[-79.54491,8.946849]]}},{"type":"Feature","properties":{"name":null,"highway":"footway"},"geometry":{"type":"LineString","coordinates":[[-79.541251,8.948629],[-79.541252,8.948604],[-79.541263,8.948242],[-79.541264,8.948222],[-79.541259,8.948184],[-79.541257,8.948167],[-79.541256,8.948156]]}},{"type":"Feature","properties":{"name":null,"highway":"footway"},"geometry":{"type":"LineString","coordinates":[[-79.546542,8.94683],[-79.546484,8.946782],[-79.54645,8.946733],[-79.546415,8.946534]]}},{"type":"Feature","properties":{"name":null,"highway":"footway"},"geometry":{"type":"LineString","coordinates":[[-79.546417,8.947091],[-79.546377,8.946841],[-79.546333,8.946582]]}},{"type":"Feature","properties":{"name":null,"highway":"footway"},"geometry":{"type":"LineString","coordinates":[[-79.542463,8.949865],[-79.542447,8.949815],[-79.542378,8.949609]]}},{"type":"Feature","properties":{"name":null,"highway":"footway"},"geometry":{"type":"LineString","coordinates":[[-79.541527,8.949364],[-79.541552,8.949369],[-79.54158,8.949371],[-79.541609,8.949363],[-79.541671,8.949345],[-79.542004,8.949241],[-79.54223,8.949158],[-79.542591,8.949042],[-79.543159,8.948864],[-79.543218,8.948842]]}},{"type":"Feature","properties":{"name":null,"highway":"residential"},"geometry":{"type":"LineString","coordinates":[[-79.544377,8.948591],[-79.544352,8.948515]]}},{"type":"Feature","properties":{"name":null,"highway":"service"},"geometry":{"type":"LineString","coordinates":[[-79.549809,8.946773],[-79.549714,8.946693],[-79.549634,8.946611],[-79.549509,8.946514],[-79.549416,8.94651],[-79.549338,8.946532],[-79.549277,8.946566]]}},{"type":"Feature","properties":{"name":null,"highway":"service"},"geometry":{"type":"LineString","coordinates":[[-79.549509,8.946514],[-79.549618,8.946533],[-79.54974,8.946545]]}},{"type":"Feature","properties":{"name":null,"highway":"footway"},"geometry":{"type":"LineString","coordinates":[[-79.544782,8.947274],[-79.54472,8.947214],[-79.544696,8.947202],[-79.544657,8.947201],[-79.54438,8.947272],[-79.544173,8.947335],[-79.544103,8.947361],[-79.543922,8.947391],[-79.543559,8.947425]]}},{"type":"Feature","properties":{"name":null,"highway":"track"},"geometry":{"type":"LineString","coordinates":[[-79.542973,8.947567],[-79.542844,8.947592]]}},{"type":"Feature","properties":{"name":null,"highway":"footway"},"geometry":{"type":"LineString","coordinates":[[-79.542844,8.947592],[-79.542718,8.947623],[-79.542568,8.947697],[-79.542216,8.947849],[-79.541995,8.947936],[-79.541587,8.94807],[-79.541256,8.948156],[-79.541052,8.948181],[-79.540922,8.948227],[-79.540798,8.948281],[-79.540587,8.948376]]}},{"type":"Feature","properties":{"name":null,"highway":"service"},"geometry":{"type":"LineString","coordinates":[[-79.537908,8.950997],[-79.537376,8.951054]]}},{"type":"Feature","properties":{"name":null,"highway":"footway"},"geometry":{"type":"LineString","coordinates":[[-79.544192,8.951958],[-79.544187,8.951488]]}},{"type":"Feature","properties":{"name":null,"highway":"footway"},"geometry":{"type":"LineString","coordinates":[[-79.54424,8.953058],[-79.543565,8.952987]]}},{"type":"Feature","properties":{"name":null,"highway":"service"},"geometry":{"type":"LineString","coordinates":[[-79.545682,8.952608],[-79.546148,8.952668]]}},{"type":"Feature","properties":{"name":null,"highway":"service"},"geometry":{"type":"LineString","coordinates":[[-79.545678,8.952643],[-79.545528,8.952627],[-79.545503,8.952827]]}},{"type":"Feature","properties":{"name":null,"highway":"service"},"geometry":{"type":"LineString","coordinates":[[-79.545627,8.953165],[-79.54587,8.953187]]}},{"type":"Feature","properties":{"name":null,"highway":"service"},"geometry":{"type":"LineString","coordinates":[[-79.545593,8.95345],[-79.545847,8.953479]]}},{"type":"Feature","properties":{"name":null,"highway":"service"},"geometry":{"type":"LineString","coordinates":[[-79.545605,8.95336],[-79.545162,8.953303]]}},{"type":"Feature","properties":{"name":null,"highway":"footway"},"geometry":{"type":"LineString","coordinates":[[-79.547983,8.952089],[-79.547961,8.952119],[-79.547772,8.952376],[-79.547719,8.952447],[-79.547498,8.952738],[-79.547238,8.953078],[-79.546999,8.953406],[-79.546775,8.953705],[-79.546634,8.953892],[-79.546615,8.953904],[-79.54659,8.953939],[-79.546517,8.953943],[-79.546449,8.953875],[-79.546322,8.953879],[-79.546247,8.953906],[-79.546206,8.953931],[-79.546186,8.953958],[-79.54617,8.953961],[-79.546112,8.953943]]}},{"type":"Feature","properties":{"name":null,"highway":"footway"},"geometry":{"type":"LineString","coordinates":[[-79.548261,8.951612],[-79.548497,8.951744]]}},{"type":"Feature","properties":{"name":null,"highway":"footway"},"geometry":{"type":"LineString","coordinates":[[-79.544192,8.951958],[-79.544346,8.951956],[-79.544504,8.951955],[-79.544508,8.951492]]}},{"type":"Feature","properties":{"name":null,"highway":"footway"},"geometry":{"type":"LineString","coordinates":[[-79.544347,8.952093],[-79.544341,8.952139],[-79.544339,8.952157],[-79.544308,8.952405],[-79.544295,8.952523],[-79.544282,8.952635],[-79.544244,8.953016],[-79.54424,8.953058],[-79.545074,8.953158]]}},{"type":"Feature","properties":{"name":null,"highway":"footway"},"geometry":{"type":"LineString","coordinates":[[-79.544282,8.952635],[-79.545049,8.952736],[-79.545,8.9531],[-79.544244,8.953016],[-79.543544,8.95294]]}},{"type":"Feature","properties":{"name":null,"highway":"footway"},"geometry":{"type":"LineString","coordinates":[[-79.544282,8.952635],[-79.543516,8.952536],[-79.543529,8.952424],[-79.543541,8.952316],[-79.544308,8.952405]]}},{"type":"Feature","properties":{"name":null,"highway":"service"},"geometry":{"type":"LineString","coordinates":[[-79.545101,8.954326],[-79.545202,8.953904]]}},{"type":"Feature","properties":{"name":null,"highway":"service"},"geometry":{"type":"LineString","coordinates":[[-79.546562,8.954037],[-79.546405,8.953929],[-79.546275,8.95391],[-79.546203,8.953978],[-79.546197,8.953983],[-79.546189,8.954067],[-79.546299,8.954157],[-79.546412,8.954241]]}},{"type":"Feature","properties":{"name":null,"highway":"service"},"geometry":{"type":"LineString","coordinates":[[-79.540106,8.960529],[-79.540082,8.960345],[-79.540054,8.960177],[-79.539971,8.95994]]}},{"type":"Feature","properties":{"name":null,"highway":"footway"},"geometry":{"type":"LineString","coordinates":[[-79.532939,8.957618],[-79.533131,8.957744]]}},{"type":"Feature","properties":{"name":null,"highway":"steps"},"geometry":{"type":"LineString","coordinates":[[-79.536207,8.954689],[-79.536154,8.954601],[-79.536141,8.95458]]}},{"type":"Feature","properties":{"name":null,"highway":"steps"},"geometry":{"type":"LineString","coordinates":[[-79.536101,8.954303],[-79.536101,8.954324],[-79.5361,8.954418]]}},{"type":"Feature","properties":{"name":"Calle Culebra Rl","highway":"residential"},"geometry":{"type":"LineString","coordinates":[[-79.546611,8.959833],[-79.546416,8.960012],[-79.546246,8.960155],[-79.546155,8.96028],[-79.546125,8.960349],[-79.546114,8.960387],[-79.54611,8.96044],[-79.546135,8.960498],[-79.546181,8.960542],[-79.546313,8.960582],[-79.546892,8.960547],[-79.546976,8.960584],[-79.547022,8.960646],[-79.547024,8.960754],[-79.547029,8.960844],[-79.547034,8.960945],[-79.547012,8.961003],[-79.546933,8.961066]]}},{"type":"Feature","properties":{"name":null,"highway":"service"},"geometry":{"type":"LineString","coordinates":[[-79.546984,8.960292],[-79.546925,8.960256],[-79.546894,8.960219],[-79.546845,8.960107],[-79.546819,8.959984],[-79.54685,8.959945]]}},{"type":"Feature","properties":{"name":"Urgencia","highway":"service"},"geometry":{"type":"LineString","coordinates":[[-79.546138,8.959432],[-79.546157,8.959509],[-79.546156,8.959583],[-79.546146,8.959663],[-79.545623,8.960479]]}},{"type":"Feature","properties":{"name":null,"highway":"service"},"geometry":{"type":"LineString","coordinates":[[-79.546035,8.9609],[-79.546017,8.960988],[-79.546015,8.961152],[-79.546072,8.961394],[-79.546119,8.961574],[-79.546152,8.961694]]}},{"type":"Feature","properties":{"name":"Calle Culebra Rl","highway":"residential"},"geometry":{"type":"LineString","coordinates":[[-79.54534,8.959381],[-79.545422,8.959403],[-79.545514,8.959432],[-79.545548,8.95943],[-79.545625,8.959401],[-79.545766,8.959442],[-79.545885,8.959471],[-79.545979,8.959471],[-79.546037,8.959468],[-79.546138,8.959432]]}},{"type":"Feature","properties":{"name":null,"highway":"service"},"geometry":{"type":"LineString","coordinates":[[-79.536579,8.959578],[-79.536546,8.959555],[-79.536392,8.959437],[-79.536337,8.95939],[-79.536292,8.959354],[-79.536252,8.959332],[-79.536212,8.959324],[-79.536173,8.959328],[-79.536141,8.959346],[-79.53612,8.959376],[-79.536076,8.959497]]}},{"type":"Feature","properties":{"name":null,"highway":"footway"},"geometry":{"type":"LineString","coordinates":[[-79.536191,8.959126],[-79.536079,8.959376],[-79.536028,8.959529],[-79.535903,8.959862],[-79.535844,8.959973],[-79.535682,8.960168],[-79.535508,8.960335],[-79.535448,8.960387],[-79.535303,8.96046],[-79.535119,8.960518],[-79.535021,8.960546],[-79.534848,8.960569],[-79.534718,8.960572],[-79.534576,8.960557],[-79.534424,8.960518],[-79.534314,8.960481]]}},{"type":"Feature","properties":{"name":null,"highway":"footway"},"geometry":{"type":"LineString","coordinates":[[-79.535844,8.959973],[-79.535786,8.96008],[-79.535662,8.960244],[-79.535568,8.960338],[-79.535485,8.960391],[-79.535308,8.960487],[-79.53504,8.960582],[-79.534888,8.960612],[-79.534712,8.960621],[-79.534619,8.960619],[-79.53449,8.960596],[-79.53429,8.960532],[-79.534101,8.960454],[-79.53391,8.960369],[-79.533893,8.960364],[-79.533835,8.960347],[-79.533799,8.96035],[-79.533769,8.960367],[-79.533765,8.960398],[-79.53377,8.960446]]}},{"type":"Feature","properties":{"name":null,"highway":"footway"},"geometry":{"type":"LineString","coordinates":[[-79.535568,8.960338],[-79.53531,8.960513],[-79.535126,8.96061],[-79.534968,8.960655],[-79.534715,8.960686],[-79.534592,8.960678],[-79.534472,8.960647],[-79.534273,8.960581],[-79.534181,8.960535],[-79.534075,8.960473],[-79.533949,8.960401],[-79.533893,8.960364]]}},{"type":"Feature","properties":{"name":null,"highway":"footway"},"geometry":{"type":"LineString","coordinates":[[-79.535568,8.960338],[-79.535514,8.960429],[-79.535481,8.960481]]}},{"type":"Feature","properties":{"name":null,"highway":"footway"},"geometry":{"type":"LineString","coordinates":[[-79.534698,8.96076],[-79.534523,8.960762],[-79.534396,8.960817],[-79.534354,8.96092],[-79.534359,8.961105],[-79.534366,8.961187],[-79.534348,8.961308],[-79.534177,8.961469],[-79.534098,8.961549],[-79.533992,8.96173]]}},{"type":"Feature","properties":{"name":null,"highway":"footway"},"geometry":{"type":"LineString","coordinates":[[-79.534348,8.961308],[-79.534544,8.96131],[-79.53462,8.961274],[-79.534691,8.961139]]}},{"type":"Feature","properties":{"name":null,"highway":"footway"},"geometry":{"type":"LineString","coordinates":[[-79.534307,8.962504],[-79.534365,8.962413],[-79.534437,8.962364],[-79.534517,8.96231],[-79.534594,8.962252],[-79.534683,8.962215],[-79.534714,8.962216],[-79.534758,8.962218],[-79.534875,8.962263]]}},{"type":"Feature","properties":{"name":null,"highway":"footway"},"geometry":{"type":"LineString","coordinates":[[-79.534714,8.962216],[-79.534697,8.962173],[-79.534678,8.962127],[-79.534649,8.962062],[-79.534626,8.962009],[-79.534604,8.96196]]}},{"type":"Feature","properties":{"name":null,"highway":"footway"},"geometry":{"type":"LineString","coordinates":[[-79.534697,8.962173],[-79.534524,8.962156],[-79.534346,8.962112],[-79.534257,8.962065],[-79.534186,8.962015],[-79.534122,8.961963]]}},{"type":"Feature","properties":{"name":null,"highway":"footway"},"geometry":{"type":"LineString","coordinates":[[-79.534407,8.962993],[-79.534531,8.963055],[-79.534612,8.963081],[-79.534728,8.963076],[-79.534801,8.963057],[-79.534818,8.963052],[-79.534831,8.963046]]}},{"type":"Feature","properties":{"name":null,"highway":"service"},"geometry":{"type":"LineString","coordinates":[[-79.535368,8.962445],[-79.535217,8.962519],[-79.535176,8.962545],[-79.535139,8.962574],[-79.535059,8.962703],[-79.535029,8.962756],[-79.534959,8.962879],[-79.534913,8.962979],[-79.534892,8.963048],[-79.534739,8.963338],[-79.534654,8.963506],[-79.534537,8.963729],[-79.53436,8.964048],[-79.534302,8.964163],[-79.534303,8.96425],[-79.534318,8.964346],[-79.534332,8.964462]]}},{"type":"Feature","properties":{"name":null,"highway":"service"},"geometry":{"type":"LineString","coordinates":[[-79.533645,8.966354],[-79.533699,8.96625],[-79.533717,8.966183],[-79.533697,8.966134],[-79.533653,8.966113],[-79.533607,8.966131],[-79.533342,8.96644],[-79.532897,8.966966],[-79.532879,8.967016],[-79.532895,8.967053],[-79.532915,8.967072],[-79.532968,8.967075],[-79.533022,8.96704],[-79.533085,8.966999]]}},{"type":"Feature","properties":{"name":null,"highway":"footway"},"geometry":{"type":"LineString","coordinates":[[-79.535753,8.961164],[-79.535741,8.961144],[-79.535725,8.961117],[-79.535544,8.961037]]}},{"type":"Feature","properties":{"name":null,"highway":"footway"},"geometry":{"type":"LineString","coordinates":[[-79.533959,8.961417],[-79.534132,8.961226],[-79.534097,8.960949],[-79.533995,8.960844],[-79.53389,8.960814],[-79.533818,8.960837],[-79.533771,8.960887],[-79.533857,8.96106],[-79.533932,8.961104],[-79.534,8.961072],[-79.53399,8.961003]]}},{"type":"Feature","properties":{"name":null,"highway":"footway"},"geometry":{"type":"LineString","coordinates":[[-79.533855,8.961408],[-79.533774,8.961443],[-79.533753,8.961482],[-79.533737,8.961536],[-79.533735,8.961571]]}},{"type":"Feature","properties":{"name":null,"highway":"service"},"geometry":{"type":"LineString","coordinates":[[-79.535176,8.962545],[-79.535133,8.962526],[-79.535114,8.962517],[-79.535014,8.962473],[-79.53498,8.962469],[-79.534927,8.962464]]}},{"type":"Feature","properties":{"name":null,"highway":"service"},"geometry":{"type":"LineString","coordinates":[[-79.535029,8.962756],[-79.535011,8.962744],[-79.534992,8.962732],[-79.534943,8.9627],[-79.534935,8.962669],[-79.53494,8.962604]]}},{"type":"Feature","properties":{"name":null,"highway":"service"},"geometry":{"type":"LineString","coordinates":[[-79.534943,8.9627],[-79.534799,8.962694]]}},{"type":"Feature","properties":{"name":null,"highway":"service"},"geometry":{"type":"LineString","coordinates":[[-79.535014,8.962473],[-79.534952,8.962426],[-79.53492,8.962411],[-79.53481,8.962402]]}},{"type":"Feature","properties":{"name":null,"highway":"service"},"geometry":{"type":"LineString","coordinates":[[-79.53528,8.963622],[-79.535312,8.963395],[-79.535309,8.963284],[-79.535286,8.963226],[-79.535225,8.963194]]}},{"type":"Feature","properties":{"name":null,"highway":"service"},"geometry":{"type":"LineString","coordinates":[[-79.535423,8.963369],[-79.535427,8.963133],[-79.535452,8.963081],[-79.535502,8.96301],[-79.535533,8.962973],[-79.535595,8.962948],[-79.535664,8.962935]]}},{"type":"Feature","properties":{"name":null,"highway":"service"},"geometry":{"type":"LineString","coordinates":[[-79.536912,8.960724],[-79.536925,8.960587],[-79.537007,8.96043],[-79.537057,8.960316],[-79.537064,8.960253],[-79.537045,8.960192],[-79.537035,8.960168],[-79.537038,8.960145],[-79.53706,8.960097],[-79.537092,8.960057],[-79.537195,8.960013],[-79.537246,8.959985],[-79.537282,8.95994],[-79.537351,8.959875],[-79.537428,8.959823]]}},{"type":"Feature","properties":{"name":null,"highway":"service"},"geometry":{"type":"LineString","coordinates":[[-79.537092,8.960057],[-79.537119,8.960007],[-79.537209,8.95984],[-79.537126,8.959816],[-79.536957,8.959858],[-79.536919,8.959892],[-79.536824,8.959976],[-79.536795,8.960018],[-79.536714,8.960138],[-79.536699,8.96016],[-79.536662,8.960279],[-79.536636,8.960365],[-79.536632,8.960445],[-79.536629,8.960509],[-79.536646,8.960658],[-79.53668,8.960738],[-79.536715,8.960748],[-79.536823,8.960534],[-79.536887,8.960407],[-79.536894,8.960397],[-79.536966,8.960279],[-79.537035,8.960168]]}},{"type":"Feature","properties":{"name":null,"highway":"service"},"geometry":{"type":"LineString","coordinates":[[-79.537119,8.960007],[-79.536919,8.959892]]}},{"type":"Feature","properties":{"name":null,"highway":"service"},"geometry":{"type":"LineString","coordinates":[[-79.537038,8.960145],[-79.536795,8.960018]]}},{"type":"Feature","properties":{"name":null,"highway":"service"},"geometry":{"type":"LineString","coordinates":[[-79.536966,8.960279],[-79.536714,8.960138]]}},{"type":"Feature","properties":{"name":null,"highway":"service"},"geometry":{"type":"LineString","coordinates":[[-79.536894,8.960397],[-79.536662,8.960279]]}},{"type":"Feature","properties":{"name":null,"highway":"service"},"geometry":{"type":"LineString","coordinates":[[-79.536823,8.960534],[-79.536632,8.960445]]}},{"type":"Feature","properties":{"name":null,"highway":"footway"},"geometry":{"type":"LineString","coordinates":[[-79.537655,8.959434],[-79.53756,8.959238]]}},{"type":"Feature","properties":{"name":null,"highway":"footway"},"geometry":{"type":"LineString","coordinates":[[-79.5367,8.958407],[-79.537431,8.95858],[-79.537529,8.958584]]}},{"type":"Feature","properties":{"name":null,"highway":"service"},"geometry":{"type":"LineString","coordinates":[[-79.53842,8.958578],[-79.538495,8.958789]]}},{"type":"Feature","properties":{"name":null,"highway":"service"},"geometry":{"type":"LineString","coordinates":[[-79.538132,8.958961],[-79.53822,8.958994],[-79.538524,8.959067]]}},{"type":"Feature","properties":{"name":null,"highway":"cycleway"},"geometry":{"type":"LineString","coordinates":[[-79.535932,8.954982],[-79.53592,8.955484],[-79.535927,8.955509],[-79.536036,8.955792],[-79.536112,8.955991],[-79.536152,8.956103],[-79.536201,8.956234],[-79.536212,8.956293],[-79.536213,8.956362],[-79.536208,8.956455],[-79.536168,8.956575],[-79.536117,8.956646],[-79.536057,8.956704],[-79.53598,8.956746],[-79.535874,8.95677],[-79.53575,8.95678],[-79.535375,8.956766],[-79.535008,8.956742],[-79.534728,8.956723],[-79.534335,8.956678],[-79.534138,8.956625],[-79.533908,8.956594],[-79.533527,8.956607],[-79.533105,8.956623],[-79.533085,8.956696],[-79.532977,8.957114],[-79.534406,8.957212],[-79.535355,8.957284],[-79.535576,8.957341],[-79.535787,8.957428],[-79.536041,8.957589]]}},{"type":"Feature","properties":{"name":null,"highway":"footway"},"geometry":{"type":"LineString","coordinates":[[-79.536,8.955214],[-79.535991,8.955224],[-79.535987,8.955236],[-79.535986,8.955249],[-79.53599,8.955262],[-79.535997,8.955273],[-79.536008,8.955281],[-79.536021,8.955286],[-79.536036,8.955285],[-79.536049,8.95528],[-79.53606,8.955271],[-79.536067,8.955258],[-79.536069,8.955244],[-79.536067,8.95523],[-79.53606,8.955218],[-79.536049,8.955209],[-79.536037,8.955204],[-79.536024,8.955204],[-79.536011,8.955207],[-79.536,8.955214]]}},{"type":"Feature","properties":{"name":null,"highway":"footway"},"geometry":{"type":"LineString","coordinates":[[-79.536455,8.954761],[-79.536601,8.954641]]}},{"type":"Feature","properties":{"name":null,"highway":"footway"},"geometry":{"type":"LineString","coordinates":[[-79.534649,8.962062],[-79.5346,8.962069],[-79.534509,8.962057],[-79.534432,8.962031],[-79.534374,8.961995],[-79.534292,8.961919],[-79.534252,8.961859],[-79.534236,8.961792],[-79.534233,8.961728],[-79.53425,8.961676],[-79.534274,8.96164],[-79.534309,8.961604],[-79.534347,8.961581],[-79.534381,8.961572]]}},{"type":"Feature","properties":{"name":null,"highway":"footway"},"geometry":{"type":"LineString","coordinates":[[-79.534396,8.96157],[-79.534448,8.961566],[-79.534495,8.961569],[-79.534541,8.961575],[-79.534581,8.961586],[-79.534624,8.961605],[-79.534661,8.961623],[-79.534702,8.961652],[-79.534738,8.961689],[-79.534766,8.961724],[-79.534787,8.96176],[-79.534802,8.961795],[-79.534811,8.96182],[-79.534815,8.961863],[-79.534812,8.961897],[-79.534801,8.961933],[-79.534788,8.961962],[-79.534764,8.961999],[-79.534739,8.962023],[-79.534711,8.962042],[-79.534695,8.96205],[-79.534649,8.962062]]}},{"type":"Feature","properties":{"name":null,"highway":"footway"},"geometry":{"type":"LineString","coordinates":[[-79.534626,8.962009],[-79.534567,8.962011],[-79.534528,8.962008],[-79.534492,8.961996],[-79.534468,8.961987],[-79.534419,8.961961],[-79.534379,8.961926]]}},{"type":"Feature","properties":{"name":null,"highway":"footway"},"geometry":{"type":"LineString","coordinates":[[-79.534379,8.961926],[-79.534351,8.961893],[-79.534331,8.96186],[-79.534318,8.961826],[-79.534313,8.961788],[-79.534315,8.96175],[-79.534328,8.961718],[-79.534341,8.961697],[-79.534356,8.961678]]}},{"type":"Feature","properties":{"name":null,"highway":"footway"},"geometry":{"type":"LineString","coordinates":[[-79.534371,8.961664],[-79.534411,8.961641],[-79.534445,8.961634],[-79.534486,8.961633],[-79.534538,8.961638],[-79.534586,8.961651],[-79.534628,8.961673],[-79.534669,8.961699],[-79.534702,8.96173],[-79.534727,8.961763],[-79.534746,8.961804],[-79.534754,8.961841],[-79.534751,8.961885],[-79.534737,8.961928],[-79.534714,8.96196],[-79.534675,8.961986],[-79.534626,8.962009]]}},{"type":"Feature","properties":{"name":null,"highway":"footway"},"geometry":{"type":"LineString","coordinates":[[-79.536176,8.955268],[-79.536113,8.955196],[-79.536035,8.955103],[-79.535932,8.954982]]}},{"type":"Feature","properties":{"name":null,"highway":"steps"},"geometry":{"type":"LineString","coordinates":[[-79.536201,8.955131],[-79.536113,8.955196]]}},{"type":"Feature","properties":{"name":null,"highway":"steps"},"geometry":{"type":"LineString","coordinates":[[-79.536035,8.955103],[-79.536122,8.955033]]}},{"type":"Feature","properties":{"name":null,"highway":"steps"},"geometry":{"type":"LineString","coordinates":[[-79.535969,8.954881],[-79.536039,8.954936]]}},{"type":"Feature","properties":{"name":null,"highway":"footway"},"geometry":{"type":"LineString","coordinates":[[-79.535962,8.954299],[-79.535954,8.95451],[-79.535936,8.954908]]}},{"type":"Feature","properties":{"name":null,"highway":"service"},"geometry":{"type":"LineString","coordinates":[[-79.534936,8.953531],[-79.534964,8.953531],[-79.535038,8.953532]]}},{"type":"Feature","properties":{"name":null,"highway":"footway"},"geometry":{"type":"LineString","coordinates":[[-79.534692,8.952851],[-79.534698,8.952799],[-79.534701,8.952771],[-79.534703,8.952743],[-79.534718,8.952604]]}},{"type":"Feature","properties":{"name":null,"highway":"footway"},"geometry":{"type":"LineString","coordinates":[[-79.534753,8.952369],[-79.534777,8.952175]]}},{"type":"Feature","properties":{"name":null,"highway":"footway"},"geometry":{"type":"LineString","coordinates":[[-79.534927,8.952391],[-79.534897,8.952628],[-79.534886,8.952707],[-79.53487,8.952733],[-79.534837,8.95275],[-79.534806,8.952755],[-79.534703,8.952743],[-79.534611,8.952734],[-79.534574,8.952718],[-79.534552,8.952693],[-79.534543,8.95267],[-79.534552,8.952581],[-79.534577,8.952346],[-79.534585,8.952266],[-79.534591,8.952212],[-79.534614,8.952185],[-79.534648,8.952159],[-79.534777,8.952175],[-79.53488,8.952188],[-79.53491,8.9522],[-79.53493,8.952222],[-79.534943,8.952261],[-79.534927,8.952391]]}},{"type":"Feature","properties":{"name":null,"highway":"footway"},"geometry":{"type":"LineString","coordinates":[[-79.534785,8.952613],[-79.534809,8.952377]]}},{"type":"Feature","properties":{"name":null,"highway":"footway"},"geometry":{"type":"LineString","coordinates":[[-79.53465,8.952595],[-79.534674,8.95236]]}},{"type":"Feature","properties":{"name":null,"highway":"footway"},"geometry":{"type":"LineString","coordinates":[[-79.537032,8.951805],[-79.537012,8.952109],[-79.536993,8.952136],[-79.536952,8.952143],[-79.536752,8.952123],[-79.53655,8.952103],[-79.536505,8.952078],[-79.536492,8.952052],[-79.536523,8.951773],[-79.536548,8.951748],[-79.536564,8.951734],[-79.536787,8.951759],[-79.536994,8.951782],[-79.537032,8.951805]]}},{"type":"Feature","properties":{"name":null,"highway":"footway"},"geometry":{"type":"LineString","coordinates":[[-79.532342,8.950122],[-79.53232,8.95005],[-79.532314,8.950017],[-79.532286,8.949886],[-79.532225,8.949673],[-79.532193,8.949584],[-79.532176,8.949537]]}},{"type":"Feature","properties":{"name":null,"highway":"footway"},"geometry":{"type":"LineString","coordinates":[[-79.532314,8.950017],[-79.531951,8.950073],[-79.531915,8.949976],[-79.531853,8.949789],[-79.531936,8.949585],[-79.531964,8.949528],[-79.531981,8.949441],[-79.531977,8.949403],[-79.532001,8.949369],[-79.532031,8.949373],[-79.532064,8.949385],[-79.532104,8.949448],[-79.532128,8.949538],[-79.53214,8.949559],[-79.532193,8.949584]]}},{"type":"Feature","properties":{"name":null,"highway":"footway"},"geometry":{"type":"LineString","coordinates":[[-79.533405,8.953458],[-79.533374,8.953436],[-79.533362,8.9534],[-79.533372,8.953279],[-79.533385,8.953123],[-79.5334,8.953099],[-79.533422,8.953093],[-79.533654,8.953115],[-79.533683,8.953141],[-79.533689,8.953191],[-79.533678,8.953308],[-79.533666,8.953442],[-79.53365,8.953465],[-79.533628,8.953478],[-79.533405,8.953458]]}},{"type":"Feature","properties":{"name":null,"highway":"living_street"},"geometry":{"type":"LineString","coordinates":[[-79.538243,8.951881],[-79.538245,8.951921],[-79.538283,8.952399],[-79.538298,8.952427]]}},{"type":"Feature","properties":{"name":null,"highway":"footway"},"geometry":{"type":"LineString","coordinates":[[-79.536511,8.958863],[-79.53619,8.958801],[-79.536071,8.958777],[-79.535298,8.958595],[-79.535318,8.958516]]}},{"type":"Feature","properties":{"name":null,"highway":"steps"},"geometry":{"type":"LineString","coordinates":[[-79.541109,8.96213],[-79.541006,8.962111]]}},{"type":"Feature","properties":{"name":null,"highway":"steps"},"geometry":{"type":"LineString","coordinates":[[-79.54111,8.961793],[-79.541023,8.96183]]}},{"type":"Feature","properties":{"name":null,"highway":"steps"},"geometry":{"type":"LineString","coordinates":[[-79.541687,8.961537],[-79.541656,8.961597]]}},{"type":"Feature","properties":{"name":null,"highway":"footway"},"geometry":{"type":"LineString","coordinates":[[-79.541656,8.961597],[-79.541657,8.961887],[-79.541658,8.962021],[-79.541659,8.9623]]}},{"type":"Feature","properties":{"name":null,"highway":"footway"},"geometry":{"type":"LineString","coordinates":[[-79.541658,8.962021],[-79.541329,8.962028],[-79.541266,8.962091],[-79.541247,8.962173]]}},{"type":"Feature","properties":{"name":null,"highway":"footway"},"geometry":{"type":"LineString","coordinates":[[-79.541657,8.961887],[-79.541353,8.961891],[-79.541301,8.961868],[-79.541225,8.961729]]}},{"type":"Feature","properties":{"name":null,"highway":"service"},"geometry":{"type":"LineString","coordinates":[[-79.543864,8.964139],[-79.54396,8.964203],[-79.544066,8.964205],[-79.544118,8.964145],[-79.544116,8.964063],[-79.544109,8.963792],[-79.54412,8.963704]]}},{"type":"Feature","properties":{"name":null,"highway":"service"},"geometry":{"type":"LineString","coordinates":[[-79.543933,8.963785],[-79.544109,8.963792]]}},{"type":"Feature","properties":{"name":null,"highway":"service"},"geometry":{"type":"LineString","coordinates":[[-79.543546,8.961337],[-79.543828,8.961433]]}},{"type":"Feature","properties":{"name":null,"highway":"residential"},"geometry":{"type":"LineString","coordinates":[[-79.54812,8.947284],[-79.548106,8.947375]]}},{"type":"Feature","properties":{"name":null,"highway":"primary_link"},"geometry":{"type":"LineString","coordinates":[[-79.547411,8.94696],[-79.547781,8.946915],[-79.547996,8.946901],[-79.548045,8.946913],[-79.548102,8.946949],[-79.548138,8.947003],[-79.548164,8.947071],[-79.548165,8.947115],[-79.548165,8.947154],[-79.548155,8.947206],[-79.548141,8.947244],[-79.548132,8.947263],[-79.54812,8.947284]]}},{"type":"Feature","properties":{"name":null,"highway":"service"},"geometry":{"type":"LineString","coordinates":[[-79.549166,8.951787],[-79.549446,8.951409],[-79.549477,8.951341],[-79.549513,8.951216],[-79.549531,8.951069],[-79.549556,8.950863],[-79.549562,8.950768],[-79.549554,8.950607],[-79.549553,8.950393],[-79.549566,8.950242],[-79.549574,8.950095],[-79.549613,8.949969],[-79.549696,8.949815],[-79.549737,8.94972],[-79.549752,8.949604],[-79.549743,8.949494],[-79.54974,8.949388],[-79.549752,8.949289],[-79.549792,8.9492]]}},{"type":"Feature","properties":{"name":null,"highway":"service"},"geometry":{"type":"LineString","coordinates":[[-79.549792,8.9492],[-79.549854,8.949076],[-79.549928,8.948978],[-79.55002,8.948946],[-79.550086,8.948987],[-79.550117,8.949122],[-79.550122,8.949282],[-79.550195,8.949584],[-79.55033,8.949799],[-79.550471,8.950032],[-79.5505,8.950197],[-79.550486,8.950518],[-79.550433,8.950737],[-79.55046,8.95084],[-79.550441,8.950958],[-79.550382,8.951046],[-79.550289,8.951134]]}},{"type":"Feature","properties":{"name":null,"highway":"footway"},"geometry":{"type":"LineString","coordinates":[[-79.534465,8.952324],[-79.533851,8.952265],[-79.533822,8.952563],[-79.533811,8.952668],[-79.533802,8.952758],[-79.53378,8.952988],[-79.533774,8.953051],[-79.533878,8.953061],[-79.534118,8.953084],[-79.534389,8.95311],[-79.5344,8.952991],[-79.534415,8.952837],[-79.534426,8.952727],[-79.534435,8.952629],[-79.534438,8.952597],[-79.534465,8.952324]]}},{"type":"Feature","properties":{"name":null,"highway":"footway"},"geometry":{"type":"LineString","coordinates":[[-79.53387,8.952216],[-79.533881,8.952084],[-79.533894,8.951944],[-79.5339,8.951875],[-79.533919,8.951677],[-79.533941,8.951443],[-79.534133,8.951461],[-79.534283,8.951475],[-79.534446,8.95149],[-79.534544,8.951499],[-79.53454,8.951538],[-79.534532,8.951632],[-79.534522,8.951734],[-79.534511,8.951848],[-79.534502,8.951938],[-79.534492,8.952036],[-79.53449,8.952055],[-79.534469,8.95227],[-79.534294,8.952254],[-79.534209,8.952246],[-79.534109,8.952237],[-79.534039,8.952231],[-79.53387,8.952216]]}},{"type":"Feature","properties":{"name":null,"highway":"footway"},"geometry":{"type":"LineString","coordinates":[[-79.535756,8.952388],[-79.535614,8.952374],[-79.535384,8.952352],[-79.535177,8.952332],[-79.535117,8.952326],[-79.535073,8.952286],[-79.535077,8.952245],[-79.535087,8.952118],[-79.53509,8.952076],[-79.535122,8.951606],[-79.535193,8.951612],[-79.535321,8.951628],[-79.535826,8.951668],[-79.535795,8.952057],[-79.53579,8.952116],[-79.535764,8.952372],[-79.535756,8.952388]]}},{"type":"Feature","properties":{"name":null,"highway":"footway"},"geometry":{"type":"LineString","coordinates":[[-79.53639,8.95247],[-79.536236,8.952456],[-79.53613,8.952447],[-79.535973,8.952433],[-79.535799,8.952417],[-79.535801,8.9524],[-79.535819,8.952208],[-79.535827,8.952124],[-79.535921,8.952132],[-79.535999,8.952139],[-79.536156,8.952153],[-79.536263,8.952162],[-79.536417,8.952176],[-79.53639,8.95247]]}},{"type":"Feature","properties":{"name":null,"highway":"footway"},"geometry":{"type":"LineString","coordinates":[[-79.53642,8.952109],[-79.536242,8.952093],[-79.536042,8.952075],[-79.535843,8.952056],[-79.535858,8.951894],[-79.535872,8.951757],[-79.535882,8.951653],[-79.535897,8.951639],[-79.536,8.951649],[-79.536153,8.951664],[-79.536309,8.951679],[-79.536375,8.951685],[-79.53646,8.951694],[-79.536444,8.951857],[-79.536441,8.951896],[-79.53642,8.952109]]}},{"type":"Feature","properties":{"name":null,"highway":"footway"},"geometry":{"type":"LineString","coordinates":[[-79.535845,8.951579],[-79.535828,8.951587],[-79.535723,8.951577],[-79.535639,8.951568],[-79.535578,8.951563],[-79.535512,8.951556],[-79.535433,8.951548],[-79.535368,8.951542],[-79.535286,8.951534],[-79.535146,8.95152],[-79.535133,8.951508],[-79.535145,8.951387],[-79.535154,8.951285],[-79.535183,8.951004],[-79.535264,8.951013],[-79.535811,8.951074],[-79.535908,8.951085],[-79.535885,8.951287],[-79.535867,8.951456],[-79.535855,8.951568],[-79.535845,8.951579]]}},{"type":"Feature","properties":{"name":null,"highway":"footway"},"geometry":{"type":"LineString","coordinates":[[-79.53558,8.952897],[-79.535585,8.952841],[-79.535524,8.952836],[-79.535357,8.952819],[-79.535024,8.952789],[-79.535006,8.952779],[-79.534999,8.952757],[-79.535015,8.952599],[-79.53503,8.952433],[-79.535044,8.952397],[-79.535073,8.952384],[-79.535646,8.952446],[-79.535742,8.952464],[-79.535751,8.952474],[-79.53576,8.952484],[-79.535737,8.952724],[-79.53572,8.95291],[-79.53558,8.952897]]}},{"type":"Feature","properties":{"name":null,"highway":"footway"},"geometry":{"type":"LineString","coordinates":[[-79.534669,8.952849],[-79.534658,8.952962],[-79.534653,8.953011],[-79.534642,8.953125],[-79.534562,8.953118],[-79.534504,8.953112],[-79.534424,8.953104],[-79.534435,8.95299],[-79.53444,8.952941],[-79.534451,8.952828],[-79.534531,8.952836],[-79.53459,8.952841],[-79.534669,8.952849]]}},{"type":"Feature","properties":{"name":null,"highway":"footway"},"geometry":{"type":"LineString","coordinates":[[-79.533346,8.952691],[-79.53332,8.952977],[-79.5333,8.952993],[-79.532867,8.952958],[-79.532894,8.952657],[-79.532918,8.952357],[-79.533023,8.952365],[-79.533034,8.952228],[-79.533282,8.952247],[-79.533272,8.952384],[-79.53337,8.952392],[-79.533346,8.952691]]}},{"type":"Feature","properties":{"name":null,"highway":"footway"},"geometry":{"type":"LineString","coordinates":[[-79.532757,8.952955],[-79.532822,8.952207],[-79.532814,8.952182],[-79.532753,8.952136],[-79.532664,8.952072],[-79.532625,8.952038],[-79.532618,8.952033],[-79.532605,8.951992],[-79.532586,8.951983],[-79.532529,8.951956],[-79.53234,8.951797],[-79.532312,8.951761],[-79.532288,8.951703]]}},{"type":"Feature","properties":{"name":null,"highway":"footway"},"geometry":{"type":"LineString","coordinates":[[-79.532357,8.951293],[-79.532346,8.951443],[-79.532343,8.951486],[-79.532345,8.95161],[-79.532387,8.95174],[-79.532421,8.951798],[-79.53247,8.951836],[-79.532589,8.951911],[-79.532623,8.951889],[-79.532638,8.951751],[-79.532643,8.951697],[-79.532649,8.951641],[-79.532663,8.951512],[-79.532683,8.951318],[-79.532521,8.951305],[-79.532357,8.951293]]}},{"type":"Feature","properties":{"name":null,"highway":"footway"},"geometry":{"type":"LineString","coordinates":[[-79.533429,8.952172],[-79.53331,8.952162],[-79.533194,8.952151],[-79.533106,8.952126],[-79.533085,8.952107],[-79.533032,8.952082],[-79.532925,8.952062],[-79.532915,8.952018],[-79.532772,8.951967],[-79.532644,8.951923],[-79.532666,8.951739],[-79.532675,8.951649],[-79.532687,8.95153],[-79.532692,8.95148],[-79.532708,8.951319],[-79.532817,8.951329],[-79.532905,8.951338],[-79.533033,8.951351],[-79.533129,8.951361],[-79.533317,8.951379],[-79.533481,8.951396],[-79.533503,8.951416],[-79.533476,8.951725],[-79.533468,8.951812],[-79.533461,8.951875],[-79.533445,8.952003],[-79.533429,8.952172]]}},{"type":"Feature","properties":{"name":null,"highway":"footway"},"geometry":{"type":"LineString","coordinates":[[-79.533832,8.952216],[-79.533701,8.952204],[-79.533594,8.952195],[-79.533461,8.952182],[-79.533473,8.952057],[-79.533487,8.951912],[-79.533496,8.951828],[-79.5335,8.951778],[-79.533512,8.951653],[-79.533516,8.951628],[-79.533519,8.951596],[-79.533538,8.95143],[-79.533568,8.951404],[-79.533649,8.95141],[-79.533739,8.951417],[-79.533914,8.95143],[-79.533894,8.951626],[-79.53388,8.951742],[-79.533872,8.951814],[-79.533867,8.951864],[-79.533858,8.951947],[-79.533846,8.952071],[-79.533832,8.952216]]}},{"type":"Feature","properties":{"name":null,"highway":"footway"},"geometry":{"type":"LineString","coordinates":[[-79.533577,8.95103],[-79.533559,8.951021],[-79.533553,8.951103],[-79.53354,8.951242],[-79.533531,8.951353],[-79.533422,8.951342],[-79.533376,8.951339],[-79.533323,8.951333],[-79.533252,8.951327],[-79.533117,8.951314],[-79.532934,8.951294],[-79.532855,8.951285],[-79.532687,8.950661],[-79.532653,8.950671]]}},{"type":"Feature","properties":{"name":null,"highway":"footway"},"geometry":{"type":"LineString","coordinates":[[-79.533988,8.950972],[-79.533952,8.950967],[-79.533946,8.951035],[-79.533939,8.951114],[-79.533925,8.951253],[-79.533923,8.951273],[-79.533913,8.951377],[-79.533899,8.951394],[-79.533827,8.951387],[-79.533746,8.951379],[-79.533643,8.951368],[-79.533553,8.951357],[-79.533573,8.951095],[-79.533577,8.95103]]}},{"type":"Feature","properties":{"name":null,"highway":"footway"},"geometry":{"type":"LineString","coordinates":[[-79.534629,8.950853],[-79.534609,8.950822],[-79.534594,8.950998],[-79.534589,8.951053],[-79.534584,8.951118],[-79.534577,8.951194],[-79.534571,8.951271],[-79.534555,8.951452],[-79.534458,8.951443],[-79.534419,8.951439],[-79.534377,8.951435],[-79.534256,8.951424],[-79.534154,8.951414],[-79.533954,8.951396],[-79.533966,8.951283],[-79.533988,8.950972]]}},{"type":"Feature","properties":{"name":null,"highway":"footway"},"geometry":{"type":"LineString","coordinates":[[-79.534898,8.950922],[-79.534871,8.95092],[-79.534867,8.950973],[-79.534864,8.951007],[-79.53486,8.95105],[-79.534853,8.951135],[-79.534842,8.951269],[-79.534834,8.951354],[-79.534824,8.951481],[-79.534687,8.951469],[-79.53458,8.95146],[-79.53459,8.951333],[-79.534597,8.951249],[-79.534608,8.951115],[-79.534619,8.950987],[-79.534629,8.950853]]}},{"type":"Feature","properties":{"name":null,"highway":"footway"},"geometry":{"type":"LineString","coordinates":[[-79.535162,8.951003],[-79.535148,8.951138],[-79.535136,8.951252],[-79.535121,8.951393],[-79.535109,8.951518],[-79.534931,8.951501],[-79.534868,8.951495],[-79.534872,8.951447],[-79.53488,8.95137],[-79.534893,8.951228],[-79.534904,8.951114],[-79.534917,8.950979],[-79.53505,8.950992],[-79.535162,8.951003]]}},{"type":"Feature","properties":{"name":null,"highway":"footway"},"geometry":{"type":"LineString","coordinates":[[-79.536463,8.951651],[-79.536055,8.951615],[-79.53606,8.951553],[-79.535994,8.951547],[-79.535936,8.951541],[-79.535894,8.951537],[-79.535897,8.951501],[-79.535927,8.951206],[-79.53594,8.951082],[-79.536068,8.951096],[-79.536241,8.951114],[-79.536507,8.951141],[-79.536502,8.951188],[-79.536498,8.951252],[-79.536463,8.951651]]}},{"type":"Feature","properties":{"name":null,"highway":"footway"},"geometry":{"type":"LineString","coordinates":[[-79.537051,8.952226],[-79.53704,8.95237],[-79.537027,8.952522],[-79.536922,8.952513],[-79.536855,8.952508],[-79.53666,8.952492],[-79.536511,8.95248],[-79.536414,8.952472],[-79.536438,8.952177],[-79.536536,8.952185],[-79.536684,8.952197],[-79.536946,8.952218],[-79.537051,8.952226]]}},{"type":"Feature","properties":{"name":null,"highway":"footway"},"geometry":{"type":"LineString","coordinates":[[-79.537919,8.951298],[-79.537932,8.951437],[-79.537942,8.951536],[-79.537952,8.951638],[-79.537968,8.951804],[-79.537823,8.951789],[-79.537706,8.951776],[-79.53762,8.951766],[-79.537499,8.951753],[-79.537234,8.951723],[-79.537038,8.951705],[-79.536921,8.951691],[-79.536919,8.951542],[-79.536919,8.951405],[-79.536919,8.951364],[-79.536938,8.951347],[-79.537074,8.951343],[-79.53722,8.951339],[-79.537451,8.951327],[-79.537494,8.951325],[-79.537574,8.951322],[-79.53758,8.951321],[-79.537688,8.951315],[-79.537768,8.951309],[-79.537919,8.951298]]}},{"type":"Feature","properties":{"name":null,"highway":"footway"},"geometry":{"type":"LineString","coordinates":[[-79.536857,8.95129],[-79.536884,8.95129],[-79.5372,8.951287],[-79.537391,8.951272],[-79.537355,8.951017]]}},{"type":"Feature","properties":{"name":null,"highway":"footway"},"geometry":{"type":"LineString","coordinates":[[-79.537887,8.951031],[-79.537893,8.951094],[-79.537905,8.951234],[-79.53777,8.951245],[-79.537705,8.951251],[-79.537619,8.951258],[-79.537418,8.951274],[-79.537401,8.951073],[-79.537601,8.951057],[-79.537687,8.951049],[-79.537753,8.951043],[-79.537887,8.951031]]}},{"type":"Feature","properties":{"name":null,"highway":"footway"},"geometry":{"type":"LineString","coordinates":[[-79.534976,8.953213],[-79.535094,8.953224],[-79.53529,8.953242],[-79.535407,8.953252],[-79.535517,8.953264],[-79.535681,8.95328],[-79.535662,8.953481],[-79.535651,8.9536],[-79.535635,8.953762],[-79.535624,8.95387],[-79.535613,8.953982],[-79.535485,8.953988],[-79.535337,8.953991],[-79.535216,8.953983],[-79.53513,8.953979],[-79.534953,8.953971],[-79.534933,8.953949],[-79.534945,8.953832],[-79.534957,8.953713],[-79.534969,8.953564],[-79.534964,8.953531],[-79.534955,8.953439],[-79.534976,8.953213]]}},{"type":"Feature","properties":{"name":null,"highway":"footway"},"geometry":{"type":"LineString","coordinates":[[-79.534294,8.954002],[-79.533976,8.953976],[-79.533687,8.953954],[-79.533717,8.953653],[-79.533735,8.953472],[-79.533742,8.9534],[-79.533751,8.953315],[-79.533772,8.953106],[-79.533935,8.953123],[-79.53415,8.953137],[-79.534272,8.953146],[-79.53438,8.953156],[-79.534368,8.953285],[-79.534349,8.953464],[-79.534341,8.953534],[-79.534331,8.953622],[-79.534324,8.953709],[-79.534316,8.953792],[-79.534294,8.954002]]}},{"type":"Feature","properties":{"name":null,"highway":"footway"},"geometry":{"type":"LineString","coordinates":[[-79.533695,8.95356],[-79.533686,8.953671],[-79.533676,8.953801],[-79.533661,8.953928],[-79.53365,8.954056],[-79.533524,8.954045],[-79.53347,8.954041],[-79.533304,8.954028],[-79.533313,8.953914],[-79.533317,8.953855],[-79.533323,8.953754],[-79.53333,8.953646],[-79.533338,8.953535],[-79.533526,8.953548],[-79.533695,8.95356]]}},{"type":"Feature","properties":{"name":null,"highway":"footway"},"geometry":{"type":"LineString","coordinates":[[-79.532788,8.953009],[-79.53287,8.953051],[-79.533293,8.953106],[-79.533283,8.95327],[-79.533273,8.953396],[-79.533219,8.954009]]}},{"type":"Feature","properties":{"name":null,"highway":"footway"},"geometry":{"type":"LineString","coordinates":[[-79.532243,8.950224],[-79.532344,8.950203],[-79.532359,8.950223],[-79.532415,8.950325],[-79.532473,8.950418],[-79.532491,8.950447],[-79.532538,8.95053],[-79.532623,8.950681],[-79.532667,8.950827],[-79.532708,8.950964],[-79.532735,8.950955],[-79.532766,8.951038],[-79.532786,8.951114],[-79.532802,8.951277],[-79.532782,8.951274],[-79.532692,8.951264],[-79.532619,8.951256],[-79.53241,8.951232],[-79.532354,8.95096],[-79.532266,8.950439],[-79.532234,8.950247],[-79.532243,8.950224]]}},{"type":"Feature","properties":{"name":null,"highway":"footway"},"geometry":{"type":"LineString","coordinates":[[-79.536514,8.951092],[-79.535804,8.951017]]}},{"type":"Feature","properties":{"name":null,"highway":"footway"},"geometry":{"type":"LineString","coordinates":[[-79.536921,8.951691],[-79.536883,8.951685],[-79.536852,8.951683],[-79.536851,8.951692],[-79.536796,8.951686],[-79.53675,8.951682],[-79.536633,8.95167],[-79.536497,8.951657],[-79.536511,8.951444],[-79.536515,8.951375],[-79.536532,8.951132],[-79.536533,8.951107],[-79.536514,8.951092]]}},{"type":"Feature","properties":{"name":null,"highway":"footway"},"geometry":{"type":"LineString","coordinates":[[-79.538405,8.950502],[-79.538419,8.950881],[-79.53843,8.951196],[-79.53827,8.951204],[-79.537956,8.951222],[-79.537934,8.950982]]}},{"type":"Feature","properties":{"name":null,"highway":"footway"},"geometry":{"type":"LineString","coordinates":[[-79.538441,8.951275],[-79.538453,8.95148],[-79.538459,8.951659],[-79.538462,8.951789],[-79.538463,8.951844],[-79.538445,8.951873],[-79.538227,8.951832],[-79.538006,8.951809],[-79.538002,8.951736],[-79.537996,8.951647],[-79.537984,8.951491],[-79.537982,8.951478],[-79.537978,8.95143],[-79.53797,8.951301],[-79.538218,8.95129],[-79.538441,8.951275]]}},{"type":"Feature","properties":{"name":null,"highway":"footway"},"geometry":{"type":"LineString","coordinates":[[-79.536417,8.952544],[-79.536767,8.952614],[-79.536862,8.952634],[-79.536797,8.952851],[-79.536777,8.952988],[-79.536756,8.953127],[-79.536725,8.953335],[-79.536546,8.953321],[-79.536338,8.953305],[-79.53636,8.953076],[-79.536375,8.952905],[-79.536391,8.95277],[-79.536417,8.952544]]}},{"type":"Feature","properties":{"name":null,"highway":"footway"},"geometry":{"type":"LineString","coordinates":[[-79.537176,8.953401],[-79.537015,8.953376],[-79.536909,8.953359],[-79.536792,8.953341],[-79.536806,8.953262],[-79.536817,8.953204],[-79.536847,8.953045],[-79.536872,8.952866],[-79.536929,8.952684],[-79.536957,8.952634],[-79.537197,8.952731],[-79.537304,8.9528],[-79.537452,8.952875],[-79.537632,8.952971],[-79.537632,8.952995],[-79.537623,8.953012],[-79.537579,8.953054],[-79.537223,8.953382],[-79.537213,8.953379],[-79.537196,8.953398],[-79.537176,8.953401]]}},{"type":"Feature","properties":{"name":null,"highway":"footway"},"geometry":{"type":"LineString","coordinates":[[-79.536206,8.953726],[-79.536198,8.953714],[-79.53618,8.953722],[-79.536102,8.953853],[-79.536104,8.953873],[-79.536116,8.953888],[-79.53617,8.953909],[-79.536194,8.953905],[-79.536208,8.953881],[-79.536206,8.953726]]}},{"type":"Feature","properties":{"name":null,"highway":"footway"},"geometry":{"type":"LineString","coordinates":[[-79.537516,8.953263],[-79.537605,8.953481],[-79.537588,8.953496],[-79.53734,8.953426],[-79.537516,8.953263]]}},{"type":"Feature","properties":{"name":null,"highway":"footway"},"geometry":{"type":"LineString","coordinates":[[-79.53604,8.953937],[-79.536025,8.953932],[-79.535997,8.953948],[-79.536048,8.953976],[-79.53604,8.953937]]}},{"type":"Feature","properties":{"name":null,"highway":"footway"},"geometry":{"type":"LineString","coordinates":[[-79.535954,8.954013],[-79.535733,8.954001],[-79.535615,8.954015],[-79.535512,8.954035],[-79.535379,8.954085],[-79.535313,8.954102],[-79.535307,8.954104],[-79.535089,8.954177],[-79.5349,8.954168],[-79.534906,8.954101]]}},{"type":"Feature","properties":{"name":null,"highway":"footway"},"geometry":{"type":"LineString","coordinates":[[-79.535379,8.954085],[-79.535238,8.95407],[-79.535096,8.954056],[-79.534994,8.954051],[-79.534929,8.954049],[-79.534926,8.954083],[-79.534906,8.954081],[-79.534906,8.954101]]}},{"type":"Feature","properties":{"name":null,"highway":"footway"},"geometry":{"type":"LineString","coordinates":[[-79.535089,8.954177],[-79.535096,8.954056]]}},{"type":"Feature","properties":{"name":null,"highway":"footway"},"geometry":{"type":"LineString","coordinates":[[-79.538315,8.953651],[-79.537908,8.953888],[-79.53785,8.953858],[-79.53756,8.953171],[-79.53771,8.953021],[-79.537925,8.953119],[-79.538328,8.953603],[-79.538315,8.953651]]}},{"type":"Feature","properties":{"name":null,"highway":"footway"},"geometry":{"type":"LineString","coordinates":[[-79.538845,8.954528],[-79.538397,8.95363]]}},{"type":"Feature","properties":{"name":null,"highway":"footway"},"geometry":{"type":"LineString","coordinates":[[-79.539551,8.955811],[-79.539307,8.955346],[-79.539158,8.955051],[-79.538952,8.954651],[-79.538926,8.954496],[-79.5388,8.954221]]}},{"type":"Feature","properties":{"name":null,"highway":"footway"},"geometry":{"type":"LineString","coordinates":[[-79.538845,8.954528],[-79.539102,8.955042],[-79.539355,8.955532],[-79.539522,8.955855],[-79.539711,8.956189],[-79.539795,8.956335]]}},{"type":"Feature","properties":{"name":null,"highway":"footway"},"geometry":{"type":"LineString","coordinates":[[-79.539551,8.955811],[-79.539749,8.956156]]}},{"type":"Feature","properties":{"name":null,"highway":"footway"},"geometry":{"type":"LineString","coordinates":[[-79.539795,8.956335],[-79.539961,8.956614]]}},{"type":"Feature","properties":{"name":null,"highway":"service"},"geometry":{"type":"LineString","coordinates":[[-79.54063,8.961793],[-79.540595,8.961718],[-79.540398,8.961298]]}},{"type":"Feature","properties":{"name":"Calle 24","highway":"residential"},"geometry":{"type":"LineString","coordinates":[[-79.539899,8.963194],[-79.539816,8.963254],[-79.539778,8.963268],[-79.539185,8.963143],[-79.53905,8.96309],[-79.539005,8.96306],[-79.538962,8.962997]]}},{"type":"Feature","properties":{"name":null,"highway":"footway"},"geometry":{"type":"LineString","coordinates":[[-79.540561,8.960528],[-79.540647,8.960681],[-79.540795,8.961065],[-79.54082,8.961145],[-79.540816,8.961194],[-79.540752,8.961578],[-79.540728,8.961612],[-79.540693,8.961652],[-79.540638,8.961693],[-79.540595,8.961718],[-79.540575,8.961728],[-79.540298,8.961907],[-79.540291,8.961911],[-79.540154,8.961718]]}},{"type":"Feature","properties":{"name":null,"highway":"footway"},"geometry":{"type":"LineString","coordinates":[[-79.540886,8.960568],[-79.540878,8.960494]]}},{"type":"Feature","properties":{"name":null,"highway":"footway"},"geometry":{"type":"LineString","coordinates":[[-79.54087,8.960599],[-79.540891,8.960621],[-79.540908,8.960594],[-79.540886,8.960568],[-79.54087,8.960599]]}},{"type":"Feature","properties":{"name":null,"highway":"footway"},"geometry":{"type":"LineString","coordinates":[[-79.540908,8.960594],[-79.540998,8.960562]]}},{"type":"Feature","properties":{"name":null,"highway":"footway"},"geometry":{"type":"LineString","coordinates":[[-79.54087,8.960599],[-79.540785,8.960602]]}},{"type":"Feature","properties":{"name":null,"highway":"footway"},"geometry":{"type":"LineString","coordinates":[[-79.541015,8.960469],[-79.540878,8.960494],[-79.540751,8.960519]]}},{"type":"Feature","properties":{"name":null,"highway":"footway"},"geometry":{"type":"LineString","coordinates":[[-79.540698,8.957428],[-79.540937,8.95796],[-79.541241,8.958524]]}},{"type":"Feature","properties":{"name":null,"highway":"footway"},"geometry":{"type":"LineString","coordinates":[[-79.541241,8.958524],[-79.541317,8.959014],[-79.541328,8.959143],[-79.5413,8.959652],[-79.541265,8.959995]]}},{"type":"Feature","properties":{"name":null,"highway":"footway"},"geometry":{"type":"LineString","coordinates":[[-79.541265,8.959995],[-79.54118,8.96032],[-79.54114,8.960441],[-79.541074,8.960856],[-79.541041,8.961069],[-79.540971,8.961597],[-79.540982,8.961621],[-79.54101,8.961651],[-79.541351,8.961526]]}},{"type":"Feature","properties":{"name":null,"highway":"footway"},"geometry":{"type":"LineString","coordinates":[[-79.539961,8.956614],[-79.54041,8.957211]]}},{"type":"Feature","properties":{"name":null,"highway":"footway"},"geometry":{"type":"LineString","coordinates":[[-79.540658,8.957474],[-79.54109,8.958455]]}},{"type":"Feature","properties":{"name":null,"highway":"footway"},"geometry":{"type":"LineString","coordinates":[[-79.54109,8.958455],[-79.541127,8.958592],[-79.541188,8.9588],[-79.541197,8.958874]]}},{"type":"Feature","properties":{"name":null,"highway":"footway"},"geometry":{"type":"LineString","coordinates":[[-79.541197,8.958874],[-79.541229,8.959239]]}},{"type":"Feature","properties":{"name":null,"highway":"footway"},"geometry":{"type":"LineString","coordinates":[[-79.541229,8.959239],[-79.541219,8.959584]]}},{"type":"Feature","properties":{"name":null,"highway":"footway"},"geometry":{"type":"LineString","coordinates":[[-79.541219,8.959584],[-79.541183,8.959881]]}},{"type":"Feature","properties":{"name":null,"highway":"footway"},"geometry":{"type":"LineString","coordinates":[[-79.541121,8.959995],[-79.541067,8.96024],[-79.541044,8.96026],[-79.540664,8.960341],[-79.540642,8.960291],[-79.540582,8.960115]]}},{"type":"Feature","properties":{"name":"Calle 22A","highway":"pedestrian"},"geometry":{"type":"LineString","coordinates":[[-79.540624,8.960385],[-79.541101,8.960289]]}},{"type":"Feature","properties":{"name":null,"highway":"service"},"geometry":{"type":"LineString","coordinates":[[-79.538841,8.962819],[-79.538902,8.962775],[-79.538945,8.962742],[-79.539209,8.962539],[-79.539596,8.962264],[-79.539672,8.962181],[-79.539789,8.962091],[-79.539881,8.962018],[-79.539895,8.961993],[-79.539889,8.961964],[-79.539736,8.961746]]}},{"type":"Feature","properties":{"name":null,"highway":"service"},"geometry":{"type":"LineString","coordinates":[[-79.539672,8.962181],[-79.539458,8.961897],[-79.539415,8.961841]]}},{"type":"Feature","properties":{"name":null,"highway":"service"},"geometry":{"type":"LineString","coordinates":[[-79.538853,8.962242],[-79.538927,8.962254],[-79.539006,8.962234],[-79.539131,8.962146],[-79.539168,8.962067],[-79.539179,8.962011]]}},{"type":"Feature","properties":{"name":null,"highway":"service"},"geometry":{"type":"LineString","coordinates":[[-79.540023,8.960564],[-79.540081,8.960622],[-79.540138,8.960679],[-79.540201,8.960682],[-79.540362,8.960652]]}},{"type":"Feature","properties":{"name":"Calle 13 Oeste","highway":"residential"},"geometry":{"type":"LineString","coordinates":[[-79.538927,8.951919],[-79.538864,8.950792]]}},{"type":"Feature","properties":{"name":null,"highway":"footway"},"geometry":{"type":"LineString","coordinates":[[-79.540878,8.960494],[-79.540866,8.960384]]}},{"type":"Feature","properties":{"name":null,"highway":"service"},"geometry":{"type":"LineString","coordinates":[[-79.544745,8.954292],[-79.544755,8.954206],[-79.544822,8.95394]]}},{"type":"Feature","properties":{"name":"Calle A","highway":"residential"},"geometry":{"type":"LineString","coordinates":[[-79.538941,8.952201],[-79.539563,8.952155]]}},{"type":"Feature","properties":{"name":null,"highway":"footway"},"geometry":{"type":"LineString","coordinates":[[-79.542316,8.966163],[-79.542111,8.966014],[-79.542059,8.965986],[-79.541867,8.965853],[-79.541669,8.965717],[-79.541594,8.965695],[-79.541515,8.965705],[-79.541131,8.965815]]}},{"type":"Feature","properties":{"name":null,"highway":"service"},"geometry":{"type":"LineString","coordinates":[[-79.544264,8.954806],[-79.544642,8.954902]]}},{"type":"Feature","properties":{"name":null,"highway":"service"},"geometry":{"type":"LineString","coordinates":[[-79.544222,8.954981],[-79.544313,8.955033],[-79.544706,8.955313]]}},{"type":"Feature","properties":{"name":null,"highway":"service"},"geometry":{"type":"LineString","coordinates":[[-79.544114,8.955214],[-79.544158,8.955247],[-79.544508,8.955515]]}},{"type":"Feature","properties":{"name":null,"highway":"service"},"geometry":{"type":"LineString","coordinates":[[-79.543983,8.955386],[-79.543879,8.955305],[-79.544008,8.955083]]}},{"type":"Feature","properties":{"name":null,"highway":"service"},"geometry":{"type":"LineString","coordinates":[[-79.541379,8.956036],[-79.541356,8.956079],[-79.541287,8.956206],[-79.541221,8.956231],[-79.541163,8.956223],[-79.541102,8.956158],[-79.541096,8.956069],[-79.540999,8.956076],[-79.541005,8.956165],[-79.541102,8.956158]]}},{"type":"Feature","properties":{"name":null,"highway":"service"},"geometry":{"type":"LineString","coordinates":[[-79.542689,8.957122],[-79.54301,8.957365],[-79.542843,8.957588],[-79.543027,8.957721]]}},{"type":"Feature","properties":{"name":null,"highway":"service"},"geometry":{"type":"LineString","coordinates":[[-79.542317,8.955608],[-79.542279,8.955148],[-79.5424,8.955137]]}},{"type":"Feature","properties":{"name":null,"highway":"footway"},"geometry":{"type":"LineString","coordinates":[[-79.5388,8.954221],[-79.538795,8.954163],[-79.538695,8.953974],[-79.53861,8.953801],[-79.538599,8.953773],[-79.538601,8.953749],[-79.538618,8.953718]]}},{"type":"Feature","properties":{"name":null,"highway":"footway"},"geometry":{"type":"LineString","coordinates":[[-79.538618,8.953718],[-79.538646,8.953703],[-79.538662,8.9537],[-79.539066,8.953696],[-79.539134,8.953696],[-79.539203,8.953692]]}},{"type":"Feature","properties":{"name":null,"highway":"footway"},"geometry":{"type":"LineString","coordinates":[[-79.539074,8.954164],[-79.539119,8.954103],[-79.53911,8.954017]]}},{"type":"Feature","properties":{"name":null,"highway":"footway"},"geometry":{"type":"LineString","coordinates":[[-79.538795,8.954163],[-79.539119,8.954103]]}},{"type":"Feature","properties":{"name":null,"highway":"footway"},"geometry":{"type":"LineString","coordinates":[[-79.538795,8.954163],[-79.538851,8.954059],[-79.538875,8.954035],[-79.53889,8.954031],[-79.538929,8.954026],[-79.538973,8.954018],[-79.539052,8.954006],[-79.53911,8.954017]]}},{"type":"Feature","properties":{"name":null,"highway":"footway"},"geometry":{"type":"LineString","coordinates":[[-79.539066,8.953696],[-79.53907,8.953797],[-79.539061,8.953821],[-79.539037,8.95383],[-79.539,8.953835],[-79.538963,8.953829],[-79.538916,8.953813],[-79.53886,8.953817],[-79.538825,8.95383],[-79.53879,8.953851],[-79.538752,8.953833],[-79.538718,8.953814],[-79.538682,8.953815],[-79.538657,8.953818],[-79.538633,8.953814],[-79.53861,8.953801]]}},{"type":"Feature","properties":{"name":null,"highway":"footway"},"geometry":{"type":"LineString","coordinates":[[-79.538695,8.953974],[-79.538786,8.953953]]}},{"type":"Feature","properties":{"name":null,"highway":"footway"},"geometry":{"type":"LineString","coordinates":[[-79.539095,8.953887],[-79.539217,8.953865],[-79.539203,8.953692]]}},{"type":"Feature","properties":{"name":null,"highway":"footway"},"geometry":{"type":"LineString","coordinates":[[-79.53879,8.953851],[-79.538783,8.953897],[-79.538786,8.953953],[-79.538815,8.953991],[-79.538851,8.954022],[-79.538875,8.954035]]}},{"type":"Feature","properties":{"name":null,"highway":"footway"},"geometry":{"type":"LineString","coordinates":[[-79.539052,8.954006],[-79.539073,8.95398],[-79.539085,8.953949],[-79.539091,8.953923],[-79.539095,8.953887],[-79.539083,8.953854],[-79.539061,8.953821]]}},{"type":"Feature","properties":{"name":null,"highway":"footway"},"geometry":{"type":"LineString","coordinates":[[-79.538718,8.953814],[-79.538716,8.953793],[-79.538721,8.953755],[-79.538714,8.953732],[-79.538693,8.953712],[-79.538662,8.9537]]}},{"type":"Feature","properties":{"name":null,"highway":"footway"},"geometry":{"type":"LineString","coordinates":[[-79.539155,8.953774],[-79.539156,8.953801],[-79.539121,8.953802],[-79.53912,8.953775],[-79.539137,8.953774],[-79.539155,8.953774]]}},{"type":"Feature","properties":{"name":null,"highway":"steps"},"geometry":{"type":"LineString","coordinates":[[-79.53911,8.954017],[-79.539119,8.954013]]}},{"type":"Feature","properties":{"name":null,"highway":"residential"},"geometry":{"type":"LineString","coordinates":[[-79.54619,8.948645],[-79.546186,8.948692],[-79.546167,8.948938],[-79.545848,8.948916]]}},{"type":"Feature","properties":{"name":null,"highway":"track"},"geometry":{"type":"LineString","coordinates":[[-79.548651,8.949119],[-79.548453,8.94911],[-79.548363,8.949106]]}},{"type":"Feature","properties":{"name":null,"highway":"footway"},"geometry":{"type":"LineString","coordinates":[[-79.534604,8.96196],[-79.534663,8.961928],[-79.534681,8.961919],[-79.534701,8.961879],[-79.534703,8.961829],[-79.534688,8.961784],[-79.534658,8.961741],[-79.534625,8.961718],[-79.53458,8.961697],[-79.534534,8.961683],[-79.534487,8.961679],[-79.534435,8.961686],[-79.534391,8.961713],[-79.534365,8.961759],[-79.534363,8.961821],[-79.53438,8.961863],[-79.53442,8.961906],[-79.534483,8.961945],[-79.53454,8.96196],[-79.534604,8.96196]]}},{"type":"Feature","properties":{"name":null,"highway":"footway"},"geometry":{"type":"LineString","coordinates":[[-79.534725,8.961219],[-79.53479,8.96123],[-79.534827,8.961203],[-79.534942,8.961246],[-79.534969,8.961234],[-79.535007,8.961217],[-79.535031,8.961177],[-79.534951,8.9611],[-79.534918,8.961076],[-79.534932,8.961042],[-79.534972,8.96101],[-79.534969,8.96097],[-79.534912,8.96092]]}},{"type":"Feature","properties":{"name":null,"highway":"footway"},"geometry":{"type":"LineString","coordinates":[[-79.534969,8.961234],[-79.534969,8.961309],[-79.534942,8.961373],[-79.534897,8.96142]]}},{"type":"Feature","properties":{"name":null,"highway":"footway"},"geometry":{"type":"LineString","coordinates":[[-79.535031,8.961177],[-79.535135,8.961172],[-79.53516,8.961171],[-79.535195,8.961169],[-79.535357,8.961233]]}},{"type":"Feature","properties":{"name":null,"highway":"footway"},"geometry":{"type":"LineString","coordinates":[[-79.53516,8.961171],[-79.535165,8.961119],[-79.535122,8.96105]]}},{"type":"Feature","properties":{"name":null,"highway":"footway"},"geometry":{"type":"LineString","coordinates":[[-79.534969,8.961234],[-79.535077,8.961259],[-79.535141,8.961277],[-79.535152,8.961227],[-79.535135,8.961172]]}},{"type":"Feature","properties":{"name":null,"highway":"service"},"geometry":{"type":"LineString","coordinates":[[-79.542635,8.95401],[-79.543277,8.953925]]}},{"type":"Feature","properties":{"name":null,"highway":"footway"},"geometry":{"type":"LineString","coordinates":[[-79.548037,8.950335],[-79.548038,8.950348],[-79.548046,8.950359],[-79.548057,8.950366],[-79.548069,8.950367],[-79.54808,8.950363],[-79.548089,8.950355],[-79.548094,8.950345]]}},{"type":"Feature","properties":{"name":"Avenida Central","highway":"secondary"},"geometry":{"type":"LineString","coordinates":[[-79.540741,8.962514],[-79.540771,8.962351]]}},{"type":"Feature","properties":{"name":null,"highway":"steps"},"geometry":{"type":"LineString","coordinates":[[-79.549288,8.958225],[-79.549199,8.958297],[-79.549229,8.958411],[-79.54928,8.958508],[-79.549251,8.958671],[-79.549248,8.958748],[-79.549299,8.958854],[-79.549336,8.959106],[-79.549335,8.959242]]}},{"type":"Feature","properties":{"name":null,"highway":"footway"},"geometry":{"type":"LineString","coordinates":[[-79.549566,8.957648],[-79.549536,8.957678],[-79.549498,8.957703],[-79.549456,8.957732],[-79.549388,8.957758],[-79.549361,8.957784],[-79.549319,8.957847],[-79.549301,8.958029],[-79.549288,8.958225]]}},{"type":"Feature","properties":{"name":null,"highway":"footway"},"geometry":{"type":"LineString","coordinates":[[-79.534906,8.954101],[-79.534856,8.954094],[-79.534821,8.954042],[-79.53464,8.954058],[-79.534572,8.954064],[-79.534435,8.954121],[-79.534309,8.954155]]}},{"type":"Feature","properties":{"name":null,"highway":"footway"},"geometry":{"type":"LineString","coordinates":[[-79.536141,8.95458],[-79.53611,8.954514],[-79.536039,8.954512],[-79.535983,8.954511],[-79.535954,8.95451]]}},{"type":"Feature","properties":{"name":null,"highway":"service"},"geometry":{"type":"LineString","coordinates":[[-79.541219,8.964414],[-79.541443,8.964136],[-79.541184,8.963899]]}},{"type":"Feature","properties":{"name":null,"highway":"pedestrian"},"geometry":{"type":"LineString","coordinates":[[-79.542011,8.96409],[-79.54152,8.964658]]}},{"type":"Feature","properties":{"name":null,"highway":"service"},"geometry":{"type":"LineString","coordinates":[[-79.544466,8.966247],[-79.544523,8.96613],[-79.54457,8.965983],[-79.544054,8.965693]]}},{"type":"Feature","properties":{"name":null,"highway":"living_street"},"geometry":{"type":"LineString","coordinates":[[-79.543818,8.966535],[-79.544188,8.966145]]}},{"type":"Feature","properties":{"name":null,"highway":"living_street"},"geometry":{"type":"LineString","coordinates":[[-79.53901,8.965116],[-79.539038,8.965065],[-79.539129,8.964899]]}},{"type":"Feature","properties":{"name":null,"highway":"footway"},"geometry":{"type":"LineString","coordinates":[[-79.538851,8.964186],[-79.53876,8.964572],[-79.538713,8.964838],[-79.53871,8.964869],[-79.538728,8.964899],[-79.539019,8.965055],[-79.539038,8.965065],[-79.539109,8.965103],[-79.53917,8.965136],[-79.539226,8.965166]]}},{"type":"Feature","properties":{"name":null,"highway":"footway"},"geometry":{"type":"LineString","coordinates":[[-79.53833,8.964015],[-79.538352,8.964027],[-79.538375,8.964015],[-79.538527,8.964097],[-79.538523,8.964127],[-79.538708,8.964234],[-79.538646,8.964606],[-79.53862,8.964693],[-79.538583,8.964767],[-79.538118,8.964503],[-79.53775,8.964286],[-79.538012,8.963825],[-79.53833,8.964015]]}},{"type":"Feature","properties":{"name":null,"highway":"footway"},"geometry":{"type":"LineString","coordinates":[[-79.538151,8.96369],[-79.538503,8.96343],[-79.538662,8.963307],[-79.538831,8.96318],[-79.538949,8.963097],[-79.539005,8.96306]]}},{"type":"Feature","properties":{"name":null,"highway":"service"},"geometry":{"type":"LineString","coordinates":[[-79.538618,8.963245],[-79.538662,8.963307],[-79.538726,8.963398]]}},{"type":"Feature","properties":{"name":null,"highway":"service"},"geometry":{"type":"LineString","coordinates":[[-79.53883,8.963092],[-79.538781,8.963028],[-79.538673,8.962885]]}},{"type":"Feature","properties":{"name":null,"highway":"footway"},"geometry":{"type":"LineString","coordinates":[[-79.538867,8.96291],[-79.538869,8.962938],[-79.538854,8.962973],[-79.538781,8.963028],[-79.538503,8.963223]]}},{"type":"Feature","properties":{"name":null,"highway":"footway"},"geometry":{"type":"LineString","coordinates":[[-79.538902,8.962775],[-79.538956,8.96285],[-79.538978,8.962882],[-79.539362,8.962617],[-79.53945,8.962508],[-79.53968,8.962332],[-79.539825,8.962264],[-79.540085,8.962067],[-79.539808,8.961669],[-79.539787,8.961572]]}},{"type":"Feature","properties":{"name":null,"highway":"footway"},"geometry":{"type":"LineString","coordinates":[[-79.540374,8.962199],[-79.540256,8.96225],[-79.540103,8.962355],[-79.539973,8.962386],[-79.539864,8.962437],[-79.539636,8.962601],[-79.539534,8.962673],[-79.539071,8.963013],[-79.539005,8.96306]]}},{"type":"Feature","properties":{"name":null,"highway":"service"},"geometry":{"type":"LineString","coordinates":[[-79.538363,8.96395],[-79.53833,8.964015],[-79.538354,8.964108],[-79.538298,8.964207],[-79.538159,8.964455]]}},{"type":"Feature","properties":{"name":null,"highway":"footway"},"geometry":{"type":"LineString","coordinates":[[-79.548398,8.95148],[-79.548409,8.951412],[-79.548369,8.951357],[-79.54832,8.951307],[-79.548257,8.951278],[-79.548187,8.951274],[-79.54812,8.951296],[-79.548064,8.951339]]}},{"type":"Feature","properties":{"name":"Avenida A","highway":"tertiary"},"geometry":{"type":"LineString","coordinates":[[-79.549537,8.951871],[-79.549298,8.951823],[-79.549166,8.951787],[-79.548941,8.951699],[-79.54873,8.95161],[-79.548398,8.95148],[-79.548094,8.95136]]}},{"type":"Feature","properties":{"name":"Avenida A","highway":"tertiary"},"geometry":{"type":"LineString","coordinates":[[-79.548094,8.95136],[-79.547946,8.951298]]}},{"type":"Feature","properties":{"name":"Avenida A","highway":"tertiary"},"geometry":{"type":"LineString","coordinates":[[-79.547946,8.951298],[-79.547782,8.951234]]}},{"type":"Feature","properties":{"name":"Calle Bahía","highway":"service"},"geometry":{"type":"LineString","coordinates":[[-79.555625,8.941177],[-79.555653,8.941183],[-79.555678,8.941196],[-79.555697,8.941216],[-79.55571,8.94124]]}},{"type":"Feature","properties":{"name":"Calle Bahía","highway":"service"},"geometry":{"type":"LineString","coordinates":[[-79.555625,8.941177],[-79.555289,8.94092],[-79.5552,8.940853],[-79.555081,8.940797]]}},{"type":"Feature","properties":{"name":"Calle Bahía","highway":"service"},"geometry":{"type":"LineString","coordinates":[[-79.555632,8.941363],[-79.555613,8.941363],[-79.555586,8.941357],[-79.555562,8.941343],[-79.555544,8.941323],[-79.555532,8.941298],[-79.555527,8.941271],[-79.555532,8.941244],[-79.555545,8.941216],[-79.555567,8.941195],[-79.555595,8.941182],[-79.555625,8.941177]]}},{"type":"Feature","properties":{"name":"Calle Bahía","highway":"service"},"geometry":{"type":"LineString","coordinates":[[-79.55571,8.94124],[-79.555714,8.941254],[-79.555715,8.941284],[-79.555706,8.941313],[-79.555687,8.941337],[-79.555662,8.941355],[-79.555632,8.941363]]}},{"type":"Feature","properties":{"name":null,"highway":"service"},"geometry":{"type":"LineString","coordinates":[[-79.555134,8.941364],[-79.555313,8.94113]]}},{"type":"Feature","properties":{"name":null,"highway":"service"},"geometry":{"type":"LineString","coordinates":[[-79.555134,8.941364],[-79.555119,8.941371],[-79.555101,8.94137],[-79.555031,8.941318],[-79.555021,8.941301],[-79.555021,8.94128],[-79.555199,8.941041],[-79.555313,8.94113]]}},{"type":"Feature","properties":{"name":"Transversal B","highway":"residential"},"geometry":{"type":"LineString","coordinates":[[-79.555081,8.940797],[-79.555482,8.940277]]}},{"type":"Feature","properties":{"name":"Calle Bahía","highway":"residential"},"geometry":{"type":"LineString","coordinates":[[-79.555081,8.940797],[-79.554553,8.940357],[-79.554238,8.940095],[-79.553413,8.939408]]}},{"type":"Feature","properties":{"name":null,"highway":"service"},"geometry":{"type":"LineString","coordinates":[[-79.548458,8.945491],[-79.548406,8.94544]]}},{"type":"Feature","properties":{"name":null,"highway":"service"},"geometry":{"type":"LineString","coordinates":[[-79.548406,8.94544],[-79.548293,8.94534]]}},{"type":"Feature","properties":{"name":null,"highway":"service"},"geometry":{"type":"LineString","coordinates":[[-79.548293,8.94534],[-79.548165,8.945229]]}},{"type":"Feature","properties":{"name":null,"highway":"service"},"geometry":{"type":"LineString","coordinates":[[-79.548898,8.946552],[-79.548842,8.946496],[-79.548801,8.946451],[-79.548793,8.946428],[-79.548788,8.946342],[-79.548783,8.946134],[-79.548779,8.946109],[-79.548769,8.946093],[-79.548689,8.946027]]}},{"type":"Feature","properties":{"name":null,"highway":"service"},"geometry":{"type":"LineString","coordinates":[[-79.549277,8.946566],[-79.548909,8.946552],[-79.548898,8.946552],[-79.548201,8.946613]]}},{"type":"Feature","properties":{"name":null,"highway":"primary_link"},"geometry":{"type":"LineString","coordinates":[[-79.549733,8.946751],[-79.549584,8.946682],[-79.549432,8.946621],[-79.549277,8.946566]]}},{"type":"Feature","properties":{"name":null,"highway":"service"},"geometry":{"type":"LineString","coordinates":[[-79.548561,8.945925],[-79.548439,8.946079],[-79.548346,8.946196],[-79.548075,8.946538],[-79.547979,8.946636]]}},{"type":"Feature","properties":{"name":null,"highway":"service"},"geometry":{"type":"LineString","coordinates":[[-79.548689,8.946027],[-79.548561,8.945925]]}},{"type":"Feature","properties":{"name":null,"highway":"service"},"geometry":{"type":"LineString","coordinates":[[-79.548201,8.946613],[-79.547979,8.946636]]}},{"type":"Feature","properties":{"name":null,"highway":"service"},"geometry":{"type":"LineString","coordinates":[[-79.547979,8.946636],[-79.547645,8.946701],[-79.547473,8.946791]]}},{"type":"Feature","properties":{"name":null,"highway":"service"},"geometry":{"type":"LineString","coordinates":[[-79.555839,8.960841],[-79.555801,8.960773],[-79.555735,8.960676]]}},{"type":"Feature","properties":{"name":null,"highway":"service"},"geometry":{"type":"LineString","coordinates":[[-79.555386,8.961391],[-79.555614,8.961098],[-79.555839,8.960841],[-79.556107,8.960575],[-79.556182,8.960494],[-79.556371,8.960362]]}},{"type":"Feature","properties":{"name":"Avenida Central","highway":"pedestrian"},"geometry":{"type":"LineString","coordinates":[[-79.541101,8.960289],[-79.541005,8.960801],[-79.540996,8.960848],[-79.540907,8.961593],[-79.540896,8.961702],[-79.540891,8.961751]]}},{"type":"Feature","properties":{"name":"Calle 24","highway":"secondary"},"geometry":{"type":"LineString","coordinates":[[-79.540481,8.962743],[-79.539899,8.963194],[-79.539874,8.963292]]}},{"type":"Feature","properties":{"name":null,"highway":"path"},"geometry":{"type":"LineString","coordinates":[[-79.549331,8.960402],[-79.549309,8.960409],[-79.549284,8.96041],[-79.54923,8.960392],[-79.5492,8.960366]]}},{"type":"Feature","properties":{"name":"Calle 13 Este","highway":"pedestrian"},"geometry":{"type":"LineString","coordinates":[[-79.537506,8.954831],[-79.537974,8.954728],[-79.538184,8.954678],[-79.538539,8.954596],[-79.538845,8.954528],[-79.538864,8.954523]]}},{"type":"Feature","properties":{"name":null,"highway":"footway"},"geometry":{"type":"LineString","coordinates":[[-79.550888,8.959597],[-79.550902,8.959658],[-79.550934,8.959769],[-79.550926,8.959885],[-79.550918,8.959999],[-79.550896,8.960108],[-79.550891,8.960225],[-79.550835,8.960341],[-79.550797,8.960466],[-79.550773,8.960574],[-79.550746,8.960696],[-79.550725,8.960826],[-79.550698,8.960969],[-79.550671,8.961067],[-79.550607,8.961186],[-79.550548,8.961279],[-79.550499,8.961359],[-79.55043,8.961438]]}},{"type":"Feature","properties":{"name":null,"highway":"footway"},"geometry":{"type":"LineString","coordinates":[[-79.55043,8.961438],[-79.550394,8.96149],[-79.550312,8.961511],[-79.550243,8.961531],[-79.550195,8.961565],[-79.550154,8.961629],[-79.550123,8.961668],[-79.550068,8.961699],[-79.550021,8.961703],[-79.549956,8.961716],[-79.549893,8.961746],[-79.549849,8.961745],[-79.549738,8.961731],[-79.549654,8.961719],[-79.549583,8.96169],[-79.549504,8.961626],[-79.549494,8.961568],[-79.549503,8.961508],[-79.549517,8.961452],[-79.549526,8.961389],[-79.54952,8.961343],[-79.549453,8.961311],[-79.549405,8.961295],[-79.549386,8.96124],[-79.549397,8.96119],[-79.549366,8.961111],[-79.54933,8.961046],[-79.549327,8.96096],[-79.549356,8.960888],[-79.549388,8.960842],[-79.549444,8.960788],[-79.549491,8.960706],[-79.549511,8.960645],[-79.549529,8.960586],[-79.549562,8.960519]]}},{"type":"Feature","properties":{"name":null,"highway":"footway"},"geometry":{"type":"LineString","coordinates":[[-79.534435,8.954121],[-79.534433,8.954116],[-79.534448,8.954106],[-79.534448,8.954068],[-79.534421,8.954068],[-79.53428,8.954072],[-79.534122,8.954063],[-79.533762,8.954054],[-79.533645,8.954091],[-79.533484,8.954077],[-79.533195,8.954053]]}},{"type":"Feature","properties":{"name":null,"highway":"footway"},"geometry":{"type":"LineString","coordinates":[[-79.534433,8.954116],[-79.534421,8.954102],[-79.534421,8.954068]]}},{"type":"Feature","properties":{"name":null,"highway":"footway"},"geometry":{"type":"LineString","coordinates":[[-79.534448,8.954068],[-79.534559,8.954063],[-79.534572,8.954064]]}},{"type":"Feature","properties":{"name":"Calle 12 Oeste","highway":"residential"},"geometry":{"type":"LineString","coordinates":[[-79.538458,8.952961],[-79.538463,8.953641]]}},{"type":"Feature","properties":{"name":"Calle 22B Este","highway":"secondary"},"geometry":{"type":"LineString","coordinates":[[-79.540891,8.961751],[-79.541002,8.961712],[-79.541392,8.961569],[-79.541738,8.961458],[-79.541979,8.961373],[-79.542137,8.96134],[-79.542304,8.961326],[-79.542378,8.961348],[-79.542402,8.961362],[-79.542445,8.961388],[-79.542554,8.961579],[-79.542803,8.962074],[-79.542838,8.962221]]}},{"type":"Feature","properties":{"name":"Avenida Amador","highway":"secondary"},"geometry":{"type":"LineString","coordinates":[[-79.553398,8.942897],[-79.553666,8.943628],[-79.553719,8.94376],[-79.553857,8.944102],[-79.554046,8.94457],[-79.554076,8.944672]]}},{"type":"Feature","properties":{"name":"Avenida Amador","highway":"secondary"},"geometry":{"type":"LineString","coordinates":[[-79.547982,8.940635],[-79.547384,8.940613],[-79.54722,8.9406],[-79.547038,8.940562],[-79.546952,8.940538],[-79.546741,8.94047],[-79.54656,8.940405],[-79.546457,8.940355],[-79.546374,8.940312],[-79.546318,8.940286],[-79.546276,8.94026],[-79.546133,8.940177],[-79.545986,8.940077],[-79.545846,8.939971],[-79.545733,8.939863],[-79.545679,8.939809],[-79.545456,8.939574],[-79.545385,8.939462],[-79.545286,8.939303],[-79.545216,8.939189],[-79.545072,8.938773],[-79.545042,8.93855],[-79.545096,8.937548],[-79.545113,8.937214]]}},{"type":"Feature","properties":{"name":null,"highway":"service"},"geometry":{"type":"LineString","coordinates":[[-79.553331,8.942884],[-79.553315,8.942883],[-79.553033,8.942869],[-79.55294,8.942864],[-79.552867,8.94286],[-79.552792,8.942927],[-79.552757,8.942943],[-79.552683,8.942951],[-79.552599,8.942939]]}},{"type":"Feature","properties":{"name":null,"highway":"service"},"geometry":{"type":"LineString","coordinates":[[-79.552997,8.942288],[-79.552966,8.942322],[-79.552955,8.942333],[-79.552875,8.942514],[-79.552849,8.94255],[-79.552794,8.942582],[-79.552936,8.942826],[-79.55294,8.942864]]}},{"type":"Feature","properties":{"name":null,"highway":"footway"},"geometry":{"type":"LineString","coordinates":[[-79.536593,8.958383],[-79.5367,8.958407]]}},{"type":"Feature","properties":{"name":null,"highway":"footway"},"geometry":{"type":"LineString","coordinates":[[-79.536552,8.958587],[-79.536653,8.958578],[-79.5367,8.958407]]}},{"type":"Feature","properties":{"name":null,"highway":"footway"},"geometry":{"type":"LineString","coordinates":[[-79.541121,8.959995],[-79.541104,8.959964],[-79.540607,8.960087],[-79.540582,8.960115]]}},{"type":"Feature","properties":{"name":null,"highway":"footway"},"geometry":{"type":"LineString","coordinates":[[-79.541532,8.961462],[-79.541424,8.9615],[-79.541351,8.961526]]}},{"type":"Feature","properties":{"name":null,"highway":"footway"},"geometry":{"type":"LineString","coordinates":[[-79.541183,8.959881],[-79.541173,8.959924],[-79.541121,8.959995]]}},{"type":"Feature","properties":{"name":null,"highway":"footway"},"geometry":{"type":"LineString","coordinates":[[-79.53611,8.954514],[-79.536103,8.954447],[-79.5361,8.954418]]}},{"type":"Feature","properties":{"name":"Avenida Balboa Viaducto","highway":"trunk"},"geometry":{"type":"LineString","coordinates":[[-79.541999,8.964006],[-79.542204,8.964166]]}},{"type":"Feature","properties":{"name":"Calle Gorgas","highway":"tertiary"},"geometry":{"type":"LineString","coordinates":[[-79.543433,8.959472],[-79.543445,8.959484],[-79.543461,8.959495],[-79.543502,8.959521],[-79.543607,8.959579],[-79.543716,8.95963],[-79.543828,8.959673],[-79.543879,8.959689]]}},{"type":"Feature","properties":{"name":null,"highway":"service"},"geometry":{"type":"LineString","coordinates":[[-79.545923,8.958776],[-79.545906,8.958936],[-79.545916,8.959012],[-79.545963,8.959079],[-79.546048,8.959124],[-79.546104,8.959138],[-79.546173,8.959126],[-79.546257,8.95912],[-79.546373,8.959105],[-79.546492,8.959166],[-79.54656,8.959262],[-79.546569,8.959374]]}},{"type":"Feature","properties":{"name":"Calle Culebra Rl","highway":"residential"},"geometry":{"type":"LineString","coordinates":[[-79.546138,8.959432],[-79.546241,8.959396],[-79.546421,8.959391],[-79.546569,8.959374]]}},{"type":"Feature","properties":{"name":null,"highway":"steps"},"geometry":{"type":"LineString","coordinates":[[-79.548497,8.951744],[-79.548539,8.951674],[-79.548517,8.951662],[-79.548483,8.951719]]}},{"type":"Feature","properties":{"name":null,"highway":"footway"},"geometry":{"type":"LineString","coordinates":[[-79.548483,8.951719],[-79.548421,8.951686]]}},{"type":"Feature","properties":{"name":null,"highway":"footway"},"geometry":{"type":"LineString","coordinates":[[-79.548295,8.951553],[-79.548258,8.951533],[-79.548187,8.951492],[-79.548136,8.951459],[-79.548106,8.95141],[-79.548094,8.95136]]}},{"type":"Feature","properties":{"name":null,"highway":"path"},"geometry":{"type":"LineString","coordinates":[[-79.551785,8.958361],[-79.55171,8.958247],[-79.551633,8.958169]]}},{"type":"Feature","properties":{"name":"Avenida Ascanio Arosemena Chávez","highway":"primary"},"geometry":{"type":"LineString","coordinates":[[-79.555259,8.96097],[-79.555204,8.961204]]}},{"type":"Feature","properties":{"name":"Avenida Omar Torrijos Herrera","highway":"trunk"},"geometry":{"type":"LineString","coordinates":[[-79.547077,8.966066],[-79.547245,8.966066]]}},{"type":"Feature","properties":{"name":"Avenida Omar Torrijos Herrera","highway":"trunk"},"geometry":{"type":"LineString","coordinates":[[-79.547313,8.965725],[-79.547112,8.965725]]}},{"type":"Feature","properties":{"name":"Avenida Omar Torrijos Herrera","highway":"trunk"},"geometry":{"type":"LineString","coordinates":[[-79.555588,8.962566],[-79.55521,8.962587],[-79.555019,8.962606],[-79.554798,8.962643],[-79.55466,8.962688],[-79.554543,8.962736],[-79.554402,8.962823],[-79.554271,8.962926],[-79.55418,8.963005],[-79.554033,8.96312]]}},{"type":"Feature","properties":{"name":"Avenida Omar Torrijos Herrera","highway":"trunk"},"geometry":{"type":"LineString","coordinates":[[-79.54958,8.966039],[-79.550223,8.966041]]}},{"type":"Feature","properties":{"name":null,"highway":"service"},"geometry":{"type":"LineString","coordinates":[[-79.538691,8.957714],[-79.538756,8.957848],[-79.538823,8.95799],[-79.538896,8.958142]]}},{"type":"Feature","properties":{"name":null,"highway":"service"},"geometry":{"type":"LineString","coordinates":[[-79.540527,8.949396],[-79.540563,8.949382],[-79.540632,8.949283],[-79.540777,8.949203]]}},{"type":"Feature","properties":{"name":null,"highway":"footway"},"geometry":{"type":"LineString","coordinates":[[-79.544839,8.947683],[-79.544784,8.947766],[-79.544759,8.947806]]}},{"type":"Feature","properties":{"name":null,"highway":"service"},"geometry":{"type":"LineString","coordinates":[[-79.534693,8.964304],[-79.534665,8.964359]]}},{"type":"Feature","properties":{"name":null,"highway":"footway"},"geometry":{"type":"LineString","coordinates":[[-79.537452,8.958483],[-79.537489,8.958366],[-79.537515,8.958291]]}},{"type":"Feature","properties":{"name":null,"highway":"footway"},"geometry":{"type":"LineString","coordinates":[[-79.540642,8.960291],[-79.540596,8.960305],[-79.540542,8.960345]]}},{"type":"Feature","properties":{"name":null,"highway":"footway"},"geometry":{"type":"LineString","coordinates":[[-79.540561,8.960528],[-79.54055,8.960432],[-79.540542,8.960345]]}},{"type":"Feature","properties":{"name":null,"highway":"footway"},"geometry":{"type":"LineString","coordinates":[[-79.540561,8.960528],[-79.540648,8.960488],[-79.540715,8.960463],[-79.540726,8.960459]]}},{"type":"Feature","properties":{"name":null,"highway":"footway"},"geometry":{"type":"LineString","coordinates":[[-79.539663,8.960883],[-79.539626,8.96083],[-79.539584,8.960766]]}},{"type":"Feature","properties":{"name":null,"highway":"footway"},"geometry":{"type":"LineString","coordinates":[[-79.536546,8.959555],[-79.53646,8.959657],[-79.536376,8.959769],[-79.536287,8.959972],[-79.53621,8.960257],[-79.536172,8.96026],[-79.536131,8.960345]]}},{"type":"Feature","properties":{"name":null,"highway":"footway"},"geometry":{"type":"LineString","coordinates":[[-79.537389,8.947482],[-79.537724,8.947641],[-79.538111,8.947805],[-79.538358,8.94789],[-79.53863,8.948023]]}},{"type":"Feature","properties":{"name":null,"highway":"cycleway"},"geometry":{"type":"LineString","coordinates":[[-79.537389,8.947482],[-79.537416,8.94744]]}},{"type":"Feature","properties":{"name":null,"highway":"cycleway"},"geometry":{"type":"LineString","coordinates":[[-79.537416,8.94744],[-79.537445,8.947386]]}},{"type":"Feature","properties":{"name":null,"highway":"service"},"geometry":{"type":"LineString","coordinates":[[-79.547307,8.962836],[-79.547465,8.962605],[-79.547513,8.962535],[-79.547532,8.962471],[-79.547521,8.962407],[-79.547486,8.962332],[-79.547326,8.962126],[-79.547246,8.962065]]}},{"type":"Feature","properties":{"name":"Private Road","highway":"service"},"geometry":{"type":"LineString","coordinates":[[-79.547388,8.961446],[-79.547353,8.961496],[-79.547207,8.961702],[-79.547331,8.961795],[-79.547415,8.961691],[-79.547509,8.961745],[-79.547522,8.961751],[-79.547527,8.96179],[-79.547535,8.961932],[-79.547747,8.962243],[-79.547824,8.962412],[-79.547829,8.962431],[-79.547788,8.962452],[-79.547755,8.962459],[-79.547719,8.962456],[-79.547687,8.962436],[-79.547587,8.962262],[-79.547516,8.962306],[-79.547486,8.962332]]}},{"type":"Feature","properties":{"name":"Tupper Complex Entrance","highway":"service"},"geometry":{"type":"LineString","coordinates":[[-79.544551,8.962013],[-79.544484,8.96202],[-79.5443,8.962033],[-79.54424,8.962037],[-79.544085,8.962048],[-79.543989,8.962064]]}},{"type":"Feature","properties":{"name":null,"highway":"service"},"geometry":{"type":"LineString","coordinates":[[-79.543984,8.96201],[-79.543913,8.961956],[-79.543827,8.961926],[-79.543761,8.961972],[-79.543747,8.962013],[-79.543755,8.962075],[-79.543797,8.962118],[-79.543857,8.962167],[-79.543915,8.962243],[-79.543944,8.962306],[-79.543973,8.962426],[-79.543984,8.962635],[-79.543973,8.962701],[-79.543926,8.962791],[-79.543914,8.962853],[-79.54392,8.962966],[-79.543927,8.963044],[-79.54396,8.963076],[-79.54404,8.963083]]}},{"type":"Feature","properties":{"name":null,"highway":"service"},"geometry":{"type":"LineString","coordinates":[[-79.543747,8.962013],[-79.543682,8.961975],[-79.543468,8.961975],[-79.543425,8.961912],[-79.543144,8.962114],[-79.543122,8.962152],[-79.54312,8.962198],[-79.543106,8.962518],[-79.543115,8.962681],[-79.543132,8.963043]]}},{"type":"Feature","properties":{"name":null,"highway":"service"},"geometry":{"type":"LineString","coordinates":[[-79.54312,8.962198],[-79.543192,8.962193],[-79.543297,8.962185],[-79.543428,8.962177],[-79.543483,8.962198],[-79.543515,8.962239],[-79.543515,8.962301],[-79.543494,8.962356],[-79.543415,8.962402]]}},{"type":"Feature","properties":{"name":null,"highway":"service"},"geometry":{"type":"LineString","coordinates":[[-79.543121,8.963487],[-79.543193,8.96343],[-79.543203,8.963423],[-79.54328,8.963314],[-79.543235,8.963126],[-79.543146,8.963044],[-79.543132,8.963043],[-79.54309,8.963035],[-79.542983,8.963031]]}},{"type":"Feature","properties":{"name":null,"highway":"service"},"geometry":{"type":"LineString","coordinates":[[-79.544085,8.962048],[-79.5441,8.962177]]}},{"type":"Feature","properties":{"name":null,"highway":"pedestrian"},"geometry":{"type":"LineString","coordinates":[[-79.543934,8.962077],[-79.543874,8.962123],[-79.54382,8.962107],[-79.54379,8.962076],[-79.543788,8.962028],[-79.543811,8.961988],[-79.543847,8.961969],[-79.543885,8.961976],[-79.543921,8.962],[-79.543931,8.962039],[-79.543934,8.962077]]}},{"type":"Feature","properties":{"name":null,"highway":"service"},"geometry":{"type":"LineString","coordinates":[[-79.553743,8.96559],[-79.553709,8.965622],[-79.55347,8.965666]]}},{"type":"Feature","properties":{"name":null,"highway":"service"},"geometry":{"type":"LineString","coordinates":[[-79.553442,8.965527],[-79.55347,8.965666],[-79.553537,8.965999]]}},{"type":"Feature","properties":{"name":null,"highway":"service"},"geometry":{"type":"LineString","coordinates":[[-79.553898,8.966285],[-79.553869,8.965967],[-79.553824,8.965712],[-79.553789,8.965643],[-79.553743,8.96559],[-79.553676,8.965535],[-79.553636,8.965509],[-79.553596,8.965494],[-79.553442,8.965527],[-79.553144,8.96561],[-79.553063,8.965638],[-79.552702,8.965761],[-79.552452,8.965846],[-79.552326,8.965887],[-79.552212,8.965925],[-79.551775,8.96607],[-79.551544,8.966165],[-79.551053,8.966353],[-79.551042,8.966369],[-79.551043,8.966385]]}},{"type":"Feature","properties":{"name":null,"highway":"service"},"geometry":{"type":"LineString","coordinates":[[-79.552326,8.965887],[-79.552293,8.965801],[-79.552296,8.965669]]}},{"type":"Feature","properties":{"name":null,"highway":"service"},"geometry":{"type":"LineString","coordinates":[[-79.552117,8.965732],[-79.552183,8.965838],[-79.552212,8.965925]]}},{"type":"Feature","properties":{"name":null,"highway":"service"},"geometry":{"type":"LineString","coordinates":[[-79.543404,8.952032],[-79.543474,8.95218],[-79.543492,8.952259],[-79.543474,8.95242]]}},{"type":"Feature","properties":{"name":null,"highway":"living_street"},"geometry":{"type":"LineString","coordinates":[[-79.543741,8.954751],[-79.54285,8.954865]]}},{"type":"Feature","properties":{"name":"Calle 19","highway":"residential"},"geometry":{"type":"LineString","coordinates":[[-79.542728,8.952683],[-79.54256,8.952339]]}},{"type":"Feature","properties":{"name":null,"highway":"path"},"geometry":{"type":"LineString","coordinates":[[-79.549414,8.959252],[-79.549432,8.95929],[-79.549442,8.959379],[-79.549458,8.959466],[-79.549484,8.959541],[-79.549537,8.959596],[-79.549601,8.959681],[-79.549692,8.959786],[-79.54974,8.959817],[-79.549782,8.959873],[-79.54977,8.959949],[-79.549718,8.959993],[-79.549724,8.960047],[-79.54974,8.960074],[-79.549808,8.96012],[-79.549827,8.96019],[-79.549801,8.960267],[-79.54972,8.96033],[-79.549625,8.960365],[-79.54954,8.960381],[-79.549449,8.960431],[-79.549365,8.960428],[-79.549331,8.960402],[-79.549281,8.960364],[-79.5492,8.960284]]}},{"type":"Feature","properties":{"name":null,"highway":"service"},"geometry":{"type":"LineString","coordinates":[[-79.554354,8.959938],[-79.554458,8.959979],[-79.554557,8.960018],[-79.554766,8.960064],[-79.554803,8.960094],[-79.554904,8.960164],[-79.555053,8.960265],[-79.555125,8.96024],[-79.555145,8.960164],[-79.555477,8.95972],[-79.554631,8.959106],[-79.554397,8.959407],[-79.554229,8.959621],[-79.554171,8.959696]]}},{"type":"Feature","properties":{"name":null,"highway":"service"},"geometry":{"type":"LineString","coordinates":[[-79.554397,8.959407],[-79.554383,8.959397],[-79.554255,8.959308],[-79.554176,8.959253],[-79.554037,8.959176],[-79.553865,8.959188]]}},{"type":"Feature","properties":{"name":null,"highway":"service"},"geometry":{"type":"LineString","coordinates":[[-79.554205,8.959377],[-79.554255,8.959308],[-79.554361,8.959164]]}},{"type":"Feature","properties":{"name":null,"highway":"service"},"geometry":{"type":"LineString","coordinates":[[-79.553947,8.965616],[-79.554093,8.965526],[-79.554005,8.965258]]}},{"type":"Feature","properties":{"name":null,"highway":"service"},"geometry":{"type":"LineString","coordinates":[[-79.55361,8.96661],[-79.553502,8.966502],[-79.55346,8.966438],[-79.553456,8.966367],[-79.553495,8.966296],[-79.553539,8.966239],[-79.553645,8.966226],[-79.553798,8.966248],[-79.553898,8.966285]]}},{"type":"Feature","properties":{"name":null,"highway":"steps"},"geometry":{"type":"LineString","coordinates":[[-79.546189,8.966194],[-79.546149,8.966208],[-79.546153,8.966219],[-79.546249,8.966186]]}},{"type":"Feature","properties":{"name":null,"highway":"steps"},"geometry":{"type":"LineString","coordinates":[[-79.546114,8.965846],[-79.546161,8.965835],[-79.546155,8.965811],[-79.546074,8.96583]]}},{"type":"Feature","properties":{"name":"Calle Tomás Guardia","highway":"residential"},"geometry":{"type":"LineString","coordinates":[[-79.554006,8.960992],[-79.554043,8.961561]]}},{"type":"Feature","properties":{"name":"Calle Estacionamientos","highway":"residential"},"geometry":{"type":"LineString","coordinates":[[-79.554906,8.960714],[-79.554937,8.960801],[-79.554955,8.960868],[-79.554968,8.960951],[-79.554971,8.961048],[-79.554961,8.961146],[-79.554868,8.961385],[-79.554677,8.961948]]}},{"type":"Feature","properties":{"name":null,"highway":"footway"},"geometry":{"type":"LineString","coordinates":[[-79.55553,8.96092],[-79.555492,8.960883],[-79.555391,8.960788],[-79.555363,8.960765],[-79.555296,8.960703],[-79.55524,8.960715],[-79.555228,8.96074],[-79.555203,8.960789],[-79.555202,8.960799],[-79.55517,8.960854],[-79.555149,8.960897]]}},{"type":"Feature","properties":{"name":null,"highway":"footway"},"geometry":{"type":"LineString","coordinates":[[-79.55623,8.95193],[-79.556151,8.951881],[-79.55611,8.951855],[-79.556012,8.951796],[-79.555942,8.951906],[-79.555886,8.951995]]}},{"type":"Feature","properties":{"name":null,"highway":"service"},"geometry":{"type":"LineString","coordinates":[[-79.546952,8.940538],[-79.546969,8.940472],[-79.547001,8.940362],[-79.547274,8.939485]]}},{"type":"Feature","properties":{"name":null,"highway":"footway"},"geometry":{"type":"LineString","coordinates":[[-79.538218,8.958546],[-79.538129,8.958488],[-79.538029,8.958447],[-79.537555,8.958296],[-79.537515,8.958291],[-79.537423,8.958251],[-79.537352,8.958188],[-79.537301,8.958128],[-79.537283,8.95809],[-79.53727,8.958063],[-79.537237,8.957953],[-79.537082,8.957375],[-79.537086,8.957343],[-79.537111,8.957322],[-79.537744,8.957489],[-79.537749,8.957519],[-79.537515,8.958291]]}},{"type":"Feature","properties":{"name":null,"highway":"footway"},"geometry":{"type":"LineString","coordinates":[[-79.536838,8.954528],[-79.53681,8.95455],[-79.536761,8.954594],[-79.536718,8.954632]]}},{"type":"Feature","properties":{"name":null,"highway":"footway"},"geometry":{"type":"LineString","coordinates":[[-79.533687,8.953954],[-79.533678,8.953944],[-79.533661,8.953928]]}},{"type":"Feature","properties":{"name":null,"highway":"footway"},"geometry":{"type":"LineString","coordinates":[[-79.534961,8.953198],[-79.534944,8.953197],[-79.534665,8.953173]]}},{"type":"Feature","properties":{"name":null,"highway":"footway"},"geometry":{"type":"LineString","coordinates":[[-79.5347,8.953181],[-79.534687,8.953341],[-79.534681,8.953395],[-79.534672,8.95353],[-79.53466,8.953682],[-79.534651,8.953799],[-79.534641,8.953949],[-79.534634,8.953996],[-79.53464,8.954058]]}},{"type":"Feature","properties":{"name":null,"highway":"footway"},"geometry":{"type":"LineString","coordinates":[[-79.534933,8.953949],[-79.534907,8.953958],[-79.53488,8.953965],[-79.534641,8.953949]]}},{"type":"Feature","properties":{"name":null,"highway":"footway"},"geometry":{"type":"LineString","coordinates":[[-79.534641,8.953949],[-79.534602,8.953949],[-79.534584,8.953948],[-79.534577,8.954025],[-79.534335,8.954006],[-79.534316,8.954004],[-79.534294,8.954002]]}},{"type":"Feature","properties":{"name":null,"highway":"footway"},"geometry":{"type":"LineString","coordinates":[[-79.534389,8.95311],[-79.534404,8.953103],[-79.534424,8.953104]]}},{"type":"Feature","properties":{"name":null,"highway":"footway"},"geometry":{"type":"LineString","coordinates":[[-79.535613,8.953982],[-79.535617,8.954001],[-79.535615,8.954015]]}},{"type":"Feature","properties":{"name":null,"highway":"footway"},"geometry":{"type":"LineString","coordinates":[[-79.532757,8.952955],[-79.532774,8.952956],[-79.532771,8.952984],[-79.532768,8.953006]]}},{"type":"Feature","properties":{"name":null,"highway":"footway"},"geometry":{"type":"LineString","coordinates":[[-79.532427,8.951984],[-79.532586,8.951983]]}},{"type":"Feature","properties":{"name":null,"highway":"footway"},"geometry":{"type":"LineString","coordinates":[[-79.532572,8.95207],[-79.532537,8.952074]]}},{"type":"Feature","properties":{"name":null,"highway":"footway"},"geometry":{"type":"LineString","coordinates":[[-79.533694,8.95331],[-79.533729,8.953313],[-79.533751,8.953315]]}},{"type":"Feature","properties":{"name":null,"highway":"footway"},"geometry":{"type":"LineString","coordinates":[[-79.533357,8.953277],[-79.533328,8.953274],[-79.533283,8.95327]]}},{"type":"Feature","properties":{"name":null,"highway":"residential"},"geometry":{"type":"LineString","coordinates":[[-79.534999,8.952833],[-79.534934,8.952826]]}},{"type":"Feature","properties":{"name":null,"highway":"footway"},"geometry":{"type":"LineString","coordinates":[[-79.534669,8.952849],[-79.534692,8.952851],[-79.534994,8.952876]]}},{"type":"Feature","properties":{"name":null,"highway":"footway"},"geometry":{"type":"LineString","coordinates":[[-79.534963,8.953177],[-79.53497,8.953178],[-79.53508,8.953186],[-79.535213,8.953198],[-79.535284,8.953205],[-79.535354,8.953212],[-79.535517,8.953229],[-79.535685,8.953246],[-79.535701,8.953251]]}},{"type":"Feature","properties":{"name":null,"highway":"footway"},"geometry":{"type":"LineString","coordinates":[[-79.535681,8.95328],[-79.535686,8.953269],[-79.535685,8.953246],[-79.535704,8.953065],[-79.535711,8.952987],[-79.535714,8.95296],[-79.535716,8.952935],[-79.53572,8.95291]]}},{"type":"Feature","properties":{"name":null,"highway":"footway"},"geometry":{"type":"LineString","coordinates":[[-79.535714,8.95296],[-79.534994,8.952876]]}},{"type":"Feature","properties":{"name":null,"highway":"footway"},"geometry":{"type":"LineString","coordinates":[[-79.53639,8.95247],[-79.536383,8.952491],[-79.536377,8.952523],[-79.53636,8.952694],[-79.536351,8.952793],[-79.53635,8.952804],[-79.53635,8.952815],[-79.536338,8.952943],[-79.536326,8.953078],[-79.536307,8.953303]]}},{"type":"Feature","properties":{"name":null,"highway":"footway"},"geometry":{"type":"LineString","coordinates":[[-79.536338,8.953305],[-79.536317,8.9533],[-79.536307,8.953303]]}},{"type":"Feature","properties":{"name":null,"highway":"footway"},"geometry":{"type":"LineString","coordinates":[[-79.536338,8.953305],[-79.536339,8.953327],[-79.536346,8.953342],[-79.536345,8.953355]]}},{"type":"Feature","properties":{"name":null,"highway":"footway"},"geometry":{"type":"LineString","coordinates":[[-79.536307,8.953303],[-79.536183,8.953293],[-79.53607,8.953284],[-79.535946,8.953273],[-79.535876,8.953267],[-79.535716,8.953254],[-79.535701,8.953251]]}},{"type":"Feature","properties":{"name":null,"highway":"footway"},"geometry":{"type":"LineString","coordinates":[[-79.53635,8.952815],[-79.536133,8.952796],[-79.536007,8.952784],[-79.535785,8.952766],[-79.535754,8.952792],[-79.535747,8.952873],[-79.535742,8.952936],[-79.53574,8.952963],[-79.535735,8.953023],[-79.535716,8.953254]]}},{"type":"Feature","properties":{"name":null,"highway":"footway"},"geometry":{"type":"LineString","coordinates":[[-79.535714,8.95296],[-79.535727,8.952963],[-79.53574,8.952963]]}},{"type":"Feature","properties":{"name":null,"highway":"footway"},"geometry":{"type":"LineString","coordinates":[[-79.535764,8.952372],[-79.535783,8.9524],[-79.535801,8.9524]]}},{"type":"Feature","properties":{"name":null,"highway":"footway"},"geometry":{"type":"LineString","coordinates":[[-79.535751,8.952474],[-79.535752,8.952428],[-79.535756,8.952388]]}},{"type":"Feature","properties":{"name":null,"highway":"footway"},"geometry":{"type":"LineString","coordinates":[[-79.548258,8.951533],[-79.548093,8.951853],[-79.54796,8.951934],[-79.547879,8.951977],[-79.547792,8.952031],[-79.547814,8.952072],[-79.547824,8.952107],[-79.547958,8.952056],[-79.547983,8.952089]]}},{"type":"Feature","properties":{"name":null,"highway":"footway"},"geometry":{"type":"LineString","coordinates":[[-79.546186,8.953958],[-79.546203,8.953978]]}},{"type":"Feature","properties":{"name":null,"highway":"footway"},"geometry":{"type":"LineString","coordinates":[[-79.543377,8.959583],[-79.543421,8.95954],[-79.543461,8.959495],[-79.543501,8.959447]]}},{"type":"Feature","properties":{"name":null,"highway":"footway"},"geometry":{"type":"LineString","coordinates":[[-79.542995,8.960069],[-79.543038,8.960073],[-79.543037,8.959788],[-79.542992,8.959732],[-79.542993,8.959696],[-79.543013,8.959626],[-79.543038,8.959576],[-79.543066,8.959539],[-79.543112,8.959506],[-79.543163,8.959491],[-79.543215,8.959484],[-79.543264,8.959492],[-79.543286,8.959497],[-79.543305,8.95951],[-79.543341,8.959545],[-79.543377,8.959583],[-79.543504,8.959823]]}},{"type":"Feature","properties":{"name":null,"highway":"steps"},"geometry":{"type":"LineString","coordinates":[[-79.542995,8.960069],[-79.542998,8.959907]]}},{"type":"Feature","properties":{"name":null,"highway":"steps"},"geometry":{"type":"LineString","coordinates":[[-79.54265,8.959783],[-79.542658,8.959639]]}},{"type":"Feature","properties":{"name":null,"highway":"footway"},"geometry":{"type":"LineString","coordinates":[[-79.54297,8.958778],[-79.542921,8.958893],[-79.54289,8.958934],[-79.542852,8.958968],[-79.542793,8.95903],[-79.54277,8.959046],[-79.542746,8.95906],[-79.542735,8.959093],[-79.542736,8.959135],[-79.54269,8.959553],[-79.542658,8.959639]]}},{"type":"Feature","properties":{"name":null,"highway":"trunk_link"},"geometry":{"type":"LineString","coordinates":[[-79.542782,8.962612],[-79.542647,8.962732]]}},{"type":"Feature","properties":{"name":null,"highway":"footway"},"geometry":{"type":"LineString","coordinates":[[-79.540752,8.961578],[-79.540821,8.961583],[-79.540907,8.961593],[-79.540971,8.961597]]}},{"type":"Feature","properties":{"name":null,"highway":"footway"},"geometry":{"type":"LineString","coordinates":[[-79.540693,8.961652],[-79.540682,8.961783]]}},{"type":"Feature","properties":{"name":null,"highway":"footway"},"geometry":{"type":"LineString","coordinates":[[-79.540085,8.962067],[-79.54012,8.962072],[-79.540143,8.962102],[-79.540256,8.96225]]}},{"type":"Feature","properties":{"name":null,"highway":"footway"},"geometry":{"type":"LineString","coordinates":[[-79.538978,8.962882],[-79.539025,8.962949],[-79.539071,8.963013]]}},{"type":"Feature","properties":{"name":null,"highway":"footway"},"geometry":{"type":"LineString","coordinates":[[-79.538151,8.96369],[-79.538101,8.963628],[-79.538044,8.963549]]}},{"type":"Feature","properties":{"name":null,"highway":"service"},"geometry":{"type":"LineString","coordinates":[[-79.552967,8.950651],[-79.55247,8.950994]]}},{"type":"Feature","properties":{"name":null,"highway":"footway"},"geometry":{"type":"LineString","coordinates":[[-79.536796,8.951686],[-79.536793,8.951715],[-79.53679,8.951741],[-79.536787,8.951759]]}},{"type":"Feature","properties":{"name":null,"highway":"residential"},"geometry":{"type":"LineString","coordinates":[[-79.553163,8.948868],[-79.553674,8.949488]]}},{"type":"Feature","properties":{"name":"Avenida de la Amistad","highway":"primary"},"geometry":{"type":"LineString","coordinates":[[-79.554419,8.966181],[-79.554488,8.966401],[-79.554524,8.966535],[-79.554564,8.966718]]}},{"type":"Feature","properties":{"name":"Calle 5a Oeste","highway":"pedestrian"},"geometry":{"type":"LineString","coordinates":[[-79.534468,8.952741],[-79.534432,8.952826]]}},{"type":"Feature","properties":{"name":null,"highway":"footway"},"geometry":{"type":"LineString","coordinates":[[-79.544572,8.962161],[-79.544502,8.962162],[-79.544377,8.962168],[-79.544291,8.96217],[-79.544163,8.962174]]}},{"type":"Feature","properties":{"name":null,"highway":"footway"},"geometry":{"type":"LineString","coordinates":[[-79.544163,8.962174],[-79.544136,8.962175],[-79.5441,8.962177],[-79.544004,8.962184]]}},{"type":"Feature","properties":{"name":null,"highway":"footway"},"geometry":{"type":"LineString","coordinates":[[-79.546417,8.947091],[-79.546537,8.94684],[-79.546542,8.94683],[-79.546689,8.94691],[-79.546725,8.946901],[-79.546763,8.946889],[-79.546945,8.94663],[-79.546964,8.946614],[-79.54743,8.946553],[-79.547499,8.946504],[-79.5476,8.94629],[-79.547662,8.94618],[-79.547747,8.946117],[-79.547813,8.946116],[-79.54804,8.946166],[-79.548094,8.94619],[-79.548144,8.94623],[-79.548156,8.946238],[-79.548165,8.94624],[-79.548176,8.946239],[-79.548185,8.946234],[-79.548296,8.946138]]}},{"type":"Feature","properties":{"name":null,"highway":"footway"},"geometry":{"type":"LineString","coordinates":[[-79.546333,8.946582],[-79.546415,8.946534],[-79.546698,8.946512],[-79.54702,8.946433],[-79.547255,8.946334],[-79.547601,8.946133],[-79.547726,8.946061],[-79.547794,8.946],[-79.547936,8.945823],[-79.548118,8.945993],[-79.548152,8.946008],[-79.548182,8.946015],[-79.548225,8.946018],[-79.548259,8.946011],[-79.548363,8.945988],[-79.54842,8.946056],[-79.548439,8.946079]]}},{"type":"Feature","properties":{"name":"Cinta Costera","highway":"primary"},"geometry":{"type":"LineString","coordinates":[[-79.550086,8.946834],[-79.549954,8.946805],[-79.549809,8.946773],[-79.549733,8.946751],[-79.549269,8.946638],[-79.549201,8.946627],[-79.548879,8.946611],[-79.548834,8.946612]]}},{"type":"Feature","properties":{"name":"Cinta Costera","highway":"primary"},"geometry":{"type":"LineString","coordinates":[[-79.543653,8.948092],[-79.543494,8.948089],[-79.543284,8.948089],[-79.542987,8.948112],[-79.542764,8.948155],[-79.542578,8.948206],[-79.542497,8.948228]]}},{"type":"Feature","properties":{"name":"Cinta Costera","highway":"primary"},"geometry":{"type":"LineString","coordinates":[[-79.548259,8.946858],[-79.548409,8.946864],[-79.548599,8.946877],[-79.54878,8.946915]]}},{"type":"Feature","properties":{"name":"Cinta Costera","highway":"primary"},"geometry":{"type":"LineString","coordinates":[[-79.542109,8.948976],[-79.542664,8.948784],[-79.542804,8.948736],[-79.543579,8.948493],[-79.544339,8.94825]]}},{"type":"Feature","properties":{"name":"Cinta Costera","highway":"primary"},"geometry":{"type":"LineString","coordinates":[[-79.545679,8.947697],[-79.545337,8.947807],[-79.544686,8.948021],[-79.544524,8.948076],[-79.544353,8.948116],[-79.544194,8.948132],[-79.544067,8.948136],[-79.543783,8.94812],[-79.543653,8.948092]]}},{"type":"Feature","properties":{"name":"Cinta Costera","highway":"primary"},"geometry":{"type":"LineString","coordinates":[[-79.546123,8.947549],[-79.545679,8.947697]]}},{"type":"Feature","properties":{"name":"Viaducto Torrijos-Carter","highway":"secondary"},"geometry":{"type":"LineString","coordinates":[[-79.546013,8.946714],[-79.546023,8.946838],[-79.546025,8.94689],[-79.546019,8.946996],[-79.545989,8.947105],[-79.545954,8.947203],[-79.545898,8.947311],[-79.545827,8.947403],[-79.545733,8.947496],[-79.545629,8.947563],[-79.545522,8.947621],[-79.54537,8.947683],[-79.545045,8.947795],[-79.54461,8.947955],[-79.544413,8.948015],[-79.5442,8.948052],[-79.544001,8.948063],[-79.543718,8.948055],[-79.543653,8.948092]]}},{"type":"Feature","properties":{"name":"Viaducto Torrijos-Carter","highway":"secondary"},"geometry":{"type":"LineString","coordinates":[[-79.545717,8.947819],[-79.545845,8.947729],[-79.545929,8.94765],[-79.546012,8.947535],[-79.546084,8.947415],[-79.546121,8.947317],[-79.54615,8.947161],[-79.546147,8.946985],[-79.546135,8.946852],[-79.546109,8.946696]]}},{"type":"Feature","properties":{"name":"Viaducto Torrijos-Carter","highway":"secondary"},"geometry":{"type":"LineString","coordinates":[[-79.545532,8.942424],[-79.545875,8.94538],[-79.546013,8.946714]]}},{"type":"Feature","properties":{"name":"Viaducto Torrijos-Carter","highway":"secondary"},"geometry":{"type":"LineString","coordinates":[[-79.546109,8.946696],[-79.545976,8.945369],[-79.545628,8.942414]]}},{"type":"Feature","properties":{"name":null,"highway":"secondary"},"geometry":{"type":"LineString","coordinates":[[-79.545307,8.940185],[-79.545279,8.940232],[-79.545263,8.940285],[-79.545259,8.94034],[-79.545269,8.940394],[-79.545291,8.940444],[-79.545325,8.940488],[-79.545368,8.940523]]}},{"type":"Feature","properties":{"name":null,"highway":"secondary_link"},"geometry":{"type":"LineString","coordinates":[[-79.545525,8.941404],[-79.545553,8.940962],[-79.545612,8.940786],[-79.545674,8.94067],[-79.545766,8.940567],[-79.545873,8.940498],[-79.546013,8.940438],[-79.546176,8.940419],[-79.546281,8.940424]]}},{"type":"Feature","properties":{"name":"Calle Celia Orilla","highway":"residential"},"geometry":{"type":"LineString","coordinates":[[-79.550513,8.941277],[-79.55058,8.941323],[-79.550758,8.941379],[-79.550828,8.941374],[-79.550886,8.941338],[-79.550922,8.94128],[-79.550926,8.941175],[-79.550898,8.941055],[-79.550813,8.940887]]}},{"type":"Feature","properties":{"name":null,"highway":"service"},"geometry":{"type":"LineString","coordinates":[[-79.552424,8.941342],[-79.552364,8.941381],[-79.552196,8.941474],[-79.552129,8.941516],[-79.552109,8.941554],[-79.552114,8.941614],[-79.552207,8.941763],[-79.552301,8.941914]]}},{"type":"Feature","properties":{"name":null,"highway":"service"},"geometry":{"type":"LineString","coordinates":[[-79.552207,8.941763],[-79.55177,8.942043],[-79.551994,8.942411],[-79.552123,8.94233],[-79.552231,8.942491]]}},{"type":"Feature","properties":{"name":null,"highway":"service"},"geometry":{"type":"LineString","coordinates":[[-79.552301,8.941914],[-79.552135,8.942015],[-79.552268,8.942232],[-79.552123,8.94233]]}},{"type":"Feature","properties":{"name":null,"highway":"service"},"geometry":{"type":"LineString","coordinates":[[-79.552231,8.942491],[-79.552181,8.942522],[-79.552479,8.943016],[-79.552497,8.94302],[-79.552512,8.943014],[-79.552564,8.942981],[-79.552599,8.942939],[-79.552309,8.942451],[-79.552231,8.942491]]}},{"type":"Feature","properties":{"name":"Viaducto Torrijos-Carter","highway":"secondary"},"geometry":{"type":"LineString","coordinates":[[-79.545368,8.940523],[-79.545387,8.940608],[-79.545404,8.940674],[-79.545417,8.940811],[-79.545432,8.941713],[-79.545436,8.941715],[-79.545532,8.942424]]}},{"type":"Feature","properties":{"name":"Viaducto Torrijos-Carter","highway":"secondary"},"geometry":{"type":"LineString","coordinates":[[-79.545628,8.942414],[-79.545545,8.941829],[-79.545538,8.941646],[-79.545525,8.941404],[-79.545497,8.940777],[-79.545525,8.940647],[-79.545561,8.940552]]}},{"type":"Feature","properties":{"name":null,"highway":"service"},"geometry":{"type":"LineString","coordinates":[[-79.535044,8.963649],[-79.534693,8.964304]]}},{"type":"Feature","properties":{"name":null,"highway":"service"},"geometry":{"type":"LineString","coordinates":[[-79.536467,8.962846],[-79.536383,8.963],[-79.536326,8.963104],[-79.536251,8.96324],[-79.536201,8.963332]]}},{"type":"Feature","properties":{"name":null,"highway":"service"},"geometry":{"type":"LineString","coordinates":[[-79.535113,8.965866],[-79.535315,8.9655]]}},{"type":"Feature","properties":{"name":null,"highway":"service"},"geometry":{"type":"LineString","coordinates":[[-79.535017,8.965816],[-79.535113,8.965866],[-79.535184,8.965907],[-79.535201,8.965907],[-79.535215,8.965895]]}},{"type":"Feature","properties":{"name":null,"highway":"service"},"geometry":{"type":"LineString","coordinates":[[-79.53524,8.965454],[-79.535315,8.9655],[-79.53539,8.965549],[-79.5354,8.965565],[-79.535402,8.965586],[-79.535215,8.965895]]}},{"type":"Feature","properties":{"name":null,"highway":"service"},"geometry":{"type":"LineString","coordinates":[[-79.535314,8.965336],[-79.535285,8.965385],[-79.53524,8.965454],[-79.535017,8.965816],[-79.534889,8.965711],[-79.534868,8.965671],[-79.534876,8.965552],[-79.534934,8.965426]]}},{"type":"Feature","properties":{"name":null,"highway":"service"},"geometry":{"type":"LineString","coordinates":[[-79.535678,8.964429],[-79.53596,8.964588],[-79.535889,8.96471],[-79.535607,8.964551],[-79.535678,8.964429]]}},{"type":"Feature","properties":{"name":null,"highway":"service"},"geometry":{"type":"LineString","coordinates":[[-79.535607,8.964551],[-79.535554,8.964605],[-79.535521,8.964659]]}},{"type":"Feature","properties":{"name":null,"highway":"service"},"geometry":{"type":"LineString","coordinates":[[-79.535802,8.965297],[-79.535866,8.965336],[-79.535937,8.965369],[-79.536069,8.965146]]}},{"type":"Feature","properties":{"name":null,"highway":"service"},"geometry":{"type":"LineString","coordinates":[[-79.555731,8.941671],[-79.555836,8.941779],[-79.555847,8.941802],[-79.555846,8.94182],[-79.555758,8.941911]]}},{"type":"Feature","properties":{"name":null,"highway":"service"},"geometry":{"type":"LineString","coordinates":[[-79.555814,8.941369],[-79.555774,8.941357],[-79.555738,8.941338],[-79.555706,8.941313]]}},{"type":"Feature","properties":{"name":null,"highway":"service"},"geometry":{"type":"LineString","coordinates":[[-79.555714,8.941254],[-79.555751,8.941284],[-79.55578,8.941315],[-79.555814,8.941369],[-79.55587,8.941464],[-79.555872,8.941514],[-79.555867,8.941542],[-79.555848,8.941569],[-79.555731,8.941671],[-79.555633,8.941763]]}},{"type":"Feature","properties":{"name":null,"highway":"service"},"geometry":{"type":"LineString","coordinates":[[-79.539405,8.964262],[-79.539442,8.964003],[-79.539436,8.96399],[-79.53942,8.963976],[-79.539343,8.963929],[-79.539322,8.963912],[-79.539315,8.963884],[-79.539329,8.963791]]}},{"type":"Feature","properties":{"name":null,"highway":"service"},"geometry":{"type":"LineString","coordinates":[[-79.537885,8.962501],[-79.537704,8.962634],[-79.537594,8.962716]]}},{"type":"Feature","properties":{"name":null,"highway":"service"},"geometry":{"type":"LineString","coordinates":[[-79.540592,8.962404],[-79.540346,8.962575],[-79.540315,8.962583],[-79.540288,8.962565],[-79.540248,8.962511]]}},{"type":"Feature","properties":{"name":null,"highway":"service"},"geometry":{"type":"LineString","coordinates":[[-79.537875,8.96124],[-79.537834,8.961183],[-79.537516,8.960747],[-79.537468,8.960682]]}},{"type":"Feature","properties":{"name":null,"highway":"service"},"geometry":{"type":"LineString","coordinates":[[-79.538139,8.961055],[-79.538203,8.961142],[-79.538268,8.961198],[-79.538316,8.9612],[-79.538382,8.961164],[-79.53882,8.960857],[-79.538879,8.96091],[-79.538926,8.960907],[-79.539013,8.960858],[-79.539141,8.960769],[-79.539265,8.960934],[-79.53915,8.961015]]}},{"type":"Feature","properties":{"name":"Avenida de los Mártires","highway":"trunk"},"geometry":{"type":"LineString","coordinates":[[-79.542838,8.962221],[-79.542826,8.962425],[-79.542817,8.962502],[-79.542796,8.962575],[-79.542782,8.962612]]}},{"type":"Feature","properties":{"name":"Calle 23 Este","highway":"secondary"},"geometry":{"type":"LineString","coordinates":[[-79.541275,8.962563],[-79.541214,8.96249],[-79.541121,8.962419],[-79.541003,8.962356]]}},{"type":"Feature","properties":{"name":"Calle 23 Este","highway":"secondary"},"geometry":{"type":"LineString","coordinates":[[-79.541003,8.962356],[-79.540906,8.962306],[-79.540788,8.962256]]}},{"type":"Feature","properties":{"name":"Avenida Central","highway":"secondary"},"geometry":{"type":"LineString","coordinates":[[-79.540771,8.962351],[-79.540788,8.962256]]}},{"type":"Feature","properties":{"name":null,"highway":"service"},"geometry":{"type":"LineString","coordinates":[[-79.539172,8.966395],[-79.539307,8.966154]]}},{"type":"Feature","properties":{"name":null,"highway":"service"},"geometry":{"type":"LineString","coordinates":[[-79.538646,8.965833],[-79.539039,8.966086]]}},{"type":"Feature","properties":{"name":null,"highway":"service"},"geometry":{"type":"LineString","coordinates":[[-79.538306,8.966357],[-79.538366,8.966277],[-79.538646,8.965833],[-79.538724,8.965709]]}},{"type":"Feature","properties":{"name":null,"highway":"footway"},"geometry":{"type":"LineString","coordinates":[[-79.547513,8.962535],[-79.54757,8.962545],[-79.54768,8.96258],[-79.547751,8.962606],[-79.547812,8.962697]]}},{"type":"Feature","properties":{"name":null,"highway":"footway"},"geometry":{"type":"LineString","coordinates":[[-79.547064,8.9616],[-79.54705,8.961681],[-79.547072,8.961769],[-79.547106,8.96183],[-79.547229,8.961949],[-79.547235,8.961968],[-79.547268,8.961985],[-79.547246,8.962065]]}},{"type":"Feature","properties":{"name":null,"highway":"footway"},"geometry":{"type":"LineString","coordinates":[[-79.54768,8.96258],[-79.547633,8.962456]]}},{"type":"Feature","properties":{"name":"Calle Agustin Jaen Arosemena","highway":"residential"},"geometry":{"type":"LineString","coordinates":[[-79.556458,8.947572],[-79.556414,8.947511],[-79.556369,8.94748],[-79.556311,8.947463],[-79.556242,8.947467],[-79.556118,8.947494],[-79.555884,8.94757],[-79.555862,8.94759],[-79.555856,8.947617]]}},{"type":"Feature","properties":{"name":"Avenida de los Poetas","highway":"primary"},"geometry":{"type":"LineString","coordinates":[[-79.553715,8.946696],[-79.553783,8.946599]]}},{"type":"Feature","properties":{"name":null,"highway":"trunk_link"},"geometry":{"type":"LineString","coordinates":[[-79.550843,8.947257],[-79.550758,8.947327]]}},{"type":"Feature","properties":{"name":null,"highway":"trunk_link"},"geometry":{"type":"LineString","coordinates":[[-79.551776,8.947378],[-79.552101,8.947326]]}},{"type":"Feature","properties":{"name":null,"highway":"residential"},"geometry":{"type":"LineString","coordinates":[[-79.554335,8.943256],[-79.554523,8.943246],[-79.554708,8.943277],[-79.554834,8.943328],[-79.554923,8.943407],[-79.554923,8.943532],[-79.554883,8.943678],[-79.55477,8.943821],[-79.554636,8.943873]]}},{"type":"Feature","properties":{"name":null,"highway":"service"},"geometry":{"type":"LineString","coordinates":[[-79.553033,8.942869],[-79.553148,8.943335]]}},{"type":"Feature","properties":{"name":"Calle B","highway":"tertiary"},"geometry":{"type":"LineString","coordinates":[[-79.545422,8.952219],[-79.545715,8.952274],[-79.546216,8.95233],[-79.546676,8.952369],[-79.546805,8.952364],[-79.546937,8.952349],[-79.547063,8.95232]]}},{"type":"Feature","properties":{"name":"Calle 12 Oeste","highway":"residential"},"geometry":{"type":"LineString","coordinates":[[-79.538469,8.95123],[-79.538501,8.951915]]}},{"type":"Feature","properties":{"name":"Calle 12 Oeste","highway":"residential"},"geometry":{"type":"LineString","coordinates":[[-79.538506,8.952227],[-79.538472,8.952412],[-79.538458,8.952961]]}},{"type":"Feature","properties":{"name":"Avenida Central","highway":"residential"},"geometry":{"type":"LineString","coordinates":[[-79.534994,8.952352],[-79.535752,8.952428],[-79.535779,8.952431],[-79.536383,8.952491],[-79.536402,8.952493]]}},{"type":"Feature","properties":{"name":null,"highway":"residential"},"geometry":{"type":"LineString","coordinates":[[-79.543771,8.960222],[-79.543748,8.960277],[-79.543699,8.960403],[-79.543652,8.960628],[-79.543606,8.96096],[-79.543562,8.96122],[-79.543546,8.961337],[-79.543527,8.961707]]}},{"type":"Feature","properties":{"name":null,"highway":"service"},"geometry":{"type":"LineString","coordinates":[[-79.553476,8.960484],[-79.553555,8.960451],[-79.553599,8.960422],[-79.55365,8.960341],[-79.55368,8.960257],[-79.553734,8.960144],[-79.553828,8.960026],[-79.553914,8.959949],[-79.553965,8.9599],[-79.553985,8.959847],[-79.553985,8.959777],[-79.553988,8.959701]]}},{"type":"Feature","properties":{"name":null,"highway":"service"},"geometry":{"type":"LineString","coordinates":[[-79.553651,8.959707],[-79.553611,8.959751],[-79.55359,8.959774],[-79.553538,8.959837],[-79.553467,8.959931],[-79.553407,8.960017],[-79.553387,8.960105],[-79.553384,8.96026],[-79.553421,8.960363],[-79.553458,8.960436],[-79.553476,8.960484],[-79.553486,8.960543],[-79.553479,8.960632],[-79.553478,8.96068],[-79.553491,8.960722],[-79.553517,8.960752],[-79.553555,8.96077],[-79.553594,8.960767],[-79.553639,8.960744],[-79.553683,8.960718],[-79.553727,8.960677],[-79.55382,8.960545],[-79.553866,8.960478],[-79.553921,8.960432],[-79.554001,8.960368]]}},{"type":"Feature","properties":{"name":null,"highway":"service"},"geometry":{"type":"LineString","coordinates":[[-79.554188,8.9597],[-79.554207,8.959744],[-79.554216,8.959788],[-79.554219,8.959817],[-79.554215,8.959839],[-79.554209,8.959867],[-79.554195,8.959891],[-79.554109,8.959975],[-79.554008,8.960076],[-79.553918,8.960189],[-79.553898,8.960226],[-79.553897,8.960256],[-79.55391,8.960294],[-79.554001,8.960368]]}},{"type":"Feature","properties":{"name":null,"highway":"service"},"geometry":{"type":"LineString","coordinates":[[-79.548984,8.96641],[-79.549715,8.966414],[-79.549722,8.966403],[-79.549719,8.966283],[-79.549712,8.966269],[-79.54906,8.966259],[-79.548985,8.966257]]}},{"type":"Feature","properties":{"name":null,"highway":"residential"},"geometry":{"type":"LineString","coordinates":[[-79.552399,8.963525],[-79.552726,8.963549],[-79.55278,8.963551],[-79.55282,8.963539],[-79.552873,8.963511],[-79.553009,8.963394]]}},{"type":"Feature","properties":{"name":null,"highway":"service"},"geometry":{"type":"LineString","coordinates":[[-79.552706,8.943372],[-79.552497,8.94302]]}},{"type":"Feature","properties":{"name":null,"highway":"service"},"geometry":{"type":"LineString","coordinates":[[-79.555178,8.95702],[-79.555181,8.957066],[-79.55513,8.957094],[-79.555098,8.957126],[-79.555089,8.957168],[-79.555158,8.957414],[-79.555183,8.957446],[-79.555274,8.957512],[-79.555295,8.957508],[-79.555375,8.957418],[-79.555377,8.957388],[-79.555325,8.957336],[-79.555286,8.957272],[-79.555265,8.957188],[-79.555241,8.957087],[-79.555205,8.95707],[-79.555181,8.957066]]}},{"type":"Feature","properties":{"name":null,"highway":"residential"},"geometry":{"type":"LineString","coordinates":[[-79.547763,8.947486],[-79.547739,8.947412]]}},{"type":"Feature","properties":{"name":null,"highway":"service"},"geometry":{"type":"LineString","coordinates":[[-79.535194,8.950958],[-79.535207,8.950847]]}},{"type":"Feature","properties":{"name":null,"highway":"service"},"geometry":{"type":"LineString","coordinates":[[-79.535207,8.950847],[-79.535225,8.950679],[-79.535143,8.950576],[-79.535051,8.950596],[-79.535028,8.950828],[-79.535207,8.950847]]}},{"type":"Feature","properties":{"name":null,"highway":"service"},"geometry":{"type":"LineString","coordinates":[[-79.536879,8.95132],[-79.536884,8.95129],[-79.536895,8.951221],[-79.536952,8.951163],[-79.536956,8.951001]]}},{"type":"Feature","properties":{"name":"Avenida Eloy Alfaro","highway":"residential"},"geometry":{"type":"LineString","coordinates":[[-79.533726,8.954035],[-79.533668,8.954055]]}},{"type":"Feature","properties":{"name":"Calle 6ta Este","highway":"residential"},"geometry":{"type":"LineString","coordinates":[[-79.534663,8.9532],[-79.534665,8.953173],[-79.534667,8.953158]]}},{"type":"Feature","properties":{"name":"Avenida B","highway":"residential"},"geometry":{"type":"LineString","coordinates":[[-79.536315,8.953325],[-79.536339,8.953327],[-79.536752,8.953361],[-79.537222,8.953427]]}},{"type":"Feature","properties":{"name":null,"highway":"service"},"geometry":{"type":"LineString","coordinates":[[-79.546016,8.965576],[-79.545982,8.965593],[-79.545956,8.965627],[-79.545929,8.965692],[-79.545915,8.96578]]}},{"type":"Feature","properties":{"name":null,"highway":"footway"},"geometry":{"type":"LineString","coordinates":[[-79.546074,8.96583],[-79.546066,8.965779]]}},{"type":"Feature","properties":{"name":null,"highway":"footway"},"geometry":{"type":"LineString","coordinates":[[-79.546085,8.965908],[-79.546074,8.96583]]}},{"type":"Feature","properties":{"name":null,"highway":"footway"},"geometry":{"type":"LineString","coordinates":[[-79.546249,8.966186],[-79.546328,8.966187],[-79.546395,8.966149]]}},{"type":"Feature","properties":{"name":null,"highway":"footway"},"geometry":{"type":"LineString","coordinates":[[-79.542863,8.962052],[-79.54291,8.962046],[-79.542957,8.962049],[-79.543003,8.962061],[-79.543033,8.962074],[-79.54306,8.962092]]}},{"type":"Feature","properties":{"name":null,"highway":"footway"},"geometry":{"type":"LineString","coordinates":[[-79.542554,8.961579],[-79.542587,8.96157]]}},{"type":"Feature","properties":{"name":null,"highway":"footway"},"geometry":{"type":"LineString","coordinates":[[-79.537761,8.959239],[-79.537664,8.959213],[-79.537614,8.959199]]}},{"type":"Feature","properties":{"name":null,"highway":"steps"},"geometry":{"type":"LineString","coordinates":[[-79.537614,8.959199],[-79.537544,8.959181],[-79.53754,8.959197],[-79.537588,8.95921]]}},{"type":"Feature","properties":{"name":null,"highway":"steps"},"geometry":{"type":"LineString","coordinates":[[-79.53755,8.959501],[-79.537655,8.959434]]}},{"type":"Feature","properties":{"name":null,"highway":"footway"},"geometry":{"type":"LineString","coordinates":[[-79.537536,8.959644],[-79.537533,8.959637],[-79.537548,8.959578],[-79.53755,8.959501]]}},{"type":"Feature","properties":{"name":"Avenida Amador","highway":"secondary"},"geometry":{"type":"LineString","coordinates":[[-79.553597,8.942987],[-79.553517,8.94278],[-79.553499,8.942731],[-79.553338,8.942299],[-79.553261,8.942109]]}},{"type":"Feature","properties":{"name":"Avenida Amador","highway":"secondary"},"geometry":{"type":"LineString","coordinates":[[-79.552898,8.941911],[-79.552931,8.942146],[-79.552997,8.942288],[-79.553152,8.942533],[-79.553292,8.942696],[-79.553347,8.942789],[-79.553356,8.942806],[-79.553369,8.942834],[-79.553398,8.942897]]}},{"type":"Feature","properties":{"name":null,"highway":"secondary"},"geometry":{"type":"LineString","coordinates":[[-79.551803,8.940666],[-79.551826,8.940708],[-79.551858,8.940745],[-79.551898,8.940774],[-79.551942,8.940794],[-79.55199,8.940804],[-79.552039,8.940804],[-79.552087,8.940793],[-79.552132,8.940773]]}},{"type":"Feature","properties":{"name":null,"highway":"secondary"},"geometry":{"type":"LineString","coordinates":[[-79.551824,8.940452],[-79.551799,8.940502],[-79.551786,8.940556],[-79.551788,8.940612],[-79.551803,8.940666]]}},{"type":"Feature","properties":{"name":null,"highway":"secondary"},"geometry":{"type":"LineString","coordinates":[[-79.552132,8.940773],[-79.552185,8.940729],[-79.552223,8.940671],[-79.552241,8.940605],[-79.552239,8.940536]]}},{"type":"Feature","properties":{"name":null,"highway":"secondary"},"geometry":{"type":"LineString","coordinates":[[-79.551993,8.940354],[-79.551928,8.940369],[-79.55187,8.940403],[-79.551831,8.940445]]}},{"type":"Feature","properties":{"name":null,"highway":"service"},"geometry":{"type":"LineString","coordinates":[[-79.54906,8.966259],[-79.549057,8.966134],[-79.549116,8.966044]]}},{"type":"Feature","properties":{"name":null,"highway":"footway"},"geometry":{"type":"LineString","coordinates":[[-79.555851,8.949314],[-79.555854,8.949341],[-79.555854,8.949349],[-79.555855,8.949352]]}},{"type":"Feature","properties":{"name":null,"highway":"service"},"geometry":{"type":"LineString","coordinates":[[-79.537694,8.959312],[-79.537429,8.959247],[-79.53736,8.959236],[-79.537286,8.959235],[-79.537234,8.959243],[-79.537194,8.959259],[-79.537159,8.959286],[-79.537105,8.959346]]}},{"type":"Feature","properties":{"name":null,"highway":"service"},"geometry":{"type":"LineString","coordinates":[[-79.537105,8.959346],[-79.536971,8.95928],[-79.536919,8.959267],[-79.536873,8.95927],[-79.536838,8.959289],[-79.536814,8.959325],[-79.53676,8.95945]]}},{"type":"Feature","properties":{"name":null,"highway":"service"},"geometry":{"type":"LineString","coordinates":[[-79.537542,8.958506],[-79.537533,8.958563],[-79.537529,8.958584],[-79.537518,8.958642],[-79.537525,8.958675],[-79.537552,8.958694],[-79.537678,8.958722]]}},{"type":"Feature","properties":{"name":null,"highway":"trunk_link"},"geometry":{"type":"LineString","coordinates":[[-79.549659,8.951817],[-79.54958,8.951803],[-79.549524,8.951788],[-79.549485,8.951772],[-79.549441,8.95174],[-79.549412,8.951704],[-79.549395,8.951672],[-79.549382,8.951628],[-79.549374,8.951564],[-79.549371,8.951376]]}},{"type":"Feature","properties":{"name":null,"highway":"trunk_link"},"geometry":{"type":"LineString","coordinates":[[-79.550894,8.951912],[-79.550084,8.951864],[-79.549926,8.95185],[-79.549791,8.951835],[-79.549659,8.951817]]}},{"type":"Feature","properties":{"name":"Camino Quarry Heights","highway":"residential"},"geometry":{"type":"LineString","coordinates":[[-79.550499,8.952513],[-79.550389,8.952498],[-79.550289,8.952498],[-79.550092,8.952501],[-79.55004,8.952528]]}},{"type":"Feature","properties":{"name":"Camino Quarry Heights","highway":"residential"},"geometry":{"type":"LineString","coordinates":[[-79.546464,8.954326],[-79.546505,8.954354],[-79.546583,8.954349],[-79.546926,8.954273],[-79.547122,8.954239],[-79.547265,8.95419],[-79.547378,8.95411],[-79.547478,8.953954],[-79.547582,8.953836],[-79.547794,8.953677],[-79.548103,8.953518],[-79.54816,8.953481],[-79.5487,8.953262],[-79.549247,8.952951],[-79.54936,8.95285],[-79.549784,8.952547],[-79.549908,8.952522],[-79.55004,8.952528]]}},{"type":"Feature","properties":{"name":"Camino Quarry Heights","highway":"residential"},"geometry":{"type":"LineString","coordinates":[[-79.55004,8.952528],[-79.550094,8.952562],[-79.550295,8.952564],[-79.550411,8.952554],[-79.550499,8.952513]]}},{"type":"Feature","properties":{"name":"Avenida Omar Torrijos Herrera","highway":"trunk"},"geometry":{"type":"LineString","coordinates":[[-79.556634,8.962746],[-79.556355,8.9627],[-79.556064,8.962663],[-79.55577,8.962668],[-79.555597,8.962686],[-79.555423,8.962721]]}},{"type":"Feature","properties":{"name":"Calle Dauprat","highway":"residential"},"geometry":{"type":"LineString","coordinates":[[-79.551477,8.951957],[-79.552435,8.952249]]}},{"type":"Feature","properties":{"name":null,"highway":"service"},"geometry":{"type":"LineString","coordinates":[[-79.54685,8.959945],[-79.546889,8.959965],[-79.546949,8.960065],[-79.54699,8.960172],[-79.546996,8.960237],[-79.546984,8.960292]]}},{"type":"Feature","properties":{"name":null,"highway":"service"},"geometry":{"type":"LineString","coordinates":[[-79.547024,8.960754],[-79.547125,8.960677],[-79.547114,8.960527],[-79.547019,8.96035],[-79.546984,8.960292]]}},{"type":"Feature","properties":{"name":null,"highway":"service"},"geometry":{"type":"LineString","coordinates":[[-79.544816,8.959952],[-79.544793,8.960027],[-79.544751,8.960164],[-79.544728,8.960192],[-79.544689,8.960201],[-79.544378,8.960116],[-79.544366,8.960103],[-79.544366,8.96008],[-79.544411,8.959908],[-79.544428,8.959844]]}},{"type":"Feature","properties":{"name":"Calle Tomás Guardia","highway":"residential"},"geometry":{"type":"LineString","coordinates":[[-79.554043,8.961561],[-79.554074,8.961457],[-79.554083,8.961425],[-79.554214,8.961088]]}},{"type":"Feature","properties":{"name":null,"highway":"service"},"geometry":{"type":"LineString","coordinates":[[-79.554476,8.959805],[-79.554363,8.959869]]}},{"type":"Feature","properties":{"name":null,"highway":"service"},"geometry":{"type":"LineString","coordinates":[[-79.554766,8.960064],[-79.554824,8.959974],[-79.554869,8.959896],[-79.554854,8.95978],[-79.554728,8.959694],[-79.554609,8.959681],[-79.554535,8.959732],[-79.554476,8.959805]]}},{"type":"Feature","properties":{"name":"Calle Erasmo Méndez Icaza","highway":"residential"},"geometry":{"type":"LineString","coordinates":[[-79.552784,8.959516],[-79.552557,8.959491],[-79.552423,8.959453]]}},{"type":"Feature","properties":{"name":"Calle Erasmo Méndez Icaza","highway":"residential"},"geometry":{"type":"LineString","coordinates":[[-79.552423,8.959453],[-79.552562,8.959647],[-79.552581,8.959702]]}},{"type":"Feature","properties":{"name":null,"highway":"service"},"geometry":{"type":"LineString","coordinates":[[-79.552455,8.960481],[-79.552475,8.960596]]}},{"type":"Feature","properties":{"name":null,"highway":"service"},"geometry":{"type":"LineString","coordinates":[[-79.552474,8.960886],[-79.552499,8.960894],[-79.552526,8.960891],[-79.552549,8.960879],[-79.552565,8.960859],[-79.552573,8.960834],[-79.55257,8.960808],[-79.552558,8.960785],[-79.552537,8.960769],[-79.552512,8.960761],[-79.552486,8.960764],[-79.552463,8.960776],[-79.552446,8.960796],[-79.552439,8.960821],[-79.552441,8.960847],[-79.552454,8.96087],[-79.552474,8.960886]]}},{"type":"Feature","properties":{"name":null,"highway":"service"},"geometry":{"type":"LineString","coordinates":[[-79.552475,8.960596],[-79.552496,8.960697],[-79.552488,8.960749],[-79.552463,8.960776],[-79.552382,8.960811],[-79.552283,8.960814],[-79.552102,8.96082],[-79.551978,8.960785]]}},{"type":"Feature","properties":{"name":null,"highway":"service"},"geometry":{"type":"LineString","coordinates":[[-79.551086,8.961018],[-79.551254,8.961121],[-79.551355,8.961139],[-79.551429,8.961129],[-79.551468,8.961106],[-79.551485,8.961057],[-79.551478,8.96099],[-79.551463,8.960949],[-79.551398,8.960866],[-79.551321,8.960809],[-79.551235,8.96075]]}},{"type":"Feature","properties":{"name":null,"highway":"living_street"},"geometry":{"type":"LineString","coordinates":[[-79.550125,8.962393],[-79.550156,8.962433]]}},{"type":"Feature","properties":{"name":"Avenida Amador","highway":"secondary"},"geometry":{"type":"LineString","coordinates":[[-79.551824,8.940452],[-79.551744,8.940464],[-79.551697,8.940469],[-79.551693,8.940469],[-79.551611,8.940478],[-79.551509,8.940479],[-79.550461,8.940518],[-79.550398,8.940521],[-79.548751,8.940595],[-79.547982,8.940635]]}},{"type":"Feature","properties":{"name":"Avenida Amador","highway":"secondary"},"geometry":{"type":"LineString","coordinates":[[-79.548072,8.940771],[-79.550462,8.940663],[-79.550881,8.940645],[-79.551513,8.940618],[-79.551581,8.940615],[-79.551657,8.94062],[-79.551725,8.940643],[-79.551803,8.940666]]}},{"type":"Feature","properties":{"name":null,"highway":"service"},"geometry":{"type":"LineString","coordinates":[[-79.553664,8.943882],[-79.553763,8.944137]]}},{"type":"Feature","properties":{"name":null,"highway":"service"},"geometry":{"type":"LineString","coordinates":[[-79.553539,8.944227],[-79.553763,8.944137],[-79.553806,8.94412],[-79.553857,8.944102]]}},{"type":"Feature","properties":{"name":null,"highway":"service"},"geometry":{"type":"LineString","coordinates":[[-79.553719,8.94376],[-79.553693,8.943823],[-79.553664,8.943882],[-79.553519,8.944175],[-79.553539,8.944227]]}},{"type":"Feature","properties":{"name":"Avenida Amador","highway":"secondary"},"geometry":{"type":"LineString","coordinates":[[-79.553261,8.942109],[-79.552869,8.941208],[-79.552813,8.941129]]}},{"type":"Feature","properties":{"name":"Avenida Amador","highway":"secondary"},"geometry":{"type":"LineString","coordinates":[[-79.552544,8.941027],[-79.552694,8.941221],[-79.55283,8.941472],[-79.552871,8.941691],[-79.552898,8.941911]]}},{"type":"Feature","properties":{"name":"Avenida Amador","highway":"secondary"},"geometry":{"type":"LineString","coordinates":[[-79.552132,8.940773],[-79.552197,8.940784],[-79.552354,8.940839],[-79.552425,8.940895],[-79.552438,8.940914],[-79.552544,8.941027]]}},{"type":"Feature","properties":{"name":"Avenida Amador","highway":"secondary"},"geometry":{"type":"LineString","coordinates":[[-79.552674,8.940933],[-79.552574,8.940826],[-79.552535,8.940795],[-79.552524,8.940786],[-79.552354,8.940656],[-79.552239,8.940536]]}},{"type":"Feature","properties":{"name":null,"highway":"service"},"geometry":{"type":"LineString","coordinates":[[-79.551706,8.940868],[-79.551655,8.940933],[-79.551634,8.941145],[-79.551685,8.941185],[-79.552021,8.941277]]}},{"type":"Feature","properties":{"name":"Calle B","highway":"residential"},"geometry":{"type":"LineString","coordinates":[[-79.548122,8.951964],[-79.547992,8.952012]]}},{"type":"Feature","properties":{"name":null,"highway":"footway"},"geometry":{"type":"LineString","coordinates":[[-79.548312,8.951559],[-79.548281,8.951609],[-79.548274,8.951605]]}},{"type":"Feature","properties":{"name":null,"highway":"steps"},"geometry":{"type":"LineString","coordinates":[[-79.548274,8.951605],[-79.548295,8.951568],[-79.548288,8.951564],[-79.548261,8.951612]]}},{"type":"Feature","properties":{"name":null,"highway":"service"},"geometry":{"type":"LineString","coordinates":[[-79.547513,8.953718],[-79.547594,8.953663],[-79.547646,8.953612],[-79.547509,8.953487],[-79.547602,8.953355]]}},{"type":"Feature","properties":{"name":null,"highway":"service"},"geometry":{"type":"LineString","coordinates":[[-79.547274,8.953895],[-79.547474,8.953651]]}},{"type":"Feature","properties":{"name":null,"highway":"service"},"geometry":{"type":"LineString","coordinates":[[-79.547582,8.953836],[-79.547513,8.953718],[-79.547495,8.953669],[-79.547474,8.953651],[-79.547414,8.953601],[-79.547509,8.953487]]}},{"type":"Feature","properties":{"name":null,"highway":"service"},"geometry":{"type":"LineString","coordinates":[[-79.553539,8.944227],[-79.553394,8.944288],[-79.55334,8.944285]]}},{"type":"Feature","properties":{"name":null,"highway":"service"},"geometry":{"type":"LineString","coordinates":[[-79.542664,8.948784],[-79.542759,8.948602],[-79.54281,8.948515],[-79.542816,8.948498],[-79.542815,8.948479],[-79.542794,8.948416]]}},{"type":"Feature","properties":{"name":null,"highway":"service"},"geometry":{"type":"LineString","coordinates":[[-79.542808,8.948281],[-79.542756,8.948254],[-79.542578,8.948206]]}},{"type":"Feature","properties":{"name":"Avenida de los Poetas","highway":"primary"},"geometry":{"type":"LineString","coordinates":[[-79.553421,8.946944],[-79.553563,8.946835],[-79.553715,8.946696]]}},{"type":"Feature","properties":{"name":null,"highway":"trunk_link"},"geometry":{"type":"LineString","coordinates":[[-79.55348,8.946981],[-79.553498,8.946964],[-79.55359,8.946865],[-79.553715,8.946696]]}},{"type":"Feature","properties":{"name":null,"highway":"footway"},"geometry":{"type":"LineString","coordinates":[[-79.551513,8.940618],[-79.551509,8.940479]]}},{"type":"Feature","properties":{"name":null,"highway":"service"},"geometry":{"type":"LineString","coordinates":[[-79.552813,8.941129],[-79.552822,8.941004],[-79.552773,8.940906],[-79.552701,8.940843],[-79.552631,8.940795],[-79.552535,8.940795]]}},{"type":"Feature","properties":{"name":"Calle Rodolfo Herbruger","highway":"residential"},"geometry":{"type":"LineString","coordinates":[[-79.553338,8.942299],[-79.553381,8.942256],[-79.553468,8.942225]]}},{"type":"Feature","properties":{"name":null,"highway":"secondary_link"},"geometry":{"type":"LineString","coordinates":[[-79.553369,8.942834],[-79.553409,8.942844],[-79.553462,8.942837],[-79.553491,8.942818],[-79.553517,8.94278]]}},{"type":"Feature","properties":{"name":null,"highway":"service"},"geometry":{"type":"LineString","coordinates":[[-79.553398,8.942897],[-79.553331,8.942884]]}},{"type":"Feature","properties":{"name":null,"highway":"cycleway"},"geometry":{"type":"LineString","coordinates":[[-79.538328,8.948439],[-79.538325,8.948523]]}},{"type":"Feature","properties":{"name":null,"highway":"trunk_link"},"geometry":{"type":"LineString","coordinates":[[-79.544608,8.966399],[-79.544646,8.966357],[-79.544688,8.966292],[-79.544752,8.966122],[-79.544774,8.966084],[-79.544798,8.966059]]}},{"type":"Feature","properties":{"name":null,"highway":"footway"},"geometry":{"type":"LineString","coordinates":[[-79.543003,8.962061],[-79.543005,8.962034]]}},{"type":"Feature","properties":{"name":"Calle Akee","highway":"residential"},"geometry":{"type":"LineString","coordinates":[[-79.555298,8.94933],[-79.555851,8.949314],[-79.555951,8.949306],[-79.556011,8.949302]]}},{"type":"Feature","properties":{"name":"Avenida Amador","highway":"primary"},"geometry":{"type":"LineString","coordinates":[[-79.556011,8.949302],[-79.555842,8.948668]]}},{"type":"Feature","properties":{"name":null,"highway":"secondary_link"},"geometry":{"type":"LineString","coordinates":[[-79.551766,8.940351],[-79.551697,8.940469]]}},{"type":"Feature","properties":{"name":null,"highway":"trunk_link"},"geometry":{"type":"LineString","coordinates":[[-79.554738,8.94724],[-79.554628,8.947227],[-79.554521,8.947204],[-79.554417,8.947169],[-79.554318,8.947123]]}},{"type":"Feature","properties":{"name":"Calle 28","highway":"residential"},"geometry":{"type":"LineString","coordinates":[[-79.548737,8.947769],[-79.549056,8.947417]]}},{"type":"Feature","properties":{"name":null,"highway":"service"},"geometry":{"type":"LineString","coordinates":[[-79.545532,8.948332],[-79.546191,8.948117],[-79.546674,8.947957],[-79.546692,8.947932],[-79.546692,8.947898],[-79.546677,8.947837]]}},{"type":"Feature","properties":{"name":"O'Connor","highway":"residential"},"geometry":{"type":"LineString","coordinates":[[-79.555704,8.958202],[-79.555978,8.958403],[-79.556038,8.958446],[-79.556502,8.958829]]}},{"type":"Feature","properties":{"name":null,"highway":"footway"},"geometry":{"type":"LineString","coordinates":[[-79.553552,8.94271],[-79.553499,8.942731],[-79.553347,8.942789],[-79.553299,8.942804]]}},{"type":"Feature","properties":{"name":null,"highway":"tertiary"},"geometry":{"type":"LineString","coordinates":[[-79.536836,8.954803],[-79.536822,8.954819],[-79.536814,8.954839],[-79.53681,8.954856],[-79.53681,8.954873],[-79.536813,8.95489],[-79.53682,8.954906],[-79.536828,8.954919],[-79.536838,8.95493],[-79.536851,8.95494],[-79.536864,8.954947],[-79.536879,8.954952],[-79.536894,8.954954],[-79.536909,8.954953],[-79.536924,8.95495],[-79.536939,8.954945],[-79.536952,8.954937],[-79.536964,8.954927],[-79.536976,8.95491],[-79.536984,8.954895],[-79.536988,8.954878],[-79.536989,8.954861],[-79.536986,8.954845],[-79.536981,8.954829],[-79.536972,8.954814],[-79.536961,8.954801],[-79.536947,8.95479],[-79.536934,8.954784],[-79.536919,8.954779],[-79.536904,8.954777],[-79.536889,8.954777],[-79.536874,8.95478],[-79.53686,8.954785],[-79.536847,8.954793],[-79.536836,8.954803]]}},{"type":"Feature","properties":{"name":null,"highway":"footway"},"geometry":{"type":"LineString","coordinates":[[-79.536573,8.954263],[-79.536533,8.954303]]}},{"type":"Feature","properties":{"name":"Avenida Omar Torrijos Herrera","highway":"trunk"},"geometry":{"type":"LineString","coordinates":[[-79.547112,8.965725],[-79.546985,8.965729]]}},{"type":"Feature","properties":{"name":"Avenida de los Mártires","highway":"trunk"},"geometry":{"type":"LineString","coordinates":[[-79.554459,8.947252],[-79.554205,8.947254]]}},{"type":"Feature","properties":{"name":null,"highway":"residential"},"geometry":{"type":"LineString","coordinates":[[-79.544039,8.963095],[-79.544085,8.963076],[-79.544114,8.963045],[-79.544124,8.962996],[-79.544112,8.962955],[-79.544087,8.962918],[-79.544049,8.962879]]}},{"type":"Feature","properties":{"name":null,"highway":"service"},"geometry":{"type":"LineString","coordinates":[[-79.554861,8.946219],[-79.554767,8.946303],[-79.555019,8.946952],[-79.555159,8.946969]]}},{"type":"Feature","properties":{"name":null,"highway":"footway"},"geometry":{"type":"LineString","coordinates":[[-79.536438,8.952177],[-79.536427,8.952177],[-79.536417,8.952176]]}},{"type":"Feature","properties":{"name":null,"highway":"footway"},"geometry":{"type":"LineString","coordinates":[[-79.535894,8.951537],[-79.535866,8.95158],[-79.535845,8.951579]]}},{"type":"Feature","properties":{"name":null,"highway":"footway"},"geometry":{"type":"LineString","coordinates":[[-79.535843,8.952056],[-79.535819,8.952055],[-79.535795,8.952057]]}},{"type":"Feature","properties":{"name":null,"highway":"footway"},"geometry":{"type":"LineString","coordinates":[[-79.536463,8.951651],[-79.536462,8.951678],[-79.53646,8.951694]]}},{"type":"Feature","properties":{"name":null,"highway":"footway"},"geometry":{"type":"LineString","coordinates":[[-79.53642,8.952109],[-79.536417,8.952135],[-79.536417,8.952176]]}},{"type":"Feature","properties":{"name":null,"highway":"footway"},"geometry":{"type":"LineString","coordinates":[[-79.534868,8.951495],[-79.534842,8.951491],[-79.534824,8.951481]]}},{"type":"Feature","properties":{"name":null,"highway":"footway"},"geometry":{"type":"LineString","coordinates":[[-79.533941,8.951443],[-79.533926,8.951442],[-79.533914,8.95143]]}},{"type":"Feature","properties":{"name":null,"highway":"footway"},"geometry":{"type":"LineString","coordinates":[[-79.533941,8.951443],[-79.53395,8.951418],[-79.533954,8.951396]]}},{"type":"Feature","properties":{"name":null,"highway":"footway"},"geometry":{"type":"LineString","coordinates":[[-79.533429,8.952172],[-79.533393,8.952175],[-79.533391,8.9522],[-79.53337,8.952392]]}},{"type":"Feature","properties":{"name":null,"highway":"footway"},"geometry":{"type":"LineString","coordinates":[[-79.533293,8.953106],[-79.533301,8.95304],[-79.5333,8.952993]]}},{"type":"Feature","properties":{"name":null,"highway":"footway"},"geometry":{"type":"LineString","coordinates":[[-79.534577,8.952346],[-79.534556,8.952342],[-79.534504,8.952331],[-79.534465,8.952324]]}},{"type":"Feature","properties":{"name":null,"highway":"footway"},"geometry":{"type":"LineString","coordinates":[[-79.534571,8.951549],[-79.534813,8.951571],[-79.534805,8.95166],[-79.534778,8.951935],[-79.534765,8.952071],[-79.534523,8.952048],[-79.534536,8.951912],[-79.534571,8.951549]]}},{"type":"Feature","properties":{"name":null,"highway":"footway"},"geometry":{"type":"LineString","coordinates":[[-79.534571,8.951549],[-79.534559,8.95154],[-79.53454,8.951538]]}},{"type":"Feature","properties":{"name":null,"highway":"footway"},"geometry":{"type":"LineString","coordinates":[[-79.534523,8.952048],[-79.534507,8.952055],[-79.53449,8.952055]]}},{"type":"Feature","properties":{"name":null,"highway":"footway"},"geometry":{"type":"LineString","coordinates":[[-79.536993,8.952136],[-79.536823,8.95198]]}},{"type":"Feature","properties":{"name":null,"highway":"footway"},"geometry":{"type":"LineString","coordinates":[[-79.535908,8.951085],[-79.535925,8.951086],[-79.53594,8.951082]]}},{"type":"Feature","properties":{"name":null,"highway":"footway"},"geometry":{"type":"LineString","coordinates":[[-79.537418,8.951274],[-79.537405,8.951274],[-79.537391,8.951272]]}},{"type":"Feature","properties":{"name":null,"highway":"service"},"geometry":{"type":"LineString","coordinates":[[-79.53829,8.951625],[-79.537982,8.951478],[-79.537949,8.951462]]}},{"type":"Feature","properties":{"name":null,"highway":"footway"},"geometry":{"type":"LineString","coordinates":[[-79.537968,8.951804],[-79.537982,8.951806],[-79.538006,8.951809]]}},{"type":"Feature","properties":{"name":null,"highway":"footway"},"geometry":{"type":"LineString","coordinates":[[-79.537956,8.951222],[-79.537927,8.951222],[-79.537905,8.951234]]}},{"type":"Feature","properties":{"name":null,"highway":"footway"},"geometry":{"type":"LineString","coordinates":[[-79.533516,8.951628],[-79.533662,8.951639]]}},{"type":"Feature","properties":{"name":null,"highway":"service"},"geometry":{"type":"LineString","coordinates":[[-79.555313,8.94113],[-79.555452,8.941224],[-79.555532,8.941244]]}},{"type":"Feature","properties":{"name":null,"highway":"service"},"geometry":{"type":"LineString","coordinates":[[-79.555289,8.94092],[-79.555199,8.941041]]}},{"type":"Feature","properties":{"name":null,"highway":"service"},"geometry":{"type":"LineString","coordinates":[[-79.547494,8.951218],[-79.547476,8.951479],[-79.547436,8.951547],[-79.547414,8.951877]]}},{"type":"Feature","properties":{"name":null,"highway":"footway"},"geometry":{"type":"LineString","coordinates":[[-79.548001,8.950627],[-79.548057,8.950366]]}},{"type":"Feature","properties":{"name":null,"highway":"cycleway"},"geometry":{"type":"LineString","coordinates":[[-79.553995,8.945884],[-79.55404,8.945004],[-79.554009,8.944747],[-79.55394,8.944486],[-79.553806,8.94412],[-79.553761,8.943997],[-79.553693,8.943823],[-79.553331,8.942884],[-79.55331,8.942824],[-79.553299,8.942804],[-79.55319,8.942629],[-79.55307,8.942475],[-79.552966,8.942322],[-79.552922,8.942254],[-79.552885,8.942136],[-79.552855,8.941919],[-79.552854,8.941883],[-79.552823,8.941601],[-79.55279,8.941491],[-79.552748,8.941386],[-79.55268,8.94126],[-79.55258,8.941115],[-79.552517,8.941052],[-79.552413,8.940945],[-79.552345,8.940888],[-79.552189,8.940834],[-79.552134,8.940834],[-79.552033,8.94086],[-79.551915,8.940847],[-79.551826,8.940793],[-79.551769,8.940716],[-79.551701,8.940682],[-79.551622,8.940661],[-79.551431,8.940708],[-79.55099,8.94069],[-79.550875,8.940691],[-79.550288,8.940712],[-79.54875,8.940788],[-79.547737,8.940833],[-79.547393,8.940819],[-79.546959,8.940738],[-79.546823,8.940702],[-79.546513,8.940599],[-79.546368,8.940531],[-79.546204,8.940444],[-79.546176,8.940419]]}},{"type":"Feature","properties":{"name":"Avenida Amador","highway":"secondary"},"geometry":{"type":"LineString","coordinates":[[-79.54572,8.940406],[-79.545895,8.940344],[-79.545958,8.940336],[-79.546028,8.940341],[-79.546084,8.940355],[-79.546281,8.940424],[-79.546391,8.940486],[-79.546514,8.940541],[-79.546707,8.94061],[-79.5469,8.940668],[-79.547002,8.940693],[-79.547197,8.940737],[-79.547404,8.940768],[-79.548072,8.940771]]}},{"type":"Feature","properties":{"name":null,"highway":"service"},"geometry":{"type":"LineString","coordinates":[[-79.539595,8.961833],[-79.539789,8.962091]]}},{"type":"Feature","properties":{"name":null,"highway":"service"},"geometry":{"type":"LineString","coordinates":[[-79.539195,8.961203],[-79.539282,8.961207],[-79.539326,8.961222],[-79.539359,8.961245],[-79.539406,8.961306]]}},{"type":"Feature","properties":{"name":null,"highway":"service"},"geometry":{"type":"LineString","coordinates":[[-79.539406,8.961306],[-79.539397,8.961357],[-79.539386,8.961388],[-79.539363,8.961415],[-79.538428,8.962051]]}},{"type":"Feature","properties":{"name":null,"highway":"service"},"geometry":{"type":"LineString","coordinates":[[-79.536383,8.963],[-79.536731,8.963204],[-79.536676,8.963294],[-79.536594,8.96343],[-79.536251,8.96324],[-79.536059,8.96313],[-79.536122,8.962994],[-79.536326,8.963104],[-79.536676,8.963294]]}},{"type":"Feature","properties":{"name":null,"highway":"service"},"geometry":{"type":"LineString","coordinates":[[-79.536383,8.963],[-79.536103,8.962858],[-79.536051,8.962958],[-79.536122,8.962994]]}},{"type":"Feature","properties":{"name":null,"highway":"service"},"geometry":{"type":"LineString","coordinates":[[-79.537372,8.960189],[-79.537539,8.960161],[-79.537683,8.959889],[-79.537611,8.959809]]}},{"type":"Feature","properties":{"name":null,"highway":"footway"},"geometry":{"type":"LineString","coordinates":[[-79.545049,8.952736],[-79.545066,8.952618],[-79.545082,8.952502],[-79.544308,8.952405]]}},{"type":"Feature","properties":{"name":null,"highway":"footway"},"geometry":{"type":"LineString","coordinates":[[-79.545066,8.952618],[-79.544295,8.952523]]}},{"type":"Feature","properties":{"name":null,"highway":"footway"},"geometry":{"type":"LineString","coordinates":[[-79.54651,8.95052],[-79.546332,8.950503]]}},{"type":"Feature","properties":{"name":null,"highway":"footway"},"geometry":{"type":"LineString","coordinates":[[-79.546816,8.951102],[-79.546815,8.951117]]}},{"type":"Feature","properties":{"name":null,"highway":"footway"},"geometry":{"type":"LineString","coordinates":[[-79.546815,8.951117],[-79.547101,8.951144],[-79.547114,8.95102],[-79.547175,8.950238],[-79.547182,8.950052]]}},{"type":"Feature","properties":{"name":null,"highway":"footway"},"geometry":{"type":"LineString","coordinates":[[-79.547101,8.951144],[-79.547093,8.951185],[-79.547091,8.951258]]}},{"type":"Feature","properties":{"name":null,"highway":"footway"},"geometry":{"type":"LineString","coordinates":[[-79.547091,8.951258],[-79.547069,8.95159],[-79.547064,8.951636],[-79.547055,8.951721],[-79.547014,8.952269],[-79.54699,8.952302],[-79.546752,8.952328],[-79.546478,8.952309],[-79.546276,8.952286]]}},{"type":"Feature","properties":{"name":null,"highway":"footway"},"geometry":{"type":"LineString","coordinates":[[-79.547091,8.951258],[-79.547066,8.951248],[-79.546817,8.951231],[-79.546712,8.951224],[-79.546432,8.951205],[-79.546118,8.951159],[-79.545629,8.951072],[-79.54558,8.95107]]}},{"type":"Feature","properties":{"name":null,"highway":"service"},"geometry":{"type":"LineString","coordinates":[[-79.544823,8.951082],[-79.544817,8.951174],[-79.545174,8.951196],[-79.545181,8.951108],[-79.544823,8.951082]]}},{"type":"Feature","properties":{"name":null,"highway":"service"},"geometry":{"type":"LineString","coordinates":[[-79.545181,8.951108],[-79.545256,8.951072],[-79.545512,8.951097]]}},{"type":"Feature","properties":{"name":null,"highway":"service"},"geometry":{"type":"LineString","coordinates":[[-79.544836,8.950947],[-79.544823,8.951082]]}},{"type":"Feature","properties":{"name":null,"highway":"footway"},"geometry":{"type":"LineString","coordinates":[[-79.544346,8.951956],[-79.544348,8.952043],[-79.544347,8.952093]]}},{"type":"Feature","properties":{"name":null,"highway":"footway"},"geometry":{"type":"LineString","coordinates":[[-79.532644,8.951923],[-79.532632,8.951902],[-79.532623,8.951889]]}},{"type":"Feature","properties":{"name":null,"highway":"footway"},"geometry":{"type":"LineString","coordinates":[[-79.532708,8.951319],[-79.532698,8.951318],[-79.532683,8.951318]]}},{"type":"Feature","properties":{"name":null,"highway":"service"},"geometry":{"type":"LineString","coordinates":[[-79.537921,8.95724],[-79.537996,8.957274],[-79.538052,8.957328],[-79.538181,8.957603]]}},{"type":"Feature","properties":{"name":null,"highway":"footway"},"geometry":{"type":"LineString","coordinates":[[-79.552413,8.940945],[-79.552438,8.940914],[-79.552524,8.940786]]}},{"type":"Feature","properties":{"name":null,"highway":"secondary"},"geometry":{"type":"LineString","coordinates":[[-79.551831,8.940445],[-79.551824,8.940452]]}},{"type":"Feature","properties":{"name":null,"highway":"secondary"},"geometry":{"type":"LineString","coordinates":[[-79.552239,8.940536],[-79.552217,8.940473],[-79.552177,8.94042],[-79.552123,8.94038],[-79.55206,8.940357],[-79.551993,8.940354]]}},{"type":"Feature","properties":{"name":null,"highway":"footway"},"geometry":{"type":"LineString","coordinates":[[-79.536187,8.955743],[-79.536048,8.955788],[-79.536036,8.955792]]}},{"type":"Feature","properties":{"name":null,"highway":"footway"},"geometry":{"type":"LineString","coordinates":[[-79.536187,8.955743],[-79.536268,8.955715],[-79.536378,8.955676]]}},{"type":"Feature","properties":{"name":null,"highway":"residential"},"geometry":{"type":"LineString","coordinates":[[-79.555062,8.950764],[-79.555697,8.950524]]}},{"type":"Feature","properties":{"name":null,"highway":"residential"},"geometry":{"type":"LineString","coordinates":[[-79.555278,8.950989],[-79.555231,8.950938],[-79.555184,8.950884],[-79.555062,8.950764],[-79.554991,8.950693],[-79.554888,8.950618]]}},{"type":"Feature","properties":{"name":"Calle Almond","highway":"residential"},"geometry":{"type":"LineString","coordinates":[[-79.553664,8.948491],[-79.553163,8.948868]]}},{"type":"Feature","properties":{"name":"Cinta Costera","highway":"trunk"},"geometry":{"type":"LineString","coordinates":[[-79.537452,8.958483],[-79.537542,8.958506],[-79.537764,8.958556],[-79.537864,8.958593],[-79.537919,8.958648],[-79.53795,8.958713],[-79.537966,8.958785]]}},{"type":"Feature","properties":{"name":null,"highway":"footway"},"geometry":{"type":"LineString","coordinates":[[-79.53676,8.955557],[-79.537123,8.955449]]}},{"type":"Feature","properties":{"name":null,"highway":"secondary_link"},"geometry":{"type":"LineString","coordinates":[[-79.544944,8.93901],[-79.544935,8.939198],[-79.544949,8.939332],[-79.544994,8.939547],[-79.545027,8.939656],[-79.545063,8.939752],[-79.545082,8.939806],[-79.545137,8.939925],[-79.54517,8.940024],[-79.545177,8.940062],[-79.54517,8.940133],[-79.545157,8.940201],[-79.545139,8.940307],[-79.545142,8.940375],[-79.545161,8.940442],[-79.545202,8.940526],[-79.545247,8.940589],[-79.545292,8.940648],[-79.545313,8.940716],[-79.545329,8.940823],[-79.54535,8.941391],[-79.545432,8.941713]]}},{"type":"Feature","properties":{"name":null,"highway":"service"},"geometry":{"type":"LineString","coordinates":[[-79.550429,8.966814],[-79.550441,8.966723],[-79.550592,8.966351],[-79.550709,8.966291],[-79.55082,8.96629]]}},{"type":"Feature","properties":{"name":null,"highway":"service"},"geometry":{"type":"LineString","coordinates":[[-79.552452,8.965846],[-79.552497,8.965964],[-79.552544,8.966087],[-79.55259,8.966208],[-79.552621,8.966291],[-79.552823,8.966219]]}},{"type":"Feature","properties":{"name":null,"highway":"service"},"geometry":{"type":"LineString","coordinates":[[-79.55279,8.966137],[-79.55259,8.966208]]}},{"type":"Feature","properties":{"name":null,"highway":"service"},"geometry":{"type":"LineString","coordinates":[[-79.552806,8.965994],[-79.552544,8.966087]]}},{"type":"Feature","properties":{"name":null,"highway":"service"},"geometry":{"type":"LineString","coordinates":[[-79.552844,8.965882],[-79.552732,8.965877],[-79.552497,8.965964]]}},{"type":"Feature","properties":{"name":null,"highway":"service"},"geometry":{"type":"LineString","coordinates":[[-79.553456,8.966367],[-79.553275,8.966231],[-79.552992,8.966548]]}},{"type":"Feature","properties":{"name":null,"highway":"service"},"geometry":{"type":"LineString","coordinates":[[-79.547442,8.966987],[-79.547433,8.966479],[-79.547427,8.966064]]}},{"type":"Feature","properties":{"name":null,"highway":"service"},"geometry":{"type":"LineString","coordinates":[[-79.542876,8.948262],[-79.54298,8.94853]]}},{"type":"Feature","properties":{"name":null,"highway":"service"},"geometry":{"type":"LineString","coordinates":[[-79.54348,8.948216],[-79.543523,8.94835]]}},{"type":"Feature","properties":{"name":null,"highway":"service"},"geometry":{"type":"LineString","coordinates":[[-79.543385,8.948396],[-79.543322,8.948217]]}},{"type":"Feature","properties":{"name":null,"highway":"service"},"geometry":{"type":"LineString","coordinates":[[-79.543172,8.948228],[-79.543246,8.948442]]}},{"type":"Feature","properties":{"name":null,"highway":"service"},"geometry":{"type":"LineString","coordinates":[[-79.543114,8.948486],[-79.543023,8.948238]]}},{"type":"Feature","properties":{"name":null,"highway":"service"},"geometry":{"type":"LineString","coordinates":[[-79.541869,8.94866],[-79.541936,8.94886]]}},{"type":"Feature","properties":{"name":null,"highway":"service"},"geometry":{"type":"LineString","coordinates":[[-79.541804,8.948903],[-79.541738,8.948735]]}},{"type":"Feature","properties":{"name":null,"highway":"service"},"geometry":{"type":"LineString","coordinates":[[-79.54207,8.948818],[-79.542019,8.948655],[-79.541998,8.94859]]}},{"type":"Feature","properties":{"name":null,"highway":"service"},"geometry":{"type":"LineString","coordinates":[[-79.547635,8.947354],[-79.547529,8.947054]]}},{"type":"Feature","properties":{"name":null,"highway":"service"},"geometry":{"type":"LineString","coordinates":[[-79.547386,8.947105],[-79.547488,8.947402]]}},{"type":"Feature","properties":{"name":null,"highway":"service"},"geometry":{"type":"LineString","coordinates":[[-79.547352,8.947446],[-79.54725,8.947153]]}},{"type":"Feature","properties":{"name":null,"highway":"service"},"geometry":{"type":"LineString","coordinates":[[-79.547121,8.947224],[-79.547216,8.94749]]}},{"type":"Feature","properties":{"name":null,"highway":"service"},"geometry":{"type":"LineString","coordinates":[[-79.547079,8.947534],[-79.546987,8.947297]]}},{"type":"Feature","properties":{"name":null,"highway":"service"},"geometry":{"type":"LineString","coordinates":[[-79.546864,8.947376],[-79.546942,8.947578]]}},{"type":"Feature","properties":{"name":null,"highway":"footway"},"geometry":{"type":"LineString","coordinates":[[-79.546503,8.953775],[-79.546541,8.953162],[-79.546526,8.953129],[-79.546404,8.953035],[-79.546349,8.953035],[-79.546258,8.953099],[-79.546237,8.953147],[-79.546203,8.953343],[-79.546144,8.953714],[-79.54614,8.953804],[-79.546481,8.953795],[-79.546503,8.953775]]}},{"type":"Feature","properties":{"name":null,"highway":"footway"},"geometry":{"type":"LineString","coordinates":[[-79.546404,8.953035],[-79.546406,8.953018],[-79.546467,8.952387],[-79.546468,8.952378]]}},{"type":"Feature","properties":{"name":null,"highway":"footway"},"geometry":{"type":"LineString","coordinates":[[-79.547687,8.952149],[-79.547254,8.952301],[-79.547067,8.952365],[-79.546923,8.952395],[-79.546725,8.952398],[-79.54667,8.952395],[-79.546468,8.952378],[-79.54621,8.952356],[-79.545772,8.952307],[-79.545712,8.9523],[-79.545644,8.952291],[-79.54525,8.952248],[-79.544836,8.952198],[-79.544387,8.952145],[-79.544341,8.952139],[-79.544282,8.952132],[-79.543889,8.95209],[-79.54348,8.952049]]}},{"type":"Feature","properties":{"name":null,"highway":"service"},"geometry":{"type":"LineString","coordinates":[[-79.546509,8.951709],[-79.546482,8.951967]]}},{"type":"Feature","properties":{"name":null,"highway":"footway"},"geometry":{"type":"LineString","coordinates":[[-79.546817,8.951231],[-79.546767,8.951695],[-79.546749,8.951823],[-79.546728,8.952036]]}},{"type":"Feature","properties":{"name":null,"highway":"footway"},"geometry":{"type":"LineString","coordinates":[[-79.536792,8.953341],[-79.536754,8.953336],[-79.536725,8.953335]]}},{"type":"Feature","properties":{"name":null,"highway":"footway"},"geometry":{"type":"LineString","coordinates":[[-79.544295,8.952523],[-79.543529,8.952424]]}},{"type":"Feature","properties":{"name":null,"highway":"footway"},"geometry":{"type":"LineString","coordinates":[[-79.54424,8.953058],[-79.544197,8.953502],[-79.544135,8.954125]]}},{"type":"Feature","properties":{"name":null,"highway":"footway"},"geometry":{"type":"LineString","coordinates":[[-79.543712,8.953233],[-79.544197,8.953502]]}},{"type":"Feature","properties":{"name":null,"highway":"service"},"geometry":{"type":"LineString","coordinates":[[-79.53303,8.954029],[-79.533002,8.954108],[-79.532775,8.954102]]}},{"type":"Feature","properties":{"name":null,"highway":"service"},"geometry":{"type":"LineString","coordinates":[[-79.543364,8.953364],[-79.543465,8.95347],[-79.543602,8.953452]]}},{"type":"Feature","properties":{"name":null,"highway":"service"},"geometry":{"type":"LineString","coordinates":[[-79.543263,8.953272],[-79.543398,8.953208]]}},{"type":"Feature","properties":{"name":null,"highway":"service"},"geometry":{"type":"LineString","coordinates":[[-79.546016,8.949922],[-79.546005,8.950116]]}},{"type":"Feature","properties":{"name":null,"highway":"service"},"geometry":{"type":"LineString","coordinates":[[-79.546804,8.949978],[-79.546787,8.950179]]}},{"type":"Feature","properties":{"name":null,"highway":"footway"},"geometry":{"type":"LineString","coordinates":[[-79.546897,8.950507],[-79.546514,8.950475]]}},{"type":"Feature","properties":{"name":null,"highway":"service"},"geometry":{"type":"LineString","coordinates":[[-79.542022,8.952075],[-79.541951,8.951925]]}},{"type":"Feature","properties":{"name":"Calle B","highway":"tertiary"},"geometry":{"type":"LineString","coordinates":[[-79.538458,8.952961],[-79.538979,8.952914],[-79.539593,8.952835],[-79.539625,8.952808],[-79.540012,8.952747]]}},{"type":"Feature","properties":{"name":null,"highway":"service"},"geometry":{"type":"LineString","coordinates":[[-79.540331,8.953604],[-79.540311,8.953342]]}},{"type":"Feature","properties":{"name":null,"highway":"footway"},"geometry":{"type":"LineString","coordinates":[[-79.532802,8.951277],[-79.532829,8.951281],[-79.532855,8.951285]]}},{"type":"Feature","properties":{"name":null,"highway":"footway"},"geometry":{"type":"LineString","coordinates":[[-79.535391,8.952014],[-79.535403,8.951838],[-79.535582,8.951851],[-79.535577,8.95192],[-79.53557,8.952026],[-79.535391,8.952014]]}},{"type":"Feature","properties":{"name":null,"highway":"footway"},"geometry":{"type":"LineString","coordinates":[[-79.53557,8.952026],[-79.535564,8.952102]]}},{"type":"Feature","properties":{"name":null,"highway":"footway"},"geometry":{"type":"LineString","coordinates":[[-79.535582,8.951851],[-79.535588,8.951786]]}},{"type":"Feature","properties":{"name":null,"highway":"footway"},"geometry":{"type":"LineString","coordinates":[[-79.535403,8.951838],[-79.53537,8.951837],[-79.535374,8.951769]]}},{"type":"Feature","properties":{"name":null,"highway":"service"},"geometry":{"type":"LineString","coordinates":[[-79.534898,8.950922],[-79.534917,8.950761]]}},{"type":"Feature","properties":{"name":null,"highway":"service"},"geometry":{"type":"LineString","coordinates":[[-79.538828,8.949938],[-79.538837,8.949847],[-79.538856,8.949778],[-79.538874,8.949709],[-79.538858,8.949161],[-79.538849,8.948891],[-79.538847,8.948848],[-79.538832,8.94882],[-79.538789,8.948801],[-79.53872,8.948791],[-79.538672,8.948803],[-79.53867,8.948838],[-79.538665,8.949678],[-79.538669,8.949707],[-79.538682,8.949727],[-79.538706,8.949741],[-79.538739,8.949743],[-79.538786,8.949733],[-79.538874,8.949709]]}},{"type":"Feature","properties":{"name":null,"highway":"service"},"geometry":{"type":"LineString","coordinates":[[-79.538687,8.94983],[-79.538729,8.949819],[-79.538792,8.949826],[-79.538837,8.949847]]}},{"type":"Feature","properties":{"name":null,"highway":"service"},"geometry":{"type":"LineString","coordinates":[[-79.539311,8.949919],[-79.539178,8.949974],[-79.539127,8.949977],[-79.539059,8.949965],[-79.539003,8.949936],[-79.538947,8.949906],[-79.538837,8.949847]]}},{"type":"Feature","properties":{"name":null,"highway":"service"},"geometry":{"type":"LineString","coordinates":[[-79.548788,8.946342],[-79.548691,8.946458],[-79.548642,8.946509]]}},{"type":"Feature","properties":{"name":null,"highway":"service"},"geometry":{"type":"LineString","coordinates":[[-79.548783,8.946134],[-79.548581,8.946374],[-79.548484,8.946495]]}},{"type":"Feature","properties":{"name":null,"highway":"footway"},"geometry":{"type":"LineString","coordinates":[[-79.548346,8.946196],[-79.548327,8.946173],[-79.548296,8.946138]]}},{"type":"Feature","properties":{"name":null,"highway":"service"},"geometry":{"type":"LineString","coordinates":[[-79.548691,8.946458],[-79.548581,8.946374],[-79.548477,8.946296],[-79.548346,8.946196]]}},{"type":"Feature","properties":{"name":null,"highway":"footway"},"geometry":{"type":"LineString","coordinates":[[-79.550135,8.9463],[-79.550014,8.946275]]}},{"type":"Feature","properties":{"name":null,"highway":"footway"},"geometry":{"type":"LineString","coordinates":[[-79.550101,8.945266],[-79.550059,8.945254]]}},{"type":"Feature","properties":{"name":null,"highway":"service"},"geometry":{"type":"LineString","coordinates":[[-79.549954,8.946805],[-79.549954,8.946686],[-79.549994,8.946383]]}},{"type":"Feature","properties":{"name":null,"highway":"service"},"geometry":{"type":"LineString","coordinates":[[-79.532675,8.952972],[-79.532703,8.952609],[-79.532736,8.952187],[-79.532727,8.95217],[-79.532714,8.952158],[-79.5327,8.95215],[-79.532677,8.952143],[-79.53265,8.95214],[-79.532629,8.952146],[-79.532611,8.952158],[-79.532604,8.95217],[-79.532569,8.952577],[-79.532575,8.952591],[-79.532595,8.952599],[-79.532703,8.952609]]}},{"type":"Feature","properties":{"name":null,"highway":"service"},"geometry":{"type":"LineString","coordinates":[[-79.536873,8.95927],[-79.536824,8.959109]]}},{"type":"Feature","properties":{"name":null,"highway":"footway"},"geometry":{"type":"LineString","coordinates":[[-79.537425,8.9586],[-79.537431,8.95858],[-79.537452,8.958483]]}},{"type":"Feature","properties":{"name":null,"highway":"footway"},"geometry":{"type":"LineString","coordinates":[[-79.537394,8.958743],[-79.537425,8.9586]]}},{"type":"Feature","properties":{"name":null,"highway":"footway"},"geometry":{"type":"LineString","coordinates":[[-79.537664,8.959213],[-79.537866,8.958948],[-79.537893,8.958863],[-79.537888,8.958774],[-79.537842,8.95869],[-79.537761,8.958642],[-79.537529,8.958584]]}},{"type":"Feature","properties":{"name":null,"highway":"footway"},"geometry":{"type":"LineString","coordinates":[[-79.537588,8.95921],[-79.537607,8.959126]]}},{"type":"Feature","properties":{"name":null,"highway":"steps"},"geometry":{"type":"LineString","coordinates":[[-79.537588,8.95921],[-79.53756,8.959238]]}},{"type":"Feature","properties":{"name":null,"highway":"residential"},"geometry":{"type":"LineString","coordinates":[[-79.544617,8.962755],[-79.545125,8.962727]]}},{"type":"Feature","properties":{"name":null,"highway":"residential"},"geometry":{"type":"LineString","coordinates":[[-79.545114,8.963033],[-79.544634,8.96306]]}},{"type":"Feature","properties":{"name":null,"highway":"residential"},"geometry":{"type":"LineString","coordinates":[[-79.545024,8.963274],[-79.54478,8.963288],[-79.544734,8.963329],[-79.544649,8.963334]]}},{"type":"Feature","properties":{"name":null,"highway":"residential"},"geometry":{"type":"LineString","coordinates":[[-79.544655,8.963446],[-79.544302,8.963469]]}},{"type":"Feature","properties":{"name":null,"highway":"residential"},"geometry":{"type":"LineString","coordinates":[[-79.544641,8.963188],[-79.544273,8.963211]]}},{"type":"Feature","properties":{"name":null,"highway":"service"},"geometry":{"type":"LineString","coordinates":[[-79.544628,8.962943],[-79.54432,8.962953],[-79.544215,8.962896],[-79.544193,8.962826],[-79.544174,8.962569],[-79.544606,8.962537]]}},{"type":"Feature","properties":{"name":null,"highway":"footway"},"geometry":{"type":"LineString","coordinates":[[-79.543513,8.947554],[-79.543519,8.947807],[-79.543538,8.94787],[-79.543568,8.947956],[-79.543574,8.947974]]}},{"type":"Feature","properties":{"name":null,"highway":"cycleway"},"geometry":{"type":"LineString","coordinates":[[-79.545941,8.946782],[-79.545908,8.946782],[-79.545852,8.946123]]}},{"type":"Feature","properties":{"name":null,"highway":"footway"},"geometry":{"type":"LineString","coordinates":[[-79.546377,8.946841],[-79.546358,8.946841],[-79.546301,8.946847],[-79.54627,8.946867],[-79.546213,8.94679],[-79.546197,8.946747],[-79.546128,8.946083],[-79.546089,8.945747],[-79.54608,8.945631],[-79.546058,8.945595],[-79.54603,8.945566],[-79.545988,8.94552],[-79.545904,8.94555],[-79.545833,8.945593],[-79.545779,8.945648],[-79.545755,8.945679],[-79.545704,8.945745],[-79.545716,8.945888],[-79.545765,8.946236],[-79.545761,8.946319],[-79.545745,8.946401],[-79.545709,8.946549],[-79.5457,8.946606],[-79.545699,8.946655],[-79.545722,8.9467],[-79.545766,8.946738],[-79.545907,8.946819],[-79.545943,8.946827]]}},{"type":"Feature","properties":{"name":null,"highway":"footway"},"geometry":{"type":"LineString","coordinates":[[-79.546338,8.946407],[-79.546348,8.946378],[-79.546351,8.946329],[-79.546342,8.946254],[-79.546329,8.946209],[-79.546302,8.946146],[-79.546251,8.946075],[-79.546212,8.946031],[-79.546199,8.946011],[-79.54619,8.945974],[-79.546158,8.945845],[-79.546133,8.945729],[-79.546123,8.945612],[-79.546095,8.945546],[-79.546054,8.945513],[-79.545979,8.9455],[-79.545898,8.945499],[-79.545816,8.945518],[-79.545757,8.945555],[-79.545717,8.945592],[-79.545687,8.945642],[-79.545671,8.945703],[-79.545658,8.945806],[-79.545665,8.94592],[-79.545686,8.946133],[-79.545681,8.946194],[-79.545677,8.946235],[-79.545637,8.946332],[-79.545528,8.946521],[-79.545502,8.946609],[-79.545489,8.946701],[-79.545544,8.946972],[-79.54556,8.947041]]}},{"type":"Feature","properties":{"name":null,"highway":"cycleway"},"geometry":{"type":"LineString","coordinates":[[-79.545852,8.946123],[-79.545795,8.945642],[-79.545785,8.945559],[-79.545425,8.942479]]}},{"type":"Feature","properties":{"name":null,"highway":"cycleway"},"geometry":{"type":"LineString","coordinates":[[-79.544924,8.947647],[-79.544981,8.947652],[-79.545031,8.947656],[-79.545069,8.947654],[-79.545162,8.94766],[-79.545473,8.947557],[-79.545525,8.947534],[-79.545612,8.947462],[-79.545666,8.947397],[-79.545705,8.947346],[-79.54583,8.94715],[-79.545903,8.947052],[-79.545937,8.946991],[-79.545947,8.946916],[-79.545943,8.946827],[-79.545941,8.946782]]}},{"type":"Feature","properties":{"name":null,"highway":"footway"},"geometry":{"type":"LineString","coordinates":[[-79.545718,8.946955],[-79.54556,8.947041],[-79.545168,8.947256]]}},{"type":"Feature","properties":{"name":null,"highway":"footway"},"geometry":{"type":"LineString","coordinates":[[-79.546368,8.940531],[-79.546391,8.940486]]}},{"type":"Feature","properties":{"name":null,"highway":"footway"},"geometry":{"type":"LineString","coordinates":[[-79.546391,8.940486],[-79.546457,8.940355]]}},{"type":"Feature","properties":{"name":null,"highway":"footway"},"geometry":{"type":"LineString","coordinates":[[-79.545311,8.942814],[-79.545288,8.942828],[-79.545262,8.942852],[-79.545247,8.942879],[-79.545245,8.942906],[-79.545253,8.942942],[-79.54528,8.942971],[-79.545302,8.942985],[-79.545327,8.942989]]}},{"type":"Feature","properties":{"name":null,"highway":"footway"},"geometry":{"type":"LineString","coordinates":[[-79.546251,8.946075],[-79.546236,8.94609],[-79.546226,8.946113],[-79.546219,8.946147],[-79.546217,8.946221],[-79.546223,8.946252],[-79.546239,8.946288],[-79.546273,8.946336],[-79.546338,8.946407],[-79.546365,8.946452],[-79.546401,8.946494],[-79.546407,8.946511],[-79.546415,8.946534]]}},{"type":"Feature","properties":{"name":null,"highway":"footway"},"geometry":{"type":"LineString","coordinates":[[-79.545188,8.942064],[-79.545152,8.942092],[-79.545088,8.942195],[-79.545072,8.942238],[-79.545068,8.942271],[-79.54507,8.942387],[-79.545064,8.942422],[-79.545036,8.942459],[-79.544926,8.942583],[-79.544913,8.942612],[-79.544905,8.942648],[-79.544891,8.942812],[-79.544904,8.942877],[-79.544943,8.942937],[-79.545393,8.943353],[-79.545418,8.943371],[-79.545446,8.943376],[-79.545467,8.94337],[-79.545487,8.94335],[-79.545497,8.94327]]}},{"type":"Feature","properties":{"name":null,"highway":"footway"},"geometry":{"type":"LineString","coordinates":[[-79.546176,8.940419],[-79.546078,8.94054],[-79.546043,8.940566],[-79.546019,8.940573],[-79.545988,8.940569],[-79.545922,8.940546]]}},{"type":"Feature","properties":{"name":null,"highway":"footway"},"geometry":{"type":"LineString","coordinates":[[-79.545711,8.942384],[-79.545652,8.941822],[-79.545638,8.940927],[-79.545661,8.940837],[-79.545704,8.940763],[-79.545814,8.940635],[-79.545922,8.940546],[-79.545984,8.940511],[-79.546015,8.940506],[-79.546047,8.940511],[-79.546078,8.94054]]}},{"type":"Feature","properties":{"name":null,"highway":"footway"},"geometry":{"type":"LineString","coordinates":[[-79.545269,8.941608],[-79.545246,8.94165],[-79.545235,8.941694],[-79.54522,8.941796],[-79.545188,8.942064],[-79.545164,8.942292],[-79.545161,8.942429],[-79.545169,8.942493],[-79.545196,8.942571],[-79.545302,8.942792],[-79.545311,8.942814],[-79.545324,8.94287],[-79.545331,8.942932],[-79.545327,8.942989],[-79.545308,8.943101],[-79.545309,8.943154],[-79.545335,8.943211],[-79.545368,8.943244],[-79.545416,8.943269],[-79.545497,8.94327],[-79.545761,8.943228],[-79.545803,8.94321],[-79.545827,8.943183],[-79.545836,8.943144],[-79.545828,8.942982],[-79.5458,8.942632],[-79.545736,8.94244],[-79.545711,8.942384]]}},{"type":"Feature","properties":{"name":null,"highway":"footway"},"geometry":{"type":"LineString","coordinates":[[-79.545302,8.941759],[-79.545273,8.941813],[-79.545262,8.941855],[-79.545229,8.942106],[-79.54522,8.942361],[-79.545227,8.942469],[-79.545233,8.942495],[-79.545249,8.94254],[-79.545355,8.942758],[-79.545372,8.942809],[-79.545384,8.942862],[-79.545383,8.942993],[-79.545365,8.943093],[-79.545365,8.943136],[-79.545391,8.943185],[-79.545432,8.943212],[-79.54548,8.943219],[-79.545762,8.943175],[-79.545784,8.943149],[-79.545785,8.943066],[-79.545764,8.942867],[-79.545752,8.942698],[-79.545704,8.942448],[-79.545711,8.942384]]}},{"type":"Feature","properties":{"name":null,"highway":"service"},"geometry":{"type":"LineString","coordinates":[[-79.536511,8.958863],[-79.536472,8.959016],[-79.536423,8.959158],[-79.53639,8.959255],[-79.536337,8.95939]]}},{"type":"Feature","properties":{"name":null,"highway":"cycleway"},"geometry":{"type":"LineString","coordinates":[[-79.536041,8.957589],[-79.536257,8.95778],[-79.53639,8.957945],[-79.536479,8.958072],[-79.536539,8.958178],[-79.536607,8.958313],[-79.536593,8.958383],[-79.536552,8.958587],[-79.536511,8.958863]]}},{"type":"Feature","properties":{"name":null,"highway":"service"},"geometry":{"type":"LineString","coordinates":[[-79.540527,8.949396],[-79.540466,8.94944],[-79.540123,8.949556],[-79.540061,8.949577]]}},{"type":"Feature","properties":{"name":"Avenida Ascanio Arosemena Chávez","highway":"primary"},"geometry":{"type":"LineString","coordinates":[[-79.55499,8.961966],[-79.55532,8.961153],[-79.555439,8.960956]]}},{"type":"Feature","properties":{"name":"Avenida Ascanio Arosemena Chávez","highway":"primary"},"geometry":{"type":"LineString","coordinates":[[-79.555322,8.960865],[-79.555259,8.96097]]}},{"type":"Feature","properties":{"name":null,"highway":"footway"},"geometry":{"type":"LineString","coordinates":[[-79.54572,8.949122],[-79.545739,8.948837],[-79.546186,8.948692],[-79.546517,8.948585],[-79.54681,8.94849],[-79.547288,8.948335],[-79.547311,8.948338],[-79.547321,8.94835],[-79.547269,8.949087],[-79.547261,8.949208],[-79.547249,8.949233],[-79.547216,8.949245],[-79.546475,8.949188],[-79.545743,8.949133],[-79.54572,8.949122]]}},{"type":"Feature","properties":{"name":null,"highway":"service"},"geometry":{"type":"LineString","coordinates":[[-79.545635,8.949418],[-79.545452,8.949404],[-79.545186,8.949383]]}},{"type":"Feature","properties":{"name":null,"highway":"service"},"geometry":{"type":"LineString","coordinates":[[-79.545665,8.949017],[-79.545495,8.948998],[-79.545416,8.94899]]}},{"type":"Feature","properties":{"name":null,"highway":"service"},"geometry":{"type":"LineString","coordinates":[[-79.545495,8.948998],[-79.545485,8.949135]]}},{"type":"Feature","properties":{"name":null,"highway":"service"},"geometry":{"type":"LineString","coordinates":[[-79.545452,8.949404],[-79.545468,8.949226]]}},{"type":"Feature","properties":{"name":null,"highway":"service"},"geometry":{"type":"LineString","coordinates":[[-79.545498,8.954457],[-79.545479,8.954497],[-79.545472,8.954536],[-79.545444,8.954767],[-79.545416,8.95499]]}},{"type":"Feature","properties":{"name":null,"highway":"service"},"geometry":{"type":"LineString","coordinates":[[-79.545617,8.954835],[-79.545535,8.954778],[-79.545444,8.954767]]}},{"type":"Feature","properties":{"name":null,"highway":"service"},"geometry":{"type":"LineString","coordinates":[[-79.544703,8.954741],[-79.544745,8.954368],[-79.544745,8.954292]]}},{"type":"Feature","properties":{"name":null,"highway":"footway"},"geometry":{"type":"LineString","coordinates":[[-79.542595,8.948575],[-79.54274,8.948432],[-79.542785,8.948392]]}},{"type":"Feature","properties":{"name":null,"highway":"footway"},"geometry":{"type":"LineString","coordinates":[[-79.542246,8.949203],[-79.542268,8.94927]]}},{"type":"Feature","properties":{"name":null,"highway":"footway"},"geometry":{"type":"LineString","coordinates":[[-79.54223,8.949158],[-79.542246,8.949203]]}},{"type":"Feature","properties":{"name":null,"highway":"service"},"geometry":{"type":"LineString","coordinates":[[-79.542189,8.948694],[-79.542238,8.948706],[-79.54228,8.948714],[-79.542368,8.948727]]}},{"type":"Feature","properties":{"name":null,"highway":"service"},"geometry":{"type":"LineString","coordinates":[[-79.542189,8.948694],[-79.542223,8.948773]]}},{"type":"Feature","properties":{"name":null,"highway":"service"},"geometry":{"type":"LineString","coordinates":[[-79.542019,8.948655],[-79.542059,8.948648],[-79.542074,8.948648],[-79.542091,8.948652],[-79.54215,8.948674],[-79.542189,8.948694]]}},{"type":"Feature","properties":{"name":null,"highway":"footway"},"geometry":{"type":"LineString","coordinates":[[-79.540154,8.961718],[-79.539642,8.960922],[-79.539663,8.960883],[-79.539925,8.960702],[-79.540081,8.960622],[-79.540169,8.960587],[-79.540475,8.960519],[-79.540561,8.960528]]}},{"type":"Feature","properties":{"name":null,"highway":"footway"},"geometry":{"type":"LineString","coordinates":[[-79.53775,8.964286],[-79.537714,8.964353]]}},{"type":"Feature","properties":{"name":null,"highway":"footway"},"geometry":{"type":"LineString","coordinates":[[-79.538012,8.963825],[-79.538051,8.963778],[-79.538151,8.96369]]}},{"type":"Feature","properties":{"name":null,"highway":"footway"},"geometry":{"type":"LineString","coordinates":[[-79.537929,8.963611],[-79.537869,8.963678]]}},{"type":"Feature","properties":{"name":null,"highway":"footway"},"geometry":{"type":"LineString","coordinates":[[-79.537929,8.963611],[-79.537355,8.963303]]}},{"type":"Feature","properties":{"name":null,"highway":"footway"},"geometry":{"type":"LineString","coordinates":[[-79.538236,8.963412],[-79.538044,8.963549],[-79.537929,8.963611]]}},{"type":"Feature","properties":{"name":null,"highway":"footway"},"geometry":{"type":"LineString","coordinates":[[-79.538503,8.963223],[-79.538348,8.963333],[-79.538236,8.963412]]}},{"type":"Feature","properties":{"name":null,"highway":"footway"},"geometry":{"type":"LineString","coordinates":[[-79.538956,8.96285],[-79.538892,8.962892],[-79.538867,8.96291]]}},{"type":"Feature","properties":{"name":null,"highway":"service"},"geometry":{"type":"LineString","coordinates":[[-79.543879,8.955305],[-79.543826,8.955269],[-79.543776,8.955236],[-79.543866,8.955059]]}},{"type":"Feature","properties":{"name":null,"highway":"service"},"geometry":{"type":"LineString","coordinates":[[-79.543826,8.955269],[-79.543792,8.955432],[-79.543699,8.955464]]}},{"type":"Feature","properties":{"name":null,"highway":"service"},"geometry":{"type":"LineString","coordinates":[[-79.544505,8.95678],[-79.544276,8.956625]]}},{"type":"Feature","properties":{"name":null,"highway":"service"},"geometry":{"type":"LineString","coordinates":[[-79.544051,8.956816],[-79.5438,8.95664]]}},{"type":"Feature","properties":{"name":null,"highway":"service"},"geometry":{"type":"LineString","coordinates":[[-79.538298,8.964207],[-79.538419,8.964281],[-79.538445,8.964331],[-79.538544,8.964518],[-79.53847,8.964648]]}},{"type":"Feature","properties":{"name":null,"highway":"service"},"geometry":{"type":"LineString","coordinates":[[-79.538311,8.96456],[-79.538445,8.964331]]}},{"type":"Feature","properties":{"name":null,"highway":"service"},"geometry":{"type":"LineString","coordinates":[[-79.541388,8.953117],[-79.541567,8.953102]]}},{"type":"Feature","properties":{"name":null,"highway":"service"},"geometry":{"type":"LineString","coordinates":[[-79.543145,8.955577],[-79.543148,8.955539],[-79.543172,8.955269],[-79.543181,8.955108],[-79.543175,8.955047]]}},{"type":"Feature","properties":{"name":null,"highway":"service"},"geometry":{"type":"LineString","coordinates":[[-79.544438,8.956236],[-79.544608,8.955955],[-79.544504,8.955892],[-79.544451,8.955976]]}},{"type":"Feature","properties":{"name":null,"highway":"service"},"geometry":{"type":"LineString","coordinates":[[-79.542163,8.955624],[-79.54211,8.955106]]}},{"type":"Feature","properties":{"name":null,"highway":"service"},"geometry":{"type":"LineString","coordinates":[[-79.542059,8.955635],[-79.541999,8.955117]]}},{"type":"Feature","properties":{"name":"Avenida de los Mártires","highway":"trunk"},"geometry":{"type":"LineString","coordinates":[[-79.542782,8.962612],[-79.542727,8.962721],[-79.54267,8.962818],[-79.542306,8.963338]]}},{"type":"Feature","properties":{"name":null,"highway":"service"},"geometry":{"type":"LineString","coordinates":[[-79.540647,8.954788],[-79.540607,8.954787],[-79.540317,8.954778],[-79.540287,8.954777]]}},{"type":"Feature","properties":{"name":null,"highway":"service"},"geometry":{"type":"LineString","coordinates":[[-79.5403,8.954957],[-79.540269,8.954958],[-79.54024,8.954959],[-79.539876,8.954971],[-79.539843,8.954972],[-79.539802,8.954974]]}},{"type":"Feature","properties":{"name":null,"highway":"service"},"geometry":{"type":"LineString","coordinates":[[-79.540234,8.954867],[-79.540236,8.954891],[-79.54024,8.954959],[-79.540246,8.955067],[-79.539888,8.955071],[-79.539876,8.954971]]}},{"type":"Feature","properties":{"name":null,"highway":"service"},"geometry":{"type":"LineString","coordinates":[[-79.5403,8.954957],[-79.54033,8.954959],[-79.540355,8.954961],[-79.540564,8.954974],[-79.540597,8.954976],[-79.540635,8.954978]]}},{"type":"Feature","properties":{"name":null,"highway":"service"},"geometry":{"type":"LineString","coordinates":[[-79.540355,8.954961],[-79.540358,8.95507],[-79.54056,8.955075],[-79.540564,8.954974]]}},{"type":"Feature","properties":{"name":null,"highway":"service"},"geometry":{"type":"LineString","coordinates":[[-79.539845,8.955452],[-79.539885,8.955451],[-79.539934,8.955449],[-79.53993,8.955393],[-79.540053,8.955391]]}},{"type":"Feature","properties":{"name":null,"highway":"footway"},"geometry":{"type":"LineString","coordinates":[[-79.540633,8.955011],[-79.541244,8.955038]]}},{"type":"Feature","properties":{"name":null,"highway":"service"},"geometry":{"type":"LineString","coordinates":[[-79.541647,8.954616],[-79.541206,8.954672]]}},{"type":"Feature","properties":{"name":null,"highway":"service"},"geometry":{"type":"LineString","coordinates":[[-79.540673,8.950103],[-79.540471,8.950174]]}},{"type":"Feature","properties":{"name":null,"highway":"service"},"geometry":{"type":"LineString","coordinates":[[-79.544055,8.956313],[-79.543844,8.956156]]}},{"type":"Feature","properties":{"name":null,"highway":"service"},"geometry":{"type":"LineString","coordinates":[[-79.541379,8.956926],[-79.541159,8.956765],[-79.541116,8.956713],[-79.541038,8.956664],[-79.541003,8.956478]]}},{"type":"Feature","properties":{"name":"Calle 15 Este","highway":"residential"},"geometry":{"type":"LineString","coordinates":[[-79.539905,8.951836],[-79.540012,8.952747]]}},{"type":"Feature","properties":{"name":"Calle B","highway":"tertiary"},"geometry":{"type":"LineString","coordinates":[[-79.540012,8.952747],[-79.540561,8.952686],[-79.541162,8.95262],[-79.541234,8.952662]]}},{"type":"Feature","properties":{"name":null,"highway":"footway"},"geometry":{"type":"LineString","coordinates":[[-79.541659,8.9623],[-79.541247,8.962173],[-79.541109,8.96213],[-79.541152,8.962042],[-79.541182,8.961972],[-79.541176,8.961924],[-79.54111,8.961793],[-79.541225,8.961729]]}},{"type":"Feature","properties":{"name":null,"highway":"footway"},"geometry":{"type":"LineString","coordinates":[[-79.541225,8.961729],[-79.54158,8.961602],[-79.541656,8.961597]]}},{"type":"Feature","properties":{"name":null,"highway":"footway"},"geometry":{"type":"LineString","coordinates":[[-79.541006,8.962111],[-79.541023,8.961957],[-79.541023,8.96183]]}},{"type":"Feature","properties":{"name":null,"highway":"footway"},"geometry":{"type":"LineString","coordinates":[[-79.541009,8.961786],[-79.541002,8.961712],[-79.54101,8.961651]]}},{"type":"Feature","properties":{"name":null,"highway":"footway"},"geometry":{"type":"LineString","coordinates":[[-79.541023,8.96183],[-79.541009,8.961786]]}},{"type":"Feature","properties":{"name":null,"highway":"footway"},"geometry":{"type":"LineString","coordinates":[[-79.543264,8.957775],[-79.54321,8.957842]]}},{"type":"Feature","properties":{"name":null,"highway":"footway"},"geometry":{"type":"LineString","coordinates":[[-79.543316,8.958054],[-79.543253,8.958007]]}},{"type":"Feature","properties":{"name":null,"highway":"footway"},"geometry":{"type":"LineString","coordinates":[[-79.543021,8.958092],[-79.543081,8.95801]]}},{"type":"Feature","properties":{"name":null,"highway":"footway"},"geometry":{"type":"LineString","coordinates":[[-79.542985,8.957808],[-79.542744,8.957631]]}},{"type":"Feature","properties":{"name":null,"highway":"footway"},"geometry":{"type":"LineString","coordinates":[[-79.541068,8.952573],[-79.54062,8.952622],[-79.540504,8.952084],[-79.54044,8.951785],[-79.540799,8.951708],[-79.540819,8.951728],[-79.540926,8.951995],[-79.541126,8.952493],[-79.541124,8.952526],[-79.541107,8.952557],[-79.541068,8.952573]]}},{"type":"Feature","properties":{"name":null,"highway":"footway"},"geometry":{"type":"LineString","coordinates":[[-79.540926,8.951995],[-79.540504,8.952084]]}},{"type":"Feature","properties":{"name":null,"highway":"footway"},"geometry":{"type":"LineString","coordinates":[[-79.540503,8.952642],[-79.540328,8.951836],[-79.540319,8.951819],[-79.540305,8.951812],[-79.539965,8.951888],[-79.540066,8.952676],[-79.540079,8.952693],[-79.540503,8.952642]]}},{"type":"Feature","properties":{"name":null,"highway":"footway"},"geometry":{"type":"LineString","coordinates":[[-79.54044,8.951785],[-79.540362,8.9518],[-79.540305,8.951812]]}},{"type":"Feature","properties":{"name":null,"highway":"footway"},"geometry":{"type":"LineString","coordinates":[[-79.53771,8.953021],[-79.537676,8.952999],[-79.537632,8.952971]]}},{"type":"Feature","properties":{"name":null,"highway":"footway"},"geometry":{"type":"LineString","coordinates":[[-79.537175,8.953449],[-79.536781,8.953381],[-79.536346,8.953342],[-79.536336,8.953362],[-79.536317,8.953498],[-79.536282,8.953851],[-79.536276,8.953924],[-79.536287,8.953951],[-79.536298,8.953958],[-79.536326,8.953977],[-79.53641,8.95404],[-79.536659,8.954194],[-79.536808,8.953969],[-79.53692,8.953895],[-79.537009,8.953823],[-79.537093,8.953709],[-79.537129,8.953622],[-79.537181,8.953491],[-79.537181,8.95348],[-79.537175,8.953449]]}},{"type":"Feature","properties":{"name":null,"highway":"footway"},"geometry":{"type":"LineString","coordinates":[[-79.548325,8.945738],[-79.548342,8.945771],[-79.548346,8.945808],[-79.548338,8.945844],[-79.548318,8.945876],[-79.548289,8.9459],[-79.548254,8.945913],[-79.548216,8.945914],[-79.54818,8.945903],[-79.54815,8.94588],[-79.548129,8.94585],[-79.548119,8.945814],[-79.548122,8.945777],[-79.548136,8.945743],[-79.54816,8.945716],[-79.548193,8.945698],[-79.548229,8.945691],[-79.548266,8.945696],[-79.548299,8.945712],[-79.548325,8.945738]]}},{"type":"Feature","properties":{"name":null,"highway":"footway"},"geometry":{"type":"LineString","coordinates":[[-79.548342,8.945771],[-79.548472,8.945722],[-79.548507,8.945709]]}},{"type":"Feature","properties":{"name":null,"highway":"service"},"geometry":{"type":"LineString","coordinates":[[-79.539277,8.953632],[-79.539281,8.953689],[-79.539287,8.95376],[-79.539625,8.953743]]}},{"type":"Feature","properties":{"name":null,"highway":"footway"},"geometry":{"type":"LineString","coordinates":[[-79.539134,8.953696],[-79.539137,8.953774]]}},{"type":"Feature","properties":{"name":null,"highway":"footway"},"geometry":{"type":"LineString","coordinates":[[-79.533573,8.953342],[-79.533483,8.953336],[-79.533486,8.95329],[-79.533491,8.953232],[-79.53358,8.953239],[-79.533576,8.953298],[-79.533574,8.953325],[-79.533573,8.953342]]}},{"type":"Feature","properties":{"name":null,"highway":"footway"},"geometry":{"type":"LineString","coordinates":[[-79.533694,8.95331],[-79.533678,8.953308],[-79.533576,8.953298]]}},{"type":"Feature","properties":{"name":null,"highway":"footway"},"geometry":{"type":"LineString","coordinates":[[-79.533486,8.95329],[-79.533372,8.953279],[-79.533357,8.953277]]}},{"type":"Feature","properties":{"name":null,"highway":"pedestrian"},"geometry":{"type":"LineString","coordinates":[[-79.536191,8.956112],[-79.536132,8.955996],[-79.536128,8.955959],[-79.536122,8.955982],[-79.536048,8.955788],[-79.53594,8.955503],[-79.535927,8.955509],[-79.535913,8.955515],[-79.535943,8.955593],[-79.536187,8.956239],[-79.536194,8.956338],[-79.536184,8.956453],[-79.536146,8.956552],[-79.536104,8.956613],[-79.536065,8.956651],[-79.53597,8.956714],[-79.53586,8.956743],[-79.535678,8.956742],[-79.535371,8.956726],[-79.534935,8.956695],[-79.534537,8.956652],[-79.534146,8.956588],[-79.533881,8.956565],[-79.53345,8.956568],[-79.533197,8.956569],[-79.533117,8.956588],[-79.533014,8.956696],[-79.533085,8.956696],[-79.533381,8.956711],[-79.533458,8.956687],[-79.5337,8.956697],[-79.533721,8.95666],[-79.533811,8.956639],[-79.534136,8.956651],[-79.53428,8.956703],[-79.534285,8.956731],[-79.53578,8.956834],[-79.53581,8.956812],[-79.535836,8.956799],[-79.535891,8.956791],[-79.53596,8.956782],[-79.536004,8.956769],[-79.53605,8.956752],[-79.536097,8.956718],[-79.536135,8.956683],[-79.536169,8.956641],[-79.53619,8.956588],[-79.536208,8.956542],[-79.536221,8.956501],[-79.536229,8.956434],[-79.536233,8.956353],[-79.53622,8.956273],[-79.536207,8.956216],[-79.536173,8.956115],[-79.536191,8.956112]]}},{"type":"Feature","properties":{"name":null,"highway":"footway"},"geometry":{"type":"LineString","coordinates":[[-79.541534,8.948417],[-79.541323,8.948205]]}},{"type":"Feature","properties":{"name":null,"highway":"service"},"geometry":{"type":"LineString","coordinates":[[-79.536906,8.95394],[-79.537049,8.954072],[-79.537177,8.953952]]}},{"type":"Feature","properties":{"name":null,"highway":"pedestrian"},"geometry":{"type":"LineString","coordinates":[[-79.532957,8.957022],[-79.533207,8.957039],[-79.533205,8.957109],[-79.534406,8.957195],[-79.53441,8.957139],[-79.535111,8.957191],[-79.535218,8.957204],[-79.535345,8.957225],[-79.535455,8.957253],[-79.535604,8.957302],[-79.535742,8.957361],[-79.535913,8.957456],[-79.536056,8.957549],[-79.536208,8.957683],[-79.536331,8.957807],[-79.536451,8.957959],[-79.536534,8.958097],[-79.53666,8.958306],[-79.536625,8.958445],[-79.536607,8.95844],[-79.536589,8.958512],[-79.53658,8.958604],[-79.536518,8.958581],[-79.53659,8.958301],[-79.536509,8.958162],[-79.536445,8.958057],[-79.53634,8.957907],[-79.536224,8.957771],[-79.536086,8.957647],[-79.535931,8.957535],[-79.535728,8.957429],[-79.535602,8.957377],[-79.535415,8.957322],[-79.53534,8.957309],[-79.535217,8.957296],[-79.533577,8.957174],[-79.533415,8.957215],[-79.533353,8.957257],[-79.533152,8.957412],[-79.533044,8.957563],[-79.532996,8.957669],[-79.532957,8.95783],[-79.53297,8.957946],[-79.533012,8.958018],[-79.533063,8.958086],[-79.533126,8.958487],[-79.533134,8.958541],[-79.533127,8.958574],[-79.533109,8.958602],[-79.533073,8.958627],[-79.53303,8.958628],[-79.532986,8.958605],[-79.532968,8.958565],[-79.532939,8.95833],[-79.532917,8.958095],[-79.532908,8.957894],[-79.532908,8.957627],[-79.532938,8.957149],[-79.532957,8.957022]]}},{"type":"Feature","properties":{"name":null,"highway":"service"},"geometry":{"type":"LineString","coordinates":[[-79.536737,8.958175],[-79.536791,8.958139],[-79.536883,8.958144],[-79.536875,8.958287]]}},{"type":"Feature","properties":{"name":null,"highway":"service"},"geometry":{"type":"LineString","coordinates":[[-79.536883,8.958144],[-79.536902,8.95807],[-79.537004,8.958071]]}},{"type":"Feature","properties":{"name":null,"highway":"service"},"geometry":{"type":"LineString","coordinates":[[-79.539935,8.953637],[-79.539943,8.953709],[-79.539965,8.953741],[-79.539978,8.953851]]}},{"type":"Feature","properties":{"name":null,"highway":"service"},"geometry":{"type":"LineString","coordinates":[[-79.537322,8.956098],[-79.537288,8.956109],[-79.537047,8.956187]]}},{"type":"Feature","properties":{"name":null,"highway":"footway"},"geometry":{"type":"LineString","coordinates":[[-79.536008,8.955281],[-79.535983,8.955354],[-79.535974,8.955404],[-79.535979,8.955434]]}},{"type":"Feature","properties":{"name":null,"highway":"steps"},"geometry":{"type":"LineString","coordinates":[[-79.536207,8.954689],[-79.536263,8.954753]]}},{"type":"Feature","properties":{"name":null,"highway":"service"},"geometry":{"type":"LineString","coordinates":[[-79.537247,8.958094],[-79.537283,8.95809],[-79.53731,8.958087],[-79.537442,8.958135]]}},{"type":"Feature","properties":{"name":null,"highway":"pedestrian"},"geometry":{"type":"LineString","coordinates":[[-79.538332,8.95686],[-79.538265,8.956926],[-79.538324,8.957052],[-79.538171,8.957122],[-79.538175,8.957133],[-79.538203,8.957135],[-79.538164,8.957237],[-79.538191,8.957348],[-79.538279,8.957431],[-79.538331,8.957546],[-79.538211,8.957601],[-79.538206,8.957591],[-79.538181,8.957603],[-79.538152,8.957615],[-79.538021,8.957336],[-79.537966,8.95736],[-79.537958,8.957372],[-79.538141,8.957644],[-79.53829,8.957809],[-79.538639,8.957636],[-79.538683,8.957616],[-79.538577,8.957387],[-79.538373,8.956946],[-79.538332,8.95686]]}},{"type":"Feature","properties":{"name":null,"highway":"service"},"geometry":{"type":"LineString","coordinates":[[-79.538756,8.957848],[-79.538492,8.957973]]}},{"type":"Feature","properties":{"name":null,"highway":"service"},"geometry":{"type":"LineString","coordinates":[[-79.538823,8.95799],[-79.538595,8.958094]]}},{"type":"Feature","properties":{"name":null,"highway":"service"},"geometry":{"type":"LineString","coordinates":[[-79.538398,8.957856],[-79.538691,8.957714]]}},{"type":"Feature","properties":{"name":null,"highway":"service"},"geometry":{"type":"LineString","coordinates":[[-79.542391,8.960119],[-79.542259,8.960126],[-79.542217,8.960128],[-79.542079,8.960135],[-79.542086,8.959696],[-79.542058,8.959565],[-79.542103,8.959447],[-79.542166,8.959324],[-79.542256,8.959032],[-79.542269,8.958989]]}},{"type":"Feature","properties":{"name":null,"highway":"service"},"geometry":{"type":"LineString","coordinates":[[-79.542103,8.959447],[-79.542419,8.959464],[-79.542391,8.960119]]}},{"type":"Feature","properties":{"name":null,"highway":"service"},"geometry":{"type":"LineString","coordinates":[[-79.542217,8.960128],[-79.542225,8.959686]]}},{"type":"Feature","properties":{"name":null,"highway":"service"},"geometry":{"type":"LineString","coordinates":[[-79.542058,8.959565],[-79.542016,8.959563],[-79.541969,8.95956]]}},{"type":"Feature","properties":{"name":null,"highway":"service"},"geometry":{"type":"LineString","coordinates":[[-79.542257,8.960271],[-79.542257,8.960225],[-79.542259,8.960126]]}},{"type":"Feature","properties":{"name":null,"highway":"service"},"geometry":{"type":"LineString","coordinates":[[-79.538743,8.955284],[-79.538707,8.955295],[-79.538594,8.95533],[-79.538531,8.95535],[-79.538483,8.955207],[-79.538546,8.955188],[-79.538594,8.95533]]}},{"type":"Feature","properties":{"name":null,"highway":"footway"},"geometry":{"type":"LineString","coordinates":[[-79.540772,8.956925],[-79.540574,8.95599],[-79.539815,8.956161],[-79.539815,8.956193],[-79.540083,8.956577],[-79.540601,8.95723],[-79.54066,8.957266],[-79.540697,8.957268],[-79.540736,8.957255],[-79.540766,8.957225],[-79.54079,8.957169],[-79.540772,8.956925]]}},{"type":"Feature","properties":{"name":null,"highway":"service"},"geometry":{"type":"LineString","coordinates":[[-79.539704,8.957908],[-79.539611,8.95771],[-79.540106,8.957504],[-79.540455,8.957352]]}},{"type":"Feature","properties":{"name":null,"highway":"service"},"geometry":{"type":"LineString","coordinates":[[-79.539931,8.953609],[-79.539935,8.953637]]}},{"type":"Feature","properties":{"name":null,"highway":"service"},"geometry":{"type":"LineString","coordinates":[[-79.553063,8.965638],[-79.553128,8.965745],[-79.553358,8.965874],[-79.553352,8.966047],[-79.553206,8.966048]]}},{"type":"Feature","properties":{"name":null,"highway":"pedestrian"},"geometry":{"type":"LineString","coordinates":[[-79.542341,8.961866],[-79.542344,8.961926],[-79.542143,8.961929],[-79.542141,8.961841],[-79.541907,8.961844],[-79.541908,8.961886],[-79.541753,8.961875],[-79.541755,8.961697],[-79.542336,8.961698],[-79.542341,8.961866]]}},{"type":"Feature","properties":{"name":null,"highway":"service"},"geometry":{"type":"LineString","coordinates":[[-79.542401,8.961645],[-79.542396,8.961584],[-79.542335,8.961486],[-79.542283,8.961461]]}},{"type":"Feature","properties":{"name":null,"highway":"service"},"geometry":{"type":"LineString","coordinates":[[-79.53745,8.951288],[-79.537451,8.951327],[-79.537454,8.951397]]}},{"type":"Feature","properties":{"name":null,"highway":"service"},"geometry":{"type":"LineString","coordinates":[[-79.537552,8.951468],[-79.537529,8.951395],[-79.537454,8.951397],[-79.537292,8.9514]]}},{"type":"Feature","properties":{"name":null,"highway":"service"},"geometry":{"type":"LineString","coordinates":[[-79.539611,8.95771],[-79.539526,8.957527],[-79.54002,8.957312],[-79.540106,8.957504]]}},{"type":"Feature","properties":{"name":null,"highway":"footway"},"geometry":{"type":"LineString","coordinates":[[-79.54091,8.9608],[-79.540891,8.960621]]}},{"type":"Feature","properties":{"name":null,"highway":"service"},"geometry":{"type":"LineString","coordinates":[[-79.537922,8.959227],[-79.53806,8.959271],[-79.538468,8.959401]]}},{"type":"Feature","properties":{"name":null,"highway":"service"},"geometry":{"type":"LineString","coordinates":[[-79.538941,8.959737],[-79.538772,8.95995]]}},{"type":"Feature","properties":{"name":null,"highway":"service"},"geometry":{"type":"LineString","coordinates":[[-79.539018,8.959798],[-79.539131,8.959905],[-79.539166,8.95996],[-79.539445,8.96038]]}},{"type":"Feature","properties":{"name":null,"highway":"service"},"geometry":{"type":"LineString","coordinates":[[-79.539001,8.960121],[-79.539033,8.96007],[-79.539056,8.960036]]}},{"type":"Feature","properties":{"name":null,"highway":"service"},"geometry":{"type":"LineString","coordinates":[[-79.53912,8.959989],[-79.539166,8.95996]]}},{"type":"Feature","properties":{"name":null,"highway":"service"},"geometry":{"type":"LineString","coordinates":[[-79.539056,8.960036],[-79.53912,8.959989]]}},{"type":"Feature","properties":{"name":null,"highway":"service"},"geometry":{"type":"LineString","coordinates":[[-79.539752,8.960746],[-79.53968,8.960621],[-79.539552,8.9604],[-79.539435,8.960163]]}},{"type":"Feature","properties":{"name":null,"highway":"service"},"geometry":{"type":"LineString","coordinates":[[-79.53967,8.959292],[-79.539637,8.959326],[-79.539402,8.959428]]}},{"type":"Feature","properties":{"name":"Avenida Balboa","highway":"trunk"},"geometry":{"type":"LineString","coordinates":[[-79.537536,8.959644],[-79.537601,8.959564],[-79.537688,8.95948],[-79.537776,8.959413]]}},{"type":"Feature","properties":{"name":null,"highway":"footway"},"geometry":{"type":"LineString","coordinates":[[-79.537536,8.959644],[-79.537545,8.959648],[-79.537583,8.959611],[-79.537661,8.959641],[-79.53776,8.959654]]}},{"type":"Feature","properties":{"name":null,"highway":"service"},"geometry":{"type":"LineString","coordinates":[[-79.542023,8.960261],[-79.542022,8.960347],[-79.542021,8.960434],[-79.542126,8.96044],[-79.542417,8.960622]]}},{"type":"Feature","properties":{"name":null,"highway":"service"},"geometry":{"type":"LineString","coordinates":[[-79.545327,8.957916],[-79.545203,8.957856],[-79.545165,8.957863],[-79.545145,8.957891],[-79.545144,8.957932],[-79.545171,8.957956],[-79.545225,8.957951],[-79.545327,8.957916]]}},{"type":"Feature","properties":{"name":null,"highway":"service"},"geometry":{"type":"LineString","coordinates":[[-79.545491,8.957973],[-79.545378,8.957941],[-79.545327,8.957916]]}},{"type":"Feature","properties":{"name":null,"highway":"service"},"geometry":{"type":"LineString","coordinates":[[-79.541867,8.958139],[-79.54207,8.958061],[-79.542189,8.958092],[-79.542178,8.958224]]}},{"type":"Feature","properties":{"name":null,"highway":"service"},"geometry":{"type":"LineString","coordinates":[[-79.542023,8.958558],[-79.542081,8.95855],[-79.542207,8.958531],[-79.542227,8.958429],[-79.542226,8.958294]]}},{"type":"Feature","properties":{"name":null,"highway":"tertiary"},"geometry":{"type":"LineString","coordinates":[[-79.540796,8.960818],[-79.540878,8.960846],[-79.540925,8.960846],[-79.540979,8.960827],[-79.541005,8.960801]]}},{"type":"Feature","properties":{"name":null,"highway":"service"},"geometry":{"type":"LineString","coordinates":[[-79.541837,8.962148],[-79.541838,8.961945],[-79.541723,8.96193]]}},{"type":"Feature","properties":{"name":null,"highway":"service"},"geometry":{"type":"LineString","coordinates":[[-79.543562,8.96122],[-79.543256,8.961178],[-79.543149,8.961163]]}},{"type":"Feature","properties":{"name":null,"highway":"service"},"geometry":{"type":"LineString","coordinates":[[-79.541729,8.962487],[-79.541494,8.962493],[-79.541377,8.962495],[-79.541275,8.962563]]}},{"type":"Feature","properties":{"name":null,"highway":"service"},"geometry":{"type":"LineString","coordinates":[[-79.541539,8.965066],[-79.541496,8.964935],[-79.541397,8.964865]]}},{"type":"Feature","properties":{"name":null,"highway":"service"},"geometry":{"type":"LineString","coordinates":[[-79.541377,8.965481],[-79.5412,8.965484],[-79.541129,8.965461]]}},{"type":"Feature","properties":{"name":null,"highway":"pedestrian"},"geometry":{"type":"LineString","coordinates":[[-79.535086,8.952392],[-79.535061,8.952396],[-79.535044,8.952415],[-79.535015,8.952757],[-79.535033,8.952775],[-79.535047,8.95278],[-79.535372,8.952809],[-79.535374,8.952782],[-79.535125,8.952763],[-79.535075,8.952759],[-79.535057,8.952757],[-79.535063,8.952692],[-79.53508,8.952693],[-79.535095,8.952511],[-79.535078,8.95251],[-79.535083,8.952447],[-79.5351,8.952449],[-79.53515,8.952453],[-79.535642,8.952492],[-79.535644,8.952456],[-79.535086,8.952392]]}},{"type":"Feature","properties":{"name":null,"highway":"service"},"geometry":{"type":"LineString","coordinates":[[-79.542095,8.949324],[-79.542196,8.949384],[-79.542362,8.949335],[-79.542454,8.94921]]}},{"type":"Feature","properties":{"name":null,"highway":"primary_link"},"geometry":{"type":"LineString","coordinates":[[-79.541563,8.949424],[-79.541528,8.949416],[-79.541489,8.949395],[-79.541462,8.949368],[-79.541438,8.949322]]}},{"type":"Feature","properties":{"name":null,"highway":"service"},"geometry":{"type":"LineString","coordinates":[[-79.542035,8.958592],[-79.541996,8.958609],[-79.54173,8.958711],[-79.541445,8.958497],[-79.541394,8.95857],[-79.541368,8.958606]]}},{"type":"Feature","properties":{"name":null,"highway":"service"},"geometry":{"type":"LineString","coordinates":[[-79.544183,8.958878],[-79.544156,8.959022],[-79.543934,8.959099]]}},{"type":"Feature","properties":{"name":null,"highway":"service"},"geometry":{"type":"LineString","coordinates":[[-79.544052,8.959731],[-79.544128,8.959663],[-79.544248,8.95963],[-79.544345,8.959547],[-79.544393,8.959463]]}},{"type":"Feature","properties":{"name":null,"highway":"footway"},"geometry":{"type":"LineString","coordinates":[[-79.53656,8.955016],[-79.536532,8.954982],[-79.536525,8.954974],[-79.536484,8.954898],[-79.536407,8.9548]]}},{"type":"Feature","properties":{"name":null,"highway":"footway"},"geometry":{"type":"LineString","coordinates":[[-79.536455,8.954761],[-79.536376,8.95466]]}},{"type":"Feature","properties":{"name":"Avenida Omar Torrijos Herrera","highway":"trunk"},"geometry":{"type":"LineString","coordinates":[[-79.550223,8.966041],[-79.550799,8.966047]]}},{"type":"Feature","properties":{"name":"Avenida Omar Torrijos Herrera","highway":"trunk"},"geometry":{"type":"LineString","coordinates":[[-79.550799,8.966047],[-79.551066,8.966026],[-79.55125,8.965996],[-79.5515,8.965939],[-79.55175,8.965864]]}},{"type":"Feature","properties":{"name":null,"highway":"trunk_link"},"geometry":{"type":"LineString","coordinates":[[-79.542797,8.960891],[-79.542868,8.960396]]}},{"type":"Feature","properties":{"name":null,"highway":"trunk_link"},"geometry":{"type":"LineString","coordinates":[[-79.542754,8.959639],[-79.542732,8.959988],[-79.542673,8.96029]]}},{"type":"Feature","properties":{"name":null,"highway":"footway"},"geometry":{"type":"LineString","coordinates":[[-79.542754,8.959639],[-79.542658,8.959639]]}},{"type":"Feature","properties":{"name":null,"highway":"service"},"geometry":{"type":"LineString","coordinates":[[-79.5399,8.960642],[-79.539804,8.96051],[-79.539857,8.960481],[-79.539898,8.960441],[-79.539927,8.960384],[-79.539931,8.960319],[-79.539912,8.960226],[-79.539814,8.959952]]}},{"type":"Feature","properties":{"name":null,"highway":"service"},"geometry":{"type":"LineString","coordinates":[[-79.54077,8.959685],[-79.540778,8.959714],[-79.54084,8.959951]]}},{"type":"Feature","properties":{"name":null,"highway":"service"},"geometry":{"type":"LineString","coordinates":[[-79.541618,8.960051],[-79.541443,8.960158]]}},{"type":"Feature","properties":{"name":null,"highway":"service"},"geometry":{"type":"LineString","coordinates":[[-79.540538,8.959495],[-79.540572,8.95962],[-79.5406,8.959723]]}},{"type":"Feature","properties":{"name":null,"highway":"service"},"geometry":{"type":"LineString","coordinates":[[-79.540917,8.959541],[-79.540572,8.95962]]}},{"type":"Feature","properties":{"name":null,"highway":"service"},"geometry":{"type":"LineString","coordinates":[[-79.540782,8.959437],[-79.540538,8.959495],[-79.54042,8.959524]]}},{"type":"Feature","properties":{"name":null,"highway":"service"},"geometry":{"type":"LineString","coordinates":[[-79.540454,8.958965],[-79.540794,8.958874],[-79.540821,8.958972]]}},{"type":"Feature","properties":{"name":null,"highway":"service"},"geometry":{"type":"LineString","coordinates":[[-79.542402,8.961362],[-79.54244,8.961288],[-79.542457,8.961253],[-79.542394,8.961124]]}},{"type":"Feature","properties":{"name":null,"highway":"service"},"geometry":{"type":"LineString","coordinates":[[-79.54161,8.961099],[-79.54164,8.961112],[-79.541801,8.961181]]}},{"type":"Feature","properties":{"name":null,"highway":"footway"},"geometry":{"type":"LineString","coordinates":[[-79.5415,8.961429],[-79.54164,8.961112],[-79.541814,8.960717],[-79.541956,8.96078],[-79.542178,8.961038],[-79.542266,8.961233],[-79.542264,8.961257],[-79.542245,8.961279],[-79.542019,8.961308],[-79.54198,8.961291],[-79.541532,8.961462],[-79.541509,8.961448],[-79.5415,8.961429]]}},{"type":"Feature","properties":{"name":null,"highway":"service"},"geometry":{"type":"LineString","coordinates":[[-79.537851,8.962842],[-79.537704,8.962634],[-79.537568,8.962442]]}},{"type":"Feature","properties":{"name":null,"highway":"service"},"geometry":{"type":"LineString","coordinates":[[-79.537737,8.962906],[-79.537594,8.962716],[-79.53749,8.962579]]}},{"type":"Feature","properties":{"name":null,"highway":"service"},"geometry":{"type":"LineString","coordinates":[[-79.538093,8.962786],[-79.53805,8.962727],[-79.537885,8.962501]]}},{"type":"Feature","properties":{"name":null,"highway":"secondary"},"geometry":{"type":"LineString","coordinates":[[-79.54572,8.940406],[-79.545734,8.940341],[-79.545728,8.940275],[-79.545705,8.940213]]}},{"type":"Feature","properties":{"name":null,"highway":"secondary"},"geometry":{"type":"LineString","coordinates":[[-79.545561,8.940552],[-79.545613,8.940531],[-79.545658,8.940498],[-79.545694,8.940456],[-79.54572,8.940406]]}},{"type":"Feature","properties":{"name":null,"highway":"secondary"},"geometry":{"type":"LineString","coordinates":[[-79.545368,8.940523],[-79.545428,8.940551],[-79.545494,8.940561],[-79.545561,8.940552]]}},{"type":"Feature","properties":{"name":null,"highway":"footway"},"geometry":{"type":"LineString","coordinates":[[-79.535577,8.95192],[-79.535656,8.951927]]}},{"type":"Feature","properties":{"name":null,"highway":"service"},"geometry":{"type":"LineString","coordinates":[[-79.537532,8.952495],[-79.537328,8.952375],[-79.537274,8.952364]]}},{"type":"Feature","properties":{"name":"Avenida Balboa","highway":"secondary"},"geometry":{"type":"LineString","coordinates":[[-79.532023,8.968481],[-79.532157,8.968322],[-79.532345,8.968097],[-79.532593,8.967811],[-79.532636,8.967761],[-79.532887,8.967472],[-79.533114,8.967209],[-79.533363,8.966921],[-79.533567,8.966685],[-79.533953,8.96624],[-79.534021,8.966144]]}},{"type":"Feature","properties":{"name":"Cinta Costera","highway":"trunk"},"geometry":{"type":"LineString","coordinates":[[-79.535387,8.962547],[-79.535048,8.96315],[-79.534482,8.964197],[-79.534434,8.964283],[-79.534332,8.964462],[-79.534075,8.964925],[-79.533649,8.965665],[-79.533563,8.965786],[-79.533061,8.966378]]}},{"type":"Feature","properties":{"name":"Cinta Costera","highway":"trunk"},"geometry":{"type":"LineString","coordinates":[[-79.536207,8.960957],[-79.536119,8.961191],[-79.535602,8.962167],[-79.535387,8.962547]]}},{"type":"Feature","properties":{"name":null,"highway":"service"},"geometry":{"type":"LineString","coordinates":[[-79.538495,8.962136],[-79.538428,8.962051]]}},{"type":"Feature","properties":{"name":null,"highway":"service"},"geometry":{"type":"LineString","coordinates":[[-79.538342,8.961888],[-79.538354,8.961823],[-79.538418,8.961691]]}},{"type":"Feature","properties":{"name":null,"highway":"service"},"geometry":{"type":"LineString","coordinates":[[-79.539406,8.961306],[-79.539486,8.961413]]}},{"type":"Feature","properties":{"name":"Calle 24 Este","highway":"residential"},"geometry":{"type":"LineString","coordinates":[[-79.538155,8.961881],[-79.537751,8.961325]]}},{"type":"Feature","properties":{"name":"Calle 23 Este","highway":"secondary"},"geometry":{"type":"LineString","coordinates":[[-79.539049,8.960404],[-79.539443,8.960966]]}},{"type":"Feature","properties":{"name":"Calle 23 Este","highway":"secondary"},"geometry":{"type":"LineString","coordinates":[[-79.537747,8.959787],[-79.537781,8.959793],[-79.537809,8.959803],[-79.53832,8.960019]]}},{"type":"Feature","properties":{"name":"Calle 23 Este","highway":"secondary"},"geometry":{"type":"LineString","coordinates":[[-79.537898,8.959566],[-79.537839,8.959529],[-79.537815,8.959505],[-79.537801,8.959477],[-79.537776,8.959413]]}},{"type":"Feature","properties":{"name":null,"highway":"service"},"geometry":{"type":"LineString","coordinates":[[-79.536119,8.961191],[-79.535976,8.961324],[-79.535528,8.962145],[-79.535414,8.962361],[-79.535368,8.962445],[-79.534984,8.963115],[-79.534417,8.964161],[-79.534318,8.964346],[-79.534009,8.964887],[-79.533586,8.965629],[-79.533508,8.965753],[-79.533265,8.966055],[-79.533003,8.966328],[-79.532443,8.967012],[-79.531878,8.967673],[-79.531733,8.967822],[-79.531615,8.967908],[-79.53151,8.967981],[-79.531281,8.968127],[-79.531006,8.968315],[-79.53082,8.968464],[-79.530653,8.968649],[-79.530526,8.968827],[-79.530422,8.969009],[-79.530281,8.969285],[-79.530129,8.969625],[-79.529794,8.970262],[-79.529601,8.970618],[-79.529472,8.97084],[-79.529249,8.971233],[-79.528893,8.971893],[-79.528869,8.971934],[-79.528649,8.972249],[-79.528395,8.972522],[-79.528229,8.972697],[-79.528053,8.972852],[-79.527462,8.973308],[-79.527144,8.973514],[-79.525722,8.974297],[-79.525666,8.974322],[-79.525452,8.974428],[-79.525266,8.974512],[-79.524979,8.974612],[-79.524751,8.974689],[-79.524512,8.974759],[-79.524228,8.974837],[-79.524046,8.974869],[-79.5239,8.974895],[-79.523647,8.974932],[-79.52336,8.974955],[-79.523041,8.974957],[-79.52275,8.974944],[-79.522535,8.974937],[-79.521922,8.974884],[-79.520938,8.974778],[-79.520833,8.974777],[-79.520719,8.974791]]}},{"type":"Feature","properties":{"name":null,"highway":"service"},"geometry":{"type":"LineString","coordinates":[[-79.535368,8.962445],[-79.535387,8.962547]]}},{"type":"Feature","properties":{"name":"Calle 23 Este","highway":"secondary"},"geometry":{"type":"LineString","coordinates":[[-79.542476,8.963899],[-79.542346,8.963873],[-79.542216,8.963831],[-79.542128,8.963798]]}},{"type":"Feature","properties":{"name":null,"highway":"footway"},"geometry":{"type":"LineString","coordinates":[[-79.551865,8.939918],[-79.551919,8.939938],[-79.551917,8.939959],[-79.551911,8.940061],[-79.551912,8.94015],[-79.55194,8.940215],[-79.551979,8.940269],[-79.552057,8.940303],[-79.552183,8.940352],[-79.552253,8.940427],[-79.55231,8.940544],[-79.55233,8.940571],[-79.552357,8.940608],[-79.55251,8.940737],[-79.55255,8.940757],[-79.552524,8.940786]]}},{"type":"Feature","properties":{"name":null,"highway":"service"},"geometry":{"type":"LineString","coordinates":[[-79.540388,8.949902],[-79.540259,8.949944]]}},{"type":"Feature","properties":{"name":"Prospero Piñel (Calle Sin Salida)","highway":"residential"},"geometry":{"type":"LineString","coordinates":[[-79.539814,8.951316],[-79.54031,8.951288]]}},{"type":"Feature","properties":{"name":"Prospero Piñel","highway":"residential"},"geometry":{"type":"LineString","coordinates":[[-79.540659,8.951235],[-79.54031,8.951288]]}},{"type":"Feature","properties":{"name":null,"highway":"service"},"geometry":{"type":"LineString","coordinates":[[-79.541377,8.949454],[-79.541156,8.94953]]}},{"type":"Feature","properties":{"name":null,"highway":"residential"},"geometry":{"type":"LineString","coordinates":[[-79.53912,8.950711],[-79.539235,8.95059],[-79.53924,8.950556],[-79.539234,8.950515]]}},{"type":"Feature","properties":{"name":null,"highway":"service"},"geometry":{"type":"LineString","coordinates":[[-79.547225,8.947977],[-79.546997,8.948045]]}},{"type":"Feature","properties":{"name":null,"highway":"service"},"geometry":{"type":"LineString","coordinates":[[-79.547203,8.950424],[-79.547603,8.950452]]}},{"type":"Feature","properties":{"name":null,"highway":"service"},"geometry":{"type":"LineString","coordinates":[[-79.547231,8.950098],[-79.547645,8.950123]]}},{"type":"Feature","properties":{"name":null,"highway":"service"},"geometry":{"type":"LineString","coordinates":[[-79.54764,8.949148],[-79.547654,8.948981]]}},{"type":"Feature","properties":{"name":null,"highway":"service"},"geometry":{"type":"LineString","coordinates":[[-79.53971,8.950399],[-79.539671,8.950234]]}},{"type":"Feature","properties":{"name":null,"highway":"service"},"geometry":{"type":"LineString","coordinates":[[-79.546814,8.948668],[-79.54681,8.94849]]}},{"type":"Feature","properties":{"name":null,"highway":"service"},"geometry":{"type":"LineString","coordinates":[[-79.544818,8.961999],[-79.544865,8.961609]]}},{"type":"Feature","properties":{"name":null,"highway":"service"},"geometry":{"type":"LineString","coordinates":[[-79.545548,8.95943],[-79.545952,8.959675]]}},{"type":"Feature","properties":{"name":null,"highway":"service"},"geometry":{"type":"LineString","coordinates":[[-79.544818,8.960281],[-79.544847,8.960289],[-79.544889,8.960314],[-79.544945,8.960347],[-79.545041,8.960347],[-79.545123,8.960413],[-79.545174,8.960503],[-79.545223,8.960586],[-79.54531,8.960603],[-79.545364,8.960578],[-79.545386,8.960511],[-79.545345,8.960411],[-79.545293,8.960326],[-79.545237,8.96027]]}},{"type":"Feature","properties":{"name":null,"highway":"service"},"geometry":{"type":"LineString","coordinates":[[-79.545548,8.95943],[-79.545258,8.959901]]}},{"type":"Feature","properties":{"name":null,"highway":"service"},"geometry":{"type":"LineString","coordinates":[[-79.554074,8.961457],[-79.554288,8.961525],[-79.554402,8.961564]]}},{"type":"Feature","properties":{"name":null,"highway":"footway"},"geometry":{"type":"LineString","coordinates":[[-79.554045,8.944119],[-79.554071,8.944091],[-79.553552,8.94271],[-79.553381,8.942256],[-79.553305,8.942093],[-79.553052,8.941508],[-79.552899,8.941188],[-79.552856,8.941056],[-79.55284,8.940963],[-79.552761,8.940841],[-79.552613,8.940756],[-79.55255,8.940757]]}},{"type":"Feature","properties":{"name":null,"highway":"footway"},"geometry":{"type":"LineString","coordinates":[[-79.55233,8.940571],[-79.552457,8.940438],[-79.552495,8.940421],[-79.553112,8.940903]]}},{"type":"Feature","properties":{"name":"Avenida Amador","highway":"secondary"},"geometry":{"type":"LineString","coordinates":[[-79.554045,8.944119],[-79.553597,8.942987]]}},{"type":"Feature","properties":{"name":"Avenida Amador","highway":"secondary"},"geometry":{"type":"LineString","coordinates":[[-79.552813,8.941129],[-79.552674,8.940933]]}},{"type":"Feature","properties":{"name":"Cuarto Puente","highway":"construction"},"geometry":{"type":"LineString","coordinates":[[-79.556853,8.960245],[-79.556408,8.960714],[-79.556086,8.961097],[-79.55545,8.961809],[-79.555118,8.962232]]}},{"type":"Feature","properties":{"name":null,"highway":"service"},"geometry":{"type":"LineString","coordinates":[[-79.53883,8.962548],[-79.538703,8.962633]]}},{"type":"Feature","properties":{"name":null,"highway":"service"},"geometry":{"type":"LineString","coordinates":[[-79.542134,8.965968],[-79.542111,8.966014],[-79.542106,8.966023],[-79.542093,8.966048],[-79.542075,8.966133]]}},{"type":"Feature","properties":{"name":null,"highway":"footway"},"geometry":{"type":"LineString","coordinates":[[-79.541867,8.965853],[-79.541843,8.965934]]}},{"type":"Feature","properties":{"name":null,"highway":"footway"},"geometry":{"type":"LineString","coordinates":[[-79.541663,8.965962],[-79.541607,8.965943],[-79.541276,8.965832],[-79.541215,8.965812],[-79.541209,8.965802]]}},{"type":"Feature","properties":{"name":null,"highway":"footway"},"geometry":{"type":"LineString","coordinates":[[-79.545463,8.942472],[-79.54589,8.946104],[-79.54594,8.946731]]}},{"type":"Feature","properties":{"name":null,"highway":"footway"},"geometry":{"type":"LineString","coordinates":[[-79.54594,8.946731],[-79.545941,8.946782]]}},{"type":"Feature","properties":{"name":null,"highway":"footway"},"geometry":{"type":"LineString","coordinates":[[-79.545463,8.942472],[-79.545453,8.9424],[-79.545438,8.942286],[-79.5454,8.942067],[-79.54532,8.941603],[-79.545283,8.941414],[-79.54527,8.941125],[-79.545269,8.940875],[-79.545267,8.940804],[-79.545253,8.940742],[-79.545223,8.940669],[-79.545194,8.940623],[-79.545144,8.940565],[-79.54511,8.940513],[-79.545084,8.940454],[-79.545065,8.940392],[-79.545061,8.940324],[-79.545061,8.940271],[-79.545079,8.940211],[-79.54509,8.940147],[-79.545091,8.940096],[-79.545094,8.940061],[-79.545076,8.939983],[-79.545024,8.939828],[-79.544987,8.939728],[-79.544956,8.939637],[-79.544933,8.939544],[-79.544914,8.939459],[-79.544896,8.939348],[-79.544884,8.939264],[-79.54487,8.9391],[-79.544865,8.938961],[-79.544861,8.938719],[-79.54486,8.938582],[-79.544858,8.938495],[-79.544881,8.938174],[-79.544905,8.93781],[-79.544878,8.937622],[-79.544895,8.937416],[-79.544931,8.937306],[-79.544938,8.937199],[-79.544956,8.936942],[-79.54498,8.93658],[-79.544983,8.936547],[-79.54499,8.936453],[-79.545016,8.936323]]}},{"type":"Feature","properties":{"name":null,"highway":"footway"},"geometry":{"type":"LineString","coordinates":[[-79.545463,8.942472],[-79.545425,8.942479]]}},{"type":"Feature","properties":{"name":null,"highway":"footway"},"geometry":{"type":"LineString","coordinates":[[-79.545286,8.941684],[-79.54532,8.941603]]}},{"type":"Feature","properties":{"name":null,"highway":"footway"},"geometry":{"type":"LineString","coordinates":[[-79.545523,8.940432],[-79.545489,8.940437],[-79.545455,8.940433],[-79.545423,8.940419],[-79.545397,8.940396],[-79.545379,8.940367],[-79.545369,8.940335],[-79.54537,8.940301],[-79.54538,8.940268],[-79.5454,8.94024],[-79.545426,8.940218],[-79.545438,8.940214],[-79.545464,8.940204],[-79.545504,8.940203],[-79.545542,8.940215],[-79.545574,8.940238],[-79.545596,8.940271],[-79.545606,8.940309],[-79.545603,8.940349],[-79.545586,8.940385],[-79.545559,8.940414],[-79.545523,8.940432]]}},{"type":"Feature","properties":{"name":null,"highway":"service"},"geometry":{"type":"LineString","coordinates":[[-79.552197,8.940784],[-79.552189,8.940834],[-79.552185,8.940853],[-79.552122,8.940921],[-79.552097,8.940946],[-79.551791,8.940854]]}},{"type":"Feature","properties":{"name":null,"highway":"service"},"geometry":{"type":"LineString","coordinates":[[-79.551718,8.940797],[-79.551706,8.940808],[-79.551698,8.940822],[-79.551695,8.940838],[-79.551698,8.940854],[-79.551706,8.940868],[-79.551718,8.940879],[-79.551733,8.940886],[-79.551749,8.940887],[-79.551765,8.940883],[-79.551778,8.940875],[-79.551788,8.940862],[-79.551791,8.940854],[-79.551794,8.940847],[-79.551794,8.940831],[-79.551789,8.940816],[-79.551779,8.940802],[-79.551766,8.940793],[-79.55175,8.940789],[-79.551733,8.94079],[-79.551718,8.940797]]}},{"type":"Feature","properties":{"name":null,"highway":"service"},"geometry":{"type":"LineString","coordinates":[[-79.553148,8.943335],[-79.553078,8.943378],[-79.552937,8.943465],[-79.552823,8.943535]]}},{"type":"Feature","properties":{"name":null,"highway":"service"},"geometry":{"type":"LineString","coordinates":[[-79.553221,8.943659],[-79.553078,8.943378]]}},{"type":"Feature","properties":{"name":null,"highway":"service"},"geometry":{"type":"LineString","coordinates":[[-79.553085,8.943723],[-79.552937,8.943465]]}},{"type":"Feature","properties":{"name":null,"highway":"track"},"geometry":{"type":"LineString","coordinates":[[-79.557842,8.943845],[-79.556874,8.943606],[-79.556469,8.943533],[-79.556311,8.943374],[-79.555547,8.943232]]}},{"type":"Feature","properties":{"name":"Calle Culebra Rl","highway":"residential"},"geometry":{"type":"LineString","coordinates":[[-79.546647,8.959802],[-79.546611,8.959833]]}},{"type":"Feature","properties":{"name":"Calle Culebra Rl","highway":"residential"},"geometry":{"type":"LineString","coordinates":[[-79.546569,8.959374],[-79.546631,8.959449],[-79.54668,8.959514],[-79.546724,8.959608],[-79.546735,8.959671],[-79.546706,8.95975],[-79.546647,8.959802]]}},{"type":"Feature","properties":{"name":null,"highway":"service"},"geometry":{"type":"LineString","coordinates":[[-79.534948,8.962499],[-79.53498,8.962469]]}},{"type":"Feature","properties":{"name":null,"highway":"service"},"geometry":{"type":"LineString","coordinates":[[-79.53494,8.962604],[-79.534948,8.962499]]}},{"type":"Feature","properties":{"name":"Avenida Ascanio Arosemena Chávez","highway":"primary"},"geometry":{"type":"LineString","coordinates":[[-79.555204,8.961204],[-79.554718,8.962405]]}},{"type":"Feature","properties":{"name":"Avenida Omar Torrijos Herrera","highway":"trunk"},"geometry":{"type":"LineString","coordinates":[[-79.555423,8.962721],[-79.555265,8.962769],[-79.555146,8.96281],[-79.555027,8.962869]]}},{"type":"Feature","properties":{"name":null,"highway":"service"},"geometry":{"type":"LineString","coordinates":[[-79.553575,8.94182],[-79.553625,8.941973]]}},{"type":"Feature","properties":{"name":null,"highway":"service"},"geometry":{"type":"LineString","coordinates":[[-79.553696,8.941946],[-79.553651,8.941789]]}},{"type":"Feature","properties":{"name":null,"highway":"footway"},"geometry":{"type":"LineString","coordinates":[[-79.53867,8.948838],[-79.538849,8.948891]]}},{"type":"Feature","properties":{"name":null,"highway":"footway"},"geometry":{"type":"LineString","coordinates":[[-79.538968,8.949691],[-79.53897,8.949558],[-79.538984,8.949524],[-79.539003,8.9495],[-79.539099,8.949419],[-79.53911,8.949394],[-79.539113,8.949352],[-79.539106,8.949161],[-79.539097,8.949142],[-79.539084,8.949127],[-79.538911,8.948907],[-79.538849,8.948891]]}},{"type":"Feature","properties":{"name":null,"highway":"footway"},"geometry":{"type":"LineString","coordinates":[[-79.53918,8.949749],[-79.539048,8.949819],[-79.539017,8.949826],[-79.538856,8.949778]]}},{"type":"Feature","properties":{"name":null,"highway":"service"},"geometry":{"type":"LineString","coordinates":[[-79.538648,8.94993],[-79.538811,8.950157]]}},{"type":"Feature","properties":{"name":null,"highway":"service"},"geometry":{"type":"LineString","coordinates":[[-79.538687,8.94983],[-79.538664,8.949851],[-79.538653,8.949878],[-79.538648,8.94993],[-79.538638,8.950019],[-79.538639,8.950127],[-79.538649,8.950166],[-79.538681,8.9502],[-79.538717,8.950214],[-79.538745,8.950221],[-79.538806,8.95022],[-79.538811,8.950157],[-79.538828,8.949938]]}},{"type":"Feature","properties":{"name":null,"highway":"service"},"geometry":{"type":"LineString","coordinates":[[-79.538874,8.949709],[-79.538968,8.949691],[-79.539064,8.949672]]}},{"type":"Feature","properties":{"name":null,"highway":"service"},"geometry":{"type":"LineString","coordinates":[[-79.540123,8.949556],[-79.539955,8.949399],[-79.539774,8.949266]]}},{"type":"Feature","properties":{"name":null,"highway":"service"},"geometry":{"type":"LineString","coordinates":[[-79.539774,8.949266],[-79.539298,8.949426],[-79.53915,8.949483],[-79.539105,8.949512],[-79.539076,8.94957],[-79.539064,8.949672]]}},{"type":"Feature","properties":{"name":null,"highway":"service"},"geometry":{"type":"LineString","coordinates":[[-79.539774,8.949266],[-79.539748,8.949132],[-79.539736,8.949107],[-79.539691,8.94908],[-79.539041,8.94877],[-79.53882,8.948677],[-79.538748,8.948661],[-79.538722,8.948664],[-79.538703,8.948673],[-79.538681,8.948729],[-79.538672,8.948803]]}},{"type":"Feature","properties":{"name":null,"highway":"service"},"geometry":{"type":"LineString","coordinates":[[-79.538847,8.948848],[-79.539412,8.949118],[-79.539711,8.94925],[-79.539774,8.949266]]}},{"type":"Feature","properties":{"name":null,"highway":"service"},"geometry":{"type":"LineString","coordinates":[[-79.539304,8.949851],[-79.53918,8.949749],[-79.539098,8.949683],[-79.539064,8.949672]]}},{"type":"Feature","properties":{"name":null,"highway":"footway"},"geometry":{"type":"LineString","coordinates":[[-79.554715,8.960237],[-79.554813,8.960241],[-79.554844,8.96024],[-79.554859,8.960237],[-79.554874,8.960226],[-79.554893,8.960197],[-79.554904,8.960164]]}},{"type":"Feature","properties":{"name":null,"highway":"footway"},"geometry":{"type":"LineString","coordinates":[[-79.554602,8.960553],[-79.554671,8.960354],[-79.554715,8.960237],[-79.554754,8.960154],[-79.554803,8.960094]]}},{"type":"Feature","properties":{"name":null,"highway":"footway"},"geometry":{"type":"LineString","coordinates":[[-79.555228,8.96074],[-79.554847,8.960605],[-79.554602,8.960553],[-79.554396,8.96052],[-79.554065,8.960421],[-79.553997,8.960399]]}},{"type":"Feature","properties":{"name":"Calle 4a Este","highway":"residential"},"geometry":{"type":"LineString","coordinates":[[-79.533751,8.953074],[-79.533729,8.953313],[-79.53371,8.953529]]}},{"type":"Feature","properties":{"name":"Cuarto Puente","highway":"construction"},"geometry":{"type":"LineString","coordinates":[[-79.554407,8.966804],[-79.554563,8.966293],[-79.554643,8.965638],[-79.554681,8.963686],[-79.554743,8.963312],[-79.554898,8.962843],[-79.555236,8.962309]]}},{"type":"Feature","properties":{"name":"Cuarto Puente","highway":"construction"},"geometry":{"type":"LineString","coordinates":[[-79.555236,8.962309],[-79.555566,8.96188],[-79.556172,8.961191],[-79.556491,8.960802],[-79.556929,8.960343]]}},{"type":"Feature","properties":{"name":"Cuarto Puente","highway":"construction"},"geometry":{"type":"LineString","coordinates":[[-79.555118,8.962232],[-79.554769,8.96276],[-79.554581,8.963215],[-79.554456,8.963671],[-79.554359,8.964704],[-79.554356,8.965685],[-79.5543,8.966355],[-79.554214,8.966699]]}},{"type":"Feature","properties":{"name":"Calle 23 Este","highway":"secondary"},"geometry":{"type":"LineString","coordinates":[[-79.540677,8.962318],[-79.540771,8.962351]]}},{"type":"Feature","properties":{"name":"Avenida B","highway":"secondary"},"geometry":{"type":"LineString","coordinates":[[-79.540782,8.961768],[-79.540695,8.962223],[-79.540677,8.962318]]}}]}